<?xml version='1.0' encoding='utf-8'?>
<osm version="0.6" generator="UB-DigitalTwin lanelet refit">
  <MetaInfo format_version="1" map_version="v1.1.0-refit" />
  <node id="1" lat="42.99266279850" lon="-78.79340189987">
    <tag k="local_x" v="-73.991499" />
    <tag k="local_y" v="4.970519" />
    <tag k="ele" v="-0.1194" />
  </node>
  <node id="2" lat="42.99265656118" lon="-78.79482525400">
    <tag k="local_x" v="-190.067001" />
    <tag k="local_y" v="4.279836" />
    <tag k="ele" v="-0.2626" />
  </node>
  <node id="4" lat="42.99256448843" lon="-78.79340056881">
    <tag k="local_x" v="-73.883068" />
    <tag k="local_y" v="-5.951003" />
    <tag k="ele" v="-0.1194" />
  </node>
  <node id="5" lat="42.99255805637" lon="-78.79487018304">
    <tag k="local_x" v="-193.731304" />
    <tag k="local_y" v="-6.663217" />
    <tag k="ele" v="-0.2626" />
  </node>
  <node id="137" lat="42.99261364346" lon="-78.79340123433">
    <tag k="local_x" v="-73.937284" />
    <tag k="local_y" v="-0.490242" />
    <tag k="ele" v="-0.1194" />
  </node>
  <node id="258" lat="42.99260741675" lon="-78.79482202650">
    <tag k="local_x" v="-189.803948" />
    <tag k="local_y" v="-1.179754" />
    <tag k="ele" v="-0.2626" />
  </node>
  <node id="263" lat="42.99265091784" lon="-78.79619398452">
    <tag k="local_x" v="-301.687930" />
    <tag k="local_y" v="3.656907" />
    <tag k="ele" v="-0.2335" />
  </node>
  <node id="266" lat="42.99255253640" lon="-78.79620977520">
    <tag k="local_x" v="-302.976154" />
    <tag k="local_y" v="-7.272485" />
    <tag k="ele" v="-0.2335" />
  </node>
  <node id="269" lat="42.99265000096" lon="-78.79640794988">
    <tag k="local_x" v="-319.136957" />
    <tag k="local_y" v="3.555840" />
    <tag k="ele" v="-0.1673" />
  </node>
  <node id="270" lat="42.99263245357" lon="-78.79768727563">
    <tag k="local_x" v="-423.466970" />
    <tag k="local_y" v="1.612108" />
    <tag k="ele" v="-0.136" />
  </node>
  <node id="272" lat="42.99255203731" lon="-78.79634149156">
    <tag k="local_x" v="-313.717734" />
    <tag k="local_y" v="-7.327447" />
    <tag k="ele" v="-0.1673" />
  </node>
  <node id="273" lat="42.99253430574" lon="-78.79769056454">
    <tag k="local_x" v="-423.735857" />
    <tag k="local_y" v="-9.291373" />
    <tag k="ele" v="-0.136" />
  </node>
  <node id="276" lat="42.99271393603" lon="-78.79776264816">
    <tag k="local_x" v="-429.613086" />
    <tag k="local_y" v="10.664588" />
    <tag k="ele" v="-0.1205" />
  </node>
  <node id="277" lat="42.99413420390" lon="-78.79776772285">
    <tag k="local_x" v="-430.017028" />
    <tag k="local_y" v="168.445876" />
    <tag k="ele" v="-0.2021" />
  </node>
  <node id="279" lat="42.99271298168" lon="-78.79787538459">
    <tag k="local_x" v="-438.806816" />
    <tag k="local_y" v="10.559150" />
    <tag k="ele" v="-0.1205" />
  </node>
  <node id="280" lat="42.99415343438" lon="-78.79788050477">
    <tag k="local_x" v="-439.214113" />
    <tag k="local_y" v="170.582824" />
    <tag k="ele" v="-0.2021" />
  </node>
  <node id="382" lat="42.99260176187" lon="-78.79619349952">
    <tag k="local_x" v="-301.648618" />
    <tag k="local_y" v="-1.803958" />
    <tag k="ele" v="-0.2335" />
  </node>
  <node id="384" lat="42.99260084246" lon="-78.79640795375">
    <tag k="local_x" v="-319.137527" />
    <tag k="local_y" v="-1.905306" />
    <tag k="ele" v="-0.1673" />
  </node>
  <node id="495" lat="42.99258334542" lon="-78.79768821429">
    <tag k="local_x" v="-423.543855" />
    <tag k="local_y" v="-3.843439" />
    <tag k="ele" v="-0.136" />
  </node>
  <node id="497" lat="42.99268341087" lon="-78.79486218732">
    <tag k="local_x" v="-193.078854" />
    <tag k="local_y" v="7.262721" />
    <tag k="ele" v="-0.3118" />
  </node>
  <node id="498" lat="42.99415930442" lon="-78.79487043970">
    <tag k="local_x" v="-193.747205" />
    <tag k="local_y" v="171.223604" />
    <tag k="ele" v="-0.4149" />
  </node>
  <node id="500" lat="42.99268313357" lon="-78.79495670452">
    <tag k="local_x" v="-200.786794" />
    <tag k="local_y" v="7.232137" />
    <tag k="ele" v="-0.3118" />
  </node>
  <node id="501" lat="42.99415902067" lon="-78.79496495912">
    <tag k="local_x" v="-201.455141" />
    <tag k="local_y" v="171.192304" />
    <tag k="ele" v="-0.4149" />
  </node>
  <node id="504" lat="42.99268284284" lon="-78.79517689403">
    <tag k="local_x" v="-218.743391" />
    <tag k="local_y" v="7.200389" />
    <tag k="ele" v="-0.436" />
  </node>
  <node id="505" lat="42.99414471171" lon="-78.79520733051">
    <tag k="local_x" v="-221.220262" />
    <tag k="local_y" v="169.603293" />
    <tag k="ele" v="-0.245" />
  </node>
  <node id="507" lat="42.99268173256" lon="-78.79527439226">
    <tag k="local_x" v="-226.694438" />
    <tag k="local_y" v="7.077303" />
    <tag k="ele" v="-0.436" />
  </node>
  <node id="508" lat="42.99414358159" lon="-78.79530483063">
    <tag k="local_x" v="-229.171275" />
    <tag k="local_y" v="169.478007" />
    <tag k="ele" v="-0.245" />
  </node>
  <node id="511" lat="42.99271346170" lon="-78.79781776562">
    <tag k="local_x" v="-434.107951" />
    <tag k="local_y" v="10.612177" />
    <tag k="ele" v="-0.1205" />
  </node>
  <node id="672" lat="42.99413382310" lon="-78.79782284249">
    <tag k="local_x" v="-434.511967" />
    <tag k="local_y" v="168.403855" />
    <tag k="ele" v="-0.2021" />
  </node>
  <node id="674" lat="42.99416134857" lon="-78.79773099094">
    <tag k="local_x" v="-427.021399" />
    <tag k="local_y" v="171.461262" />
    <tag k="ele" v="-0.1166" />
  </node>
  <node id="677" lat="42.99423853763" lon="-78.79775217307">
    <tag k="local_x" v="-428.748238" />
    <tag k="local_y" v="180.036504" />
    <tag k="ele" v="-0.1166" />
  </node>
  <node id="681" lat="42.99267776843" lon="-78.79623113762">
    <tag k="local_x" v="-304.717658" />
    <tag k="local_y" v="6.639943" />
    <tag k="ele" v="-0.529" />
  </node>
  <node id="682" lat="42.99413632108" lon="-78.79625138336">
    <tag k="local_x" v="-306.361467" />
    <tag k="local_y" v="168.674434" />
    <tag k="ele" v="-0.004" />
  </node>
  <node id="684" lat="42.99267719940" lon="-78.79637156840">
    <tag k="local_x" v="-316.169883" />
    <tag k="local_y" v="6.577247" />
    <tag k="ele" v="-0.529" />
  </node>
  <node id="685" lat="42.99413942159" lon="-78.79639186065">
    <tag k="local_x" v="-317.817194" />
    <tag k="local_y" v="169.019400" />
    <tag k="ele" v="-0.004" />
  </node>
  <node id="720" lat="42.99255708201" lon="-78.79511232872">
    <tag k="local_x" v="-213.478483" />
    <tag k="local_y" v="-6.770874" />
    <tag k="ele" v="-0.2394" />
  </node>
  <node id="721" lat="42.99260623849" lon="-78.79511268994">
    <tag k="local_x" v="-213.507771" />
    <tag k="local_y" v="-1.309953" />
    <tag k="ele" v="-0.2442" />
  </node>
  <node id="4098" lat="42.99268906134" lon="-78.79627421156">
    <tag k="local_x" v="-308.230310" />
    <tag k="local_y" v="7.894659" />
    <tag k="ele" v="-0.529" />
  </node>
  <node id="4263" lat="42.99413200382" lon="-78.79629424949">
    <tag k="local_x" v="-309.857166" />
    <tag k="local_y" v="168.194975" />
    <tag k="ele" v="-0.004" />
  </node>
  <node id="4267" lat="42.99419998278" lon="-78.79773117069">
    <tag k="local_x" v="-427.035790" />
    <tag k="local_y" v="175.753238" />
    <tag k="ele" v="-0.1166" />
  </node>
  <node id="4502" lat="42.99420923312" lon="-78.79530114427">
    <tag k="local_x" v="-228.870414" />
    <tag k="local_y" v="176.771397" />
    <tag k="ele" v="-0.3715" />
  </node>
  <node id="4503" lat="42.99424786708" lon="-78.79530140291">
    <tag k="local_x" v="-228.891362" />
    <tag k="local_y" v="181.063346" />
    <tag k="ele" v="-0.2634" />
  </node>
  <node id="16740" lat="42.99421035916" lon="-78.79501345632">
    <tag k="local_x" v="-205.409853" />
    <tag k="local_y" v="176.895748" />
    <tag k="ele" v="-0.402" />
  </node>
  <node id="16741" lat="42.99424899301" lon="-78.79501374413">
    <tag k="local_x" v="-205.433195" />
    <tag k="local_y" v="181.187685" />
    <tag k="ele" v="-0.3368" />
  </node>
  <node id="16790" lat="42.99420908396" lon="-78.79534245754">
    <tag k="local_x" v="-232.239454" />
    <tag k="local_y" v="176.754941" />
    <tag k="ele" v="-0.3702" />
  </node>
  <node id="16791" lat="42.99417045000" lon="-78.79534219886">
    <tag k="local_x" v="-232.218505" />
    <tag k="local_y" v="172.462992" />
    <tag k="ele" v="-0.19" />
  </node>
  <node id="16859" lat="42.99420491929" lon="-78.79642926405">
    <tag k="local_x" v="-320.867052" />
    <tag k="local_y" v="176.295853" />
    <tag k="ele" v="-0.2596" />
  </node>
  <node id="16860" lat="42.99416628538" lon="-78.79642899210">
    <tag k="local_x" v="-320.845076" />
    <tag k="local_y" v="172.003910" />
    <tag k="ele" v="-0.1533" />
  </node>
  <node id="16900" lat="42.99420582161" lon="-78.79619933485">
    <tag k="local_x" v="-302.116637" />
    <tag k="local_y" v="176.395242" />
    <tag k="ele" v="-0.2774" />
  </node>
  <node id="16901" lat="42.99416718770" lon="-78.79619906120">
    <tag k="local_x" v="-302.094510" />
    <tag k="local_y" v="172.103299" />
    <tag k="ele" v="-0.1716" />
  </node>
  <node id="17181" lat="42.99260542158" lon="-78.79531022775">
    <tag k="local_x" v="-229.617129" />
    <tag k="local_y" v="-1.400184" />
    <tag k="ele" v="-0.2426" />
  </node>
  <node id="17182" lat="42.99265457798" lon="-78.79531060798">
    <tag k="local_x" v="-229.647954" />
    <tag k="local_y" v="4.060729" />
    <tag k="ele" v="-0.2394" />
  </node>
  <node id="17215" lat="42.99261358711" lon="-78.79341285680">
    <tag k="local_x" v="-74.885105" />
    <tag k="local_y" v="-0.496492" />
    <tag k="ele" v="-0.12" />
  </node>
  <node id="17216" lat="42.99256443099" lon="-78.79341241448">
    <tag k="local_x" v="-74.849092" />
    <tag k="local_y" v="-5.957374" />
    <tag k="ele" v="-0.191" />
  </node>
  <node id="17240" lat="42.99420961157" lon="-78.79519966342">
    <tag k="local_x" v="-220.594788" />
    <tag k="local_y" v="176.813169" />
    <tag k="ele" v="-0.3817" />
  </node>
  <node id="17241" lat="42.99417097772" lon="-78.79519937551">
    <tag k="local_x" v="-220.571448" />
    <tag k="local_y" v="172.521232" />
    <tag k="ele" v="-0.2267" />
  </node>
  <node id="17247" lat="42.99420511105" lon="-78.79637867543">
    <tag k="local_x" v="-316.741619" />
    <tag k="local_y" v="176.316964" />
    <tag k="ele" v="-0.2596" />
  </node>
  <node id="17248" lat="42.99424374496" lon="-78.79637894735">
    <tag k="local_x" v="-316.763595" />
    <tag k="local_y" v="180.608908" />
    <tag k="ele" v="-0.19" />
  </node>
  <node id="17355" lat="42.99269052480" lon="-78.79518440282">
    <tag k="local_x" v="-219.355710" />
    <tag k="local_y" v="8.053817" />
    <tag k="ele" v="-0.34" />
  </node>
  <node id="17356" lat="42.99268821553" lon="-78.79526267644">
    <tag k="local_x" v="-225.738982" />
    <tag k="local_y" v="7.797482" />
    <tag k="ele" v="-0.3434" />
  </node>
  <node id="17358" lat="42.99268765415" lon="-78.79527925026">
    <tag k="local_x" v="-227.090589" />
    <tag k="local_y" v="7.735161" />
    <tag k="ele" v="1.4612" />
  </node>
  <node id="17359" lat="42.99268703923" lon="-78.79530012345">
    <tag k="local_x" v="-228.792813" />
    <tag k="local_y" v="7.666904" />
    <tag k="ele" v="1.4602" />
  </node>
  <node id="17362" lat="42.99269185097" lon="-78.79627960772">
    <tag k="local_x" v="-308.670356" />
    <tag k="local_y" v="8.204586" />
    <tag k="ele" v="-0.4515" />
  </node>
  <node id="17363" lat="42.99268087869" lon="-78.79636555279">
    <tag k="local_x" v="-315.679287" />
    <tag k="local_y" v="6.985966" />
    <tag k="ele" v="-0.4611" />
  </node>
  <node id="17365" lat="42.99267992847" lon="-78.79637630936">
    <tag k="local_x" v="-316.556496" />
    <tag k="local_y" v="6.880444" />
    <tag k="ele" v="1.3517" />
  </node>
  <node id="17366" lat="42.99267700238" lon="-78.79639922669">
    <tag k="local_x" v="-318.425435" />
    <tag k="local_y" v="6.555464" />
    <tag k="ele" v="1.3492" />
  </node>
  <node id="17369" lat="42.99260408527" lon="-78.79618419805">
    <tag k="local_x" v="-300.890065" />
    <tag k="local_y" v="-1.545879" />
    <tag k="ele" v="-0.0159" />
  </node>
  <node id="17370" lat="42.99264955581" lon="-78.79618442910">
    <tag k="local_x" v="-300.908686" />
    <tag k="local_y" v="3.505561" />
    <tag k="ele" v="-0.0156" />
  </node>
  <node id="17372" lat="42.99265425424" lon="-78.79618407080">
    <tag k="local_x" v="-300.879443" />
    <tag k="local_y" v="4.027521" />
    <tag k="ele" v="1.784" />
  </node>
  <node id="17373" lat="42.99266358965" lon="-78.79618410958">
    <tag k="local_x" v="-300.882560" />
    <tag k="local_y" v="5.064616" />
    <tag k="ele" v="1.784" />
  </node>
  <node id="17383" lat="42.99420087805" lon="-78.79644140599">
    <tag k="local_x" v="-321.857232" />
    <tag k="local_y" v="175.846948" />
    <tag k="ele" v="-0.0119" />
  </node>
  <node id="17384" lat="42.99416989481" lon="-78.79644495298">
    <tag k="local_x" v="-322.146646" />
    <tag k="local_y" v="172.404952" />
    <tag k="ele" v="-0.0158" />
  </node>
  <node id="17386" lat="42.99416400854" lon="-78.79644603547">
    <tag k="local_x" v="-322.234952" />
    <tag k="local_y" v="171.751035" />
    <tag k="ele" v="1.7894" />
  </node>
  <node id="17387" lat="42.99415574634" lon="-78.79644698182">
    <tag k="local_x" v="-322.312169" />
    <tag k="local_y" v="170.833170" />
    <tag k="ele" v="1.7884" />
  </node>
  <node id="17397" lat="42.99260662551" lon="-78.79501494160">
    <tag k="local_x" v="-205.536319" />
    <tag k="local_y" v="-1.267201" />
    <tag k="ele" v="-0.2539" />
  </node>
  <node id="17398" lat="42.99255746903" lon="-78.79501458045">
    <tag k="local_x" v="-205.507031" />
    <tag k="local_y" v="-6.728122" />
    <tag k="ele" v="-0.2539" />
  </node>
  <node id="17474" lat="42.99420566587" lon="-78.79623763551">
    <tag k="local_x" v="-305.240004" />
    <tag k="local_y" v="176.378078" />
    <tag k="ele" v="-0.271" />
  </node>
  <node id="17475" lat="42.99424429970" lon="-78.79623792698">
    <tag k="local_x" v="-305.263582" />
    <tag k="local_y" v="180.670014" />
    <tag k="ele" v="-0.2267" />
  </node>
  <node id="17523" lat="42.99413133184" lon="-78.79629264292">
    <tag k="local_x" v="-309.726156" />
    <tag k="local_y" v="168.120318" />
    <tag k="ele" v="-0.065" />
  </node>
  <node id="17524" lat="42.99413399393" lon="-78.79625250256">
    <tag k="local_x" v="-306.452747" />
    <tag k="local_y" v="168.415910" />
    <tag k="ele" v="-0.0554" />
  </node>
  <node id="17526" lat="42.99413414862" lon="-78.79624920596">
    <tag k="local_x" v="-306.183913" />
    <tag k="local_y" v="168.433082" />
    <tag k="ele" v="1.7318" />
  </node>
  <node id="17527" lat="42.99413485885" lon="-78.79623850114">
    <tag k="local_x" v="-305.310946" />
    <tag k="local_y" v="168.511944" />
    <tag k="ele" v="1.7343" />
  </node>
  <node id="17530" lat="42.99415580894" lon="-78.79495235117">
    <tag k="local_x" v="-200.426990" />
    <tag k="local_y" v="170.835474" />
    <tag k="ele" v="-0.386" />
  </node>
  <node id="17531" lat="42.99415649549" lon="-78.79487399095">
    <tag k="local_x" v="-194.036814" />
    <tag k="local_y" v="170.911560" />
    <tag k="ele" v="-0.3878" />
  </node>
  <node id="17533" lat="42.99415642154" lon="-78.79486811386">
    <tag k="local_x" v="-193.557545" />
    <tag k="local_y" v="170.903332" />
    <tag k="ele" v="1.4147" />
  </node>
  <node id="17534" lat="42.99415660491" lon="-78.79484721781">
    <tag k="local_x" v="-191.853498" />
    <tag k="local_y" v="170.923655" />
    <tag k="ele" v="1.4142" />
  </node>
  <node id="17537" lat="42.99266273923" lon="-78.79341406524">
    <tag k="local_x" v="-74.983594" />
    <tag k="local_y" v="4.963945" />
    <tag k="ele" v="0" />
  </node>
  <node id="17538" lat="42.99266267995" lon="-78.79342623061">
    <tag k="local_x" v="-75.975688" />
    <tag k="local_y" v="4.957370" />
    <tag k="ele" v="0" />
  </node>
  <node id="17539" lat="42.99266262067" lon="-78.79343839598">
    <tag k="local_x" v="-76.967782" />
    <tag k="local_y" v="4.950796" />
    <tag k="ele" v="0" />
  </node>
  <node id="17540" lat="42.99266256138" lon="-78.79345056135">
    <tag k="local_x" v="-77.959876" />
    <tag k="local_y" v="4.944221" />
    <tag k="ele" v="0" />
  </node>
  <node id="17541" lat="42.99266250210" lon="-78.79346272672">
    <tag k="local_x" v="-78.951970" />
    <tag k="local_y" v="4.937647" />
    <tag k="ele" v="0" />
  </node>
  <node id="17542" lat="42.99266244282" lon="-78.79347489209">
    <tag k="local_x" v="-79.944064" />
    <tag k="local_y" v="4.931072" />
    <tag k="ele" v="0" />
  </node>
  <node id="17543" lat="42.99266238353" lon="-78.79348705746">
    <tag k="local_x" v="-80.936159" />
    <tag k="local_y" v="4.924498" />
    <tag k="ele" v="0" />
  </node>
  <node id="17544" lat="42.99266232425" lon="-78.79349922283">
    <tag k="local_x" v="-81.928253" />
    <tag k="local_y" v="4.917923" />
    <tag k="ele" v="0" />
  </node>
  <node id="17545" lat="42.99266226494" lon="-78.79351138820">
    <tag k="local_x" v="-82.920347" />
    <tag k="local_y" v="4.911347" />
    <tag k="ele" v="0" />
  </node>
  <node id="17546" lat="42.99266220556" lon="-78.79352355357">
    <tag k="local_x" v="-83.912441" />
    <tag k="local_y" v="4.904761" />
    <tag k="ele" v="0" />
  </node>
  <node id="17547" lat="42.99266214606" lon="-78.79353571894">
    <tag k="local_x" v="-84.904535" />
    <tag k="local_y" v="4.898164" />
    <tag k="ele" v="0" />
  </node>
  <node id="17548" lat="42.99266208656" lon="-78.79354788430">
    <tag k="local_x" v="-85.896629" />
    <tag k="local_y" v="4.891566" />
    <tag k="ele" v="0" />
  </node>
  <node id="17549" lat="42.99266202706" lon="-78.79356004967">
    <tag k="local_x" v="-86.888723" />
    <tag k="local_y" v="4.884969" />
    <tag k="ele" v="0" />
  </node>
  <node id="17550" lat="42.99266196756" lon="-78.79357221504">
    <tag k="local_x" v="-87.880817" />
    <tag k="local_y" v="4.878371" />
    <tag k="ele" v="0" />
  </node>
  <node id="17551" lat="42.99266190805" lon="-78.79358438041">
    <tag k="local_x" v="-88.872911" />
    <tag k="local_y" v="4.871774" />
    <tag k="ele" v="0" />
  </node>
  <node id="17552" lat="42.99266184855" lon="-78.79359654578">
    <tag k="local_x" v="-89.865005" />
    <tag k="local_y" v="4.865176" />
    <tag k="ele" v="0" />
  </node>
  <node id="17553" lat="42.99266178905" lon="-78.79360871114">
    <tag k="local_x" v="-90.857099" />
    <tag k="local_y" v="4.858579" />
    <tag k="ele" v="0" />
  </node>
  <node id="17554" lat="42.99266172954" lon="-78.79362087651">
    <tag k="local_x" v="-91.849193" />
    <tag k="local_y" v="4.851981" />
    <tag k="ele" v="0" />
  </node>
  <node id="17555" lat="42.99266167003" lon="-78.79363304188">
    <tag k="local_x" v="-92.841287" />
    <tag k="local_y" v="4.845384" />
    <tag k="ele" v="0" />
  </node>
  <node id="17556" lat="42.99266161052" lon="-78.79364520725">
    <tag k="local_x" v="-93.833381" />
    <tag k="local_y" v="4.838786" />
    <tag k="ele" v="0" />
  </node>
  <node id="17557" lat="42.99266155101" lon="-78.79365737262">
    <tag k="local_x" v="-94.825475" />
    <tag k="local_y" v="4.832189" />
    <tag k="ele" v="0" />
  </node>
  <node id="17558" lat="42.99266149150" lon="-78.79366953798">
    <tag k="local_x" v="-95.817569" />
    <tag k="local_y" v="4.825591" />
    <tag k="ele" v="0" />
  </node>
  <node id="17559" lat="42.99266143199" lon="-78.79368170335">
    <tag k="local_x" v="-96.809663" />
    <tag k="local_y" v="4.818994" />
    <tag k="ele" v="0" />
  </node>
  <node id="17560" lat="42.99266137247" lon="-78.79369386872">
    <tag k="local_x" v="-97.801757" />
    <tag k="local_y" v="4.812396" />
    <tag k="ele" v="0" />
  </node>
  <node id="17561" lat="42.99266131296" lon="-78.79370603409">
    <tag k="local_x" v="-98.793851" />
    <tag k="local_y" v="4.805799" />
    <tag k="ele" v="0" />
  </node>
  <node id="17562" lat="42.99266125344" lon="-78.79371819945">
    <tag k="local_x" v="-99.785945" />
    <tag k="local_y" v="4.799201" />
    <tag k="ele" v="0" />
  </node>
  <node id="17563" lat="42.99266119392" lon="-78.79373036482">
    <tag k="local_x" v="-100.778039" />
    <tag k="local_y" v="4.792603" />
    <tag k="ele" v="0" />
  </node>
  <node id="17564" lat="42.99266113440" lon="-78.79374253019">
    <tag k="local_x" v="-101.770133" />
    <tag k="local_y" v="4.786006" />
    <tag k="ele" v="0" />
  </node>
  <node id="17565" lat="42.99266107946" lon="-78.79375469560">
    <tag k="local_x" v="-102.762230" />
    <tag k="local_y" v="4.779917" />
    <tag k="ele" v="0" />
  </node>
  <node id="17566" lat="42.99266102813" lon="-78.79376686103">
    <tag k="local_x" v="-103.754330" />
    <tag k="local_y" v="4.774230" />
    <tag k="ele" v="0" />
  </node>
  <node id="17567" lat="42.99266097683" lon="-78.79377902647">
    <tag k="local_x" v="-104.746430" />
    <tag k="local_y" v="4.768546" />
    <tag k="ele" v="0" />
  </node>
  <node id="17568" lat="42.99266092553" lon="-78.79379119191">
    <tag k="local_x" v="-105.738529" />
    <tag k="local_y" v="4.762862" />
    <tag k="ele" v="0" />
  </node>
  <node id="17569" lat="42.99266087422" lon="-78.79380335735">
    <tag k="local_x" v="-106.730629" />
    <tag k="local_y" v="4.757178" />
    <tag k="ele" v="0" />
  </node>
  <node id="17570" lat="42.99266082292" lon="-78.79381552278">
    <tag k="local_x" v="-107.722729" />
    <tag k="local_y" v="4.751494" />
    <tag k="ele" v="0" />
  </node>
  <node id="17571" lat="42.99266077161" lon="-78.79382768822">
    <tag k="local_x" v="-108.714828" />
    <tag k="local_y" v="4.745810" />
    <tag k="ele" v="0" />
  </node>
  <node id="17572" lat="42.99266072030" lon="-78.79383985366">
    <tag k="local_x" v="-109.706928" />
    <tag k="local_y" v="4.740125" />
    <tag k="ele" v="0" />
  </node>
  <node id="17573" lat="42.99266066899" lon="-78.79385201909">
    <tag k="local_x" v="-110.699028" />
    <tag k="local_y" v="4.734441" />
    <tag k="ele" v="0" />
  </node>
  <node id="17574" lat="42.99266061768" lon="-78.79386418453">
    <tag k="local_x" v="-111.691127" />
    <tag k="local_y" v="4.728757" />
    <tag k="ele" v="0" />
  </node>
  <node id="17575" lat="42.99266056637" lon="-78.79387634997">
    <tag k="local_x" v="-112.683227" />
    <tag k="local_y" v="4.723073" />
    <tag k="ele" v="0" />
  </node>
  <node id="17576" lat="42.99266051506" lon="-78.79388851540">
    <tag k="local_x" v="-113.675327" />
    <tag k="local_y" v="4.717389" />
    <tag k="ele" v="0" />
  </node>
  <node id="17577" lat="42.99266046374" lon="-78.79390068084">
    <tag k="local_x" v="-114.667426" />
    <tag k="local_y" v="4.711705" />
    <tag k="ele" v="0" />
  </node>
  <node id="17578" lat="42.99266041243" lon="-78.79391284628">
    <tag k="local_x" v="-115.659526" />
    <tag k="local_y" v="4.706020" />
    <tag k="ele" v="0" />
  </node>
  <node id="17579" lat="42.99266036111" lon="-78.79392501172">
    <tag k="local_x" v="-116.651625" />
    <tag k="local_y" v="4.700336" />
    <tag k="ele" v="0" />
  </node>
  <node id="17580" lat="42.99266030979" lon="-78.79393717715">
    <tag k="local_x" v="-117.643725" />
    <tag k="local_y" v="4.694652" />
    <tag k="ele" v="0" />
  </node>
  <node id="17581" lat="42.99266025847" lon="-78.79394934259">
    <tag k="local_x" v="-118.635825" />
    <tag k="local_y" v="4.688968" />
    <tag k="ele" v="0" />
  </node>
  <node id="17582" lat="42.99266020715" lon="-78.79396150803">
    <tag k="local_x" v="-119.627924" />
    <tag k="local_y" v="4.683284" />
    <tag k="ele" v="0" />
  </node>
  <node id="17583" lat="42.99266015583" lon="-78.79397367346">
    <tag k="local_x" v="-120.620024" />
    <tag k="local_y" v="4.677600" />
    <tag k="ele" v="0" />
  </node>
  <node id="17584" lat="42.99266010451" lon="-78.79398583890">
    <tag k="local_x" v="-121.612124" />
    <tag k="local_y" v="4.671916" />
    <tag k="ele" v="0" />
  </node>
  <node id="17585" lat="42.99266005318" lon="-78.79399800434">
    <tag k="local_x" v="-122.604223" />
    <tag k="local_y" v="4.666232" />
    <tag k="ele" v="0" />
  </node>
  <node id="17586" lat="42.99266000185" lon="-78.79401016977">
    <tag k="local_x" v="-123.596323" />
    <tag k="local_y" v="4.660547" />
    <tag k="ele" v="0" />
  </node>
  <node id="17587" lat="42.99265995053" lon="-78.79402233521">
    <tag k="local_x" v="-124.588423" />
    <tag k="local_y" v="4.654863" />
    <tag k="ele" v="0" />
  </node>
  <node id="17588" lat="42.99265989920" lon="-78.79403450065">
    <tag k="local_x" v="-125.580522" />
    <tag k="local_y" v="4.649179" />
    <tag k="ele" v="0" />
  </node>
  <node id="17589" lat="42.99265984787" lon="-78.79404666608">
    <tag k="local_x" v="-126.572622" />
    <tag k="local_y" v="4.643495" />
    <tag k="ele" v="0" />
  </node>
  <node id="17590" lat="42.99265979654" lon="-78.79405883152">
    <tag k="local_x" v="-127.564722" />
    <tag k="local_y" v="4.637811" />
    <tag k="ele" v="0" />
  </node>
  <node id="17591" lat="42.99265974521" lon="-78.79407099696">
    <tag k="local_x" v="-128.556821" />
    <tag k="local_y" v="4.632127" />
    <tag k="ele" v="0" />
  </node>
  <node id="17592" lat="42.99265969388" lon="-78.79408316239">
    <tag k="local_x" v="-129.548921" />
    <tag k="local_y" v="4.626443" />
    <tag k="ele" v="0" />
  </node>
  <node id="17593" lat="42.99265964254" lon="-78.79409532783">
    <tag k="local_x" v="-130.541021" />
    <tag k="local_y" v="4.620759" />
    <tag k="ele" v="0" />
  </node>
  <node id="17594" lat="42.99265959121" lon="-78.79410749327">
    <tag k="local_x" v="-131.533120" />
    <tag k="local_y" v="4.615075" />
    <tag k="ele" v="0" />
  </node>
  <node id="17595" lat="42.99265953987" lon="-78.79411965870">
    <tag k="local_x" v="-132.525220" />
    <tag k="local_y" v="4.609391" />
    <tag k="ele" v="0" />
  </node>
  <node id="17596" lat="42.99265948853" lon="-78.79413182414">
    <tag k="local_x" v="-133.517320" />
    <tag k="local_y" v="4.603707" />
    <tag k="ele" v="0" />
  </node>
  <node id="17597" lat="42.99265943719" lon="-78.79414398958">
    <tag k="local_x" v="-134.509419" />
    <tag k="local_y" v="4.598023" />
    <tag k="ele" v="0" />
  </node>
  <node id="17598" lat="42.99265938585" lon="-78.79415615501">
    <tag k="local_x" v="-135.501519" />
    <tag k="local_y" v="4.592339" />
    <tag k="ele" v="0" />
  </node>
  <node id="17599" lat="42.99265933451" lon="-78.79416832045">
    <tag k="local_x" v="-136.493619" />
    <tag k="local_y" v="4.586655" />
    <tag k="ele" v="0" />
  </node>
  <node id="17600" lat="42.99265928316" lon="-78.79418048589">
    <tag k="local_x" v="-137.485718" />
    <tag k="local_y" v="4.580971" />
    <tag k="ele" v="0" />
  </node>
  <node id="17601" lat="42.99265923182" lon="-78.79419265132">
    <tag k="local_x" v="-138.477818" />
    <tag k="local_y" v="4.575287" />
    <tag k="ele" v="0" />
  </node>
  <node id="17602" lat="42.99265918047" lon="-78.79420481676">
    <tag k="local_x" v="-139.469918" />
    <tag k="local_y" v="4.569603" />
    <tag k="ele" v="0" />
  </node>
  <node id="17603" lat="42.99265912913" lon="-78.79421698220">
    <tag k="local_x" v="-140.462017" />
    <tag k="local_y" v="4.563919" />
    <tag k="ele" v="0" />
  </node>
  <node id="17604" lat="42.99265907778" lon="-78.79422914763">
    <tag k="local_x" v="-141.454117" />
    <tag k="local_y" v="4.558235" />
    <tag k="ele" v="0" />
  </node>
  <node id="17605" lat="42.99265902643" lon="-78.79424131307">
    <tag k="local_x" v="-142.446217" />
    <tag k="local_y" v="4.552551" />
    <tag k="ele" v="0" />
  </node>
  <node id="17606" lat="42.99265897508" lon="-78.79425347850">
    <tag k="local_x" v="-143.438316" />
    <tag k="local_y" v="4.546867" />
    <tag k="ele" v="0" />
  </node>
  <node id="17607" lat="42.99265892372" lon="-78.79426564394">
    <tag k="local_x" v="-144.430416" />
    <tag k="local_y" v="4.541183" />
    <tag k="ele" v="0" />
  </node>
  <node id="17608" lat="42.99265887237" lon="-78.79427780938">
    <tag k="local_x" v="-145.422516" />
    <tag k="local_y" v="4.535499" />
    <tag k="ele" v="0" />
  </node>
  <node id="17609" lat="42.99265882101" lon="-78.79428997481">
    <tag k="local_x" v="-146.414615" />
    <tag k="local_y" v="4.529814" />
    <tag k="ele" v="0" />
  </node>
  <node id="17610" lat="42.99265876966" lon="-78.79430214025">
    <tag k="local_x" v="-147.406715" />
    <tag k="local_y" v="4.524130" />
    <tag k="ele" v="0" />
  </node>
  <node id="17611" lat="42.99265871830" lon="-78.79431430569">
    <tag k="local_x" v="-148.398815" />
    <tag k="local_y" v="4.518446" />
    <tag k="ele" v="0" />
  </node>
  <node id="17612" lat="42.99265866694" lon="-78.79432647112">
    <tag k="local_x" v="-149.390914" />
    <tag k="local_y" v="4.512762" />
    <tag k="ele" v="0" />
  </node>
  <node id="17613" lat="42.99265861558" lon="-78.79433863656">
    <tag k="local_x" v="-150.383014" />
    <tag k="local_y" v="4.507078" />
    <tag k="ele" v="0" />
  </node>
  <node id="17614" lat="42.99265856422" lon="-78.79435080199">
    <tag k="local_x" v="-151.375114" />
    <tag k="local_y" v="4.501394" />
    <tag k="ele" v="0" />
  </node>
  <node id="17615" lat="42.99265851286" lon="-78.79436296743">
    <tag k="local_x" v="-152.367213" />
    <tag k="local_y" v="4.495710" />
    <tag k="ele" v="0" />
  </node>
  <node id="17616" lat="42.99265846149" lon="-78.79437513287">
    <tag k="local_x" v="-153.359313" />
    <tag k="local_y" v="4.490026" />
    <tag k="ele" v="0" />
  </node>
  <node id="17617" lat="42.99265841013" lon="-78.79438729830">
    <tag k="local_x" v="-154.351413" />
    <tag k="local_y" v="4.484342" />
    <tag k="ele" v="0" />
  </node>
  <node id="17618" lat="42.99265835876" lon="-78.79439946374">
    <tag k="local_x" v="-155.343512" />
    <tag k="local_y" v="4.478658" />
    <tag k="ele" v="0" />
  </node>
  <node id="17619" lat="42.99265830739" lon="-78.79441162917">
    <tag k="local_x" v="-156.335612" />
    <tag k="local_y" v="4.472974" />
    <tag k="ele" v="0" />
  </node>
  <node id="17620" lat="42.99265825602" lon="-78.79442379461">
    <tag k="local_x" v="-157.327711" />
    <tag k="local_y" v="4.467290" />
    <tag k="ele" v="0" />
  </node>
  <node id="17621" lat="42.99265820465" lon="-78.79443596005">
    <tag k="local_x" v="-158.319811" />
    <tag k="local_y" v="4.461606" />
    <tag k="ele" v="0" />
  </node>
  <node id="17622" lat="42.99265815328" lon="-78.79444812548">
    <tag k="local_x" v="-159.311911" />
    <tag k="local_y" v="4.455922" />
    <tag k="ele" v="0" />
  </node>
  <node id="17623" lat="42.99265810191" lon="-78.79446029092">
    <tag k="local_x" v="-160.304010" />
    <tag k="local_y" v="4.450238" />
    <tag k="ele" v="0" />
  </node>
  <node id="17624" lat="42.99265805053" lon="-78.79447245636">
    <tag k="local_x" v="-161.296110" />
    <tag k="local_y" v="4.444554" />
    <tag k="ele" v="0" />
  </node>
  <node id="17625" lat="42.99265799916" lon="-78.79448462179">
    <tag k="local_x" v="-162.288210" />
    <tag k="local_y" v="4.438870" />
    <tag k="ele" v="0" />
  </node>
  <node id="17626" lat="42.99265794778" lon="-78.79449678723">
    <tag k="local_x" v="-163.280309" />
    <tag k="local_y" v="4.433186" />
    <tag k="ele" v="0" />
  </node>
  <node id="17627" lat="42.99265789640" lon="-78.79450895266">
    <tag k="local_x" v="-164.272409" />
    <tag k="local_y" v="4.427502" />
    <tag k="ele" v="0" />
  </node>
  <node id="17628" lat="42.99265784502" lon="-78.79452111810">
    <tag k="local_x" v="-165.264509" />
    <tag k="local_y" v="4.421818" />
    <tag k="ele" v="0" />
  </node>
  <node id="17629" lat="42.99265779364" lon="-78.79453328353">
    <tag k="local_x" v="-166.256608" />
    <tag k="local_y" v="4.416134" />
    <tag k="ele" v="0" />
  </node>
  <node id="17630" lat="42.99265774226" lon="-78.79454544897">
    <tag k="local_x" v="-167.248708" />
    <tag k="local_y" v="4.410449" />
    <tag k="ele" v="0" />
  </node>
  <node id="17631" lat="42.99265769087" lon="-78.79455761441">
    <tag k="local_x" v="-168.240808" />
    <tag k="local_y" v="4.404765" />
    <tag k="ele" v="0" />
  </node>
  <node id="17632" lat="42.99265763949" lon="-78.79456977984">
    <tag k="local_x" v="-169.232907" />
    <tag k="local_y" v="4.399081" />
    <tag k="ele" v="0" />
  </node>
  <node id="17633" lat="42.99265758810" lon="-78.79458194528">
    <tag k="local_x" v="-170.225007" />
    <tag k="local_y" v="4.393397" />
    <tag k="ele" v="0" />
  </node>
  <node id="17634" lat="42.99265753672" lon="-78.79459411071">
    <tag k="local_x" v="-171.217107" />
    <tag k="local_y" v="4.387713" />
    <tag k="ele" v="0" />
  </node>
  <node id="17635" lat="42.99265748533" lon="-78.79460627615">
    <tag k="local_x" v="-172.209206" />
    <tag k="local_y" v="4.382029" />
    <tag k="ele" v="0" />
  </node>
  <node id="17636" lat="42.99265743394" lon="-78.79461844159">
    <tag k="local_x" v="-173.201306" />
    <tag k="local_y" v="4.376345" />
    <tag k="ele" v="0" />
  </node>
  <node id="17637" lat="42.99265738255" lon="-78.79463060702">
    <tag k="local_x" v="-174.193406" />
    <tag k="local_y" v="4.370661" />
    <tag k="ele" v="0" />
  </node>
  <node id="17638" lat="42.99265733115" lon="-78.79464277246">
    <tag k="local_x" v="-175.185505" />
    <tag k="local_y" v="4.364977" />
    <tag k="ele" v="0" />
  </node>
  <node id="17639" lat="42.99265727976" lon="-78.79465493789">
    <tag k="local_x" v="-176.177605" />
    <tag k="local_y" v="4.359293" />
    <tag k="ele" v="0" />
  </node>
  <node id="17640" lat="42.99265722837" lon="-78.79466710333">
    <tag k="local_x" v="-177.169705" />
    <tag k="local_y" v="4.353609" />
    <tag k="ele" v="0" />
  </node>
  <node id="17641" lat="42.99265717697" lon="-78.79467926876">
    <tag k="local_x" v="-178.161804" />
    <tag k="local_y" v="4.347925" />
    <tag k="ele" v="0" />
  </node>
  <node id="17642" lat="42.99265712557" lon="-78.79469143420">
    <tag k="local_x" v="-179.153904" />
    <tag k="local_y" v="4.342241" />
    <tag k="ele" v="0" />
  </node>
  <node id="17643" lat="42.99265707417" lon="-78.79470359963">
    <tag k="local_x" v="-180.146004" />
    <tag k="local_y" v="4.336557" />
    <tag k="ele" v="0" />
  </node>
  <node id="17644" lat="42.99265702277" lon="-78.79471576507">
    <tag k="local_x" v="-181.138103" />
    <tag k="local_y" v="4.330873" />
    <tag k="ele" v="0" />
  </node>
  <node id="17645" lat="42.99265697137" lon="-78.79472793051">
    <tag k="local_x" v="-182.130203" />
    <tag k="local_y" v="4.325189" />
    <tag k="ele" v="0" />
  </node>
  <node id="17646" lat="42.99265691997" lon="-78.79474009594">
    <tag k="local_x" v="-183.122303" />
    <tag k="local_y" v="4.319505" />
    <tag k="ele" v="0" />
  </node>
  <node id="17647" lat="42.99265686856" lon="-78.79475226138">
    <tag k="local_x" v="-184.114402" />
    <tag k="local_y" v="4.313821" />
    <tag k="ele" v="0" />
  </node>
  <node id="17648" lat="42.99265681716" lon="-78.79476442681">
    <tag k="local_x" v="-185.106502" />
    <tag k="local_y" v="4.308137" />
    <tag k="ele" v="0" />
  </node>
  <node id="17649" lat="42.99265676575" lon="-78.79477659225">
    <tag k="local_x" v="-186.098602" />
    <tag k="local_y" v="4.302453" />
    <tag k="ele" v="0" />
  </node>
  <node id="17650" lat="42.99265671456" lon="-78.79478875769">
    <tag k="local_x" v="-187.090701" />
    <tag k="local_y" v="4.296792" />
    <tag k="ele" v="0" />
  </node>
  <node id="17651" lat="42.99265666343" lon="-78.79480092312">
    <tag k="local_x" v="-188.082801" />
    <tag k="local_y" v="4.291140" />
    <tag k="ele" v="0" />
  </node>
  <node id="17652" lat="42.99265661231" lon="-78.79481308856">
    <tag k="local_x" v="-189.074901" />
    <tag k="local_y" v="4.285488" />
    <tag k="ele" v="0" />
  </node>
  <node id="17653" lat="42.99261358377" lon="-78.79341348249">
    <tag k="local_x" v="-74.936130" />
    <tag k="local_y" v="-0.496863" />
    <tag k="ele" v="0" />
  </node>
  <node id="17654" lat="42.99261352407" lon="-78.79342573065">
    <tag k="local_x" v="-75.934976" />
    <tag k="local_y" v="-0.503484" />
    <tag k="ele" v="0" />
  </node>
  <node id="17655" lat="42.99261346437" lon="-78.79343797881">
    <tag k="local_x" v="-76.933823" />
    <tag k="local_y" v="-0.510105" />
    <tag k="ele" v="0" />
  </node>
  <node id="17656" lat="42.99261340467" lon="-78.79345022697">
    <tag k="local_x" v="-77.932669" />
    <tag k="local_y" v="-0.516727" />
    <tag k="ele" v="0" />
  </node>
  <node id="17657" lat="42.99261334496" lon="-78.79346247512">
    <tag k="local_x" v="-78.931516" />
    <tag k="local_y" v="-0.523348" />
    <tag k="ele" v="0" />
  </node>
  <node id="17658" lat="42.99261328526" lon="-78.79347472328">
    <tag k="local_x" v="-79.930362" />
    <tag k="local_y" v="-0.529969" />
    <tag k="ele" v="0" />
  </node>
  <node id="17659" lat="42.99261322555" lon="-78.79348697144">
    <tag k="local_x" v="-80.929208" />
    <tag k="local_y" v="-0.536590" />
    <tag k="ele" v="0" />
  </node>
  <node id="17660" lat="42.99261316585" lon="-78.79349921960">
    <tag k="local_x" v="-81.928055" />
    <tag k="local_y" v="-0.543211" />
    <tag k="ele" v="0" />
  </node>
  <node id="17661" lat="42.99261310612" lon="-78.79351146776">
    <tag k="local_x" v="-82.926901" />
    <tag k="local_y" v="-0.549834" />
    <tag k="ele" v="0" />
  </node>
  <node id="17662" lat="42.99261304630" lon="-78.79352371591">
    <tag k="local_x" v="-83.925747" />
    <tag k="local_y" v="-0.556468" />
    <tag k="ele" v="0" />
  </node>
  <node id="17663" lat="42.99261298638" lon="-78.79353596407">
    <tag k="local_x" v="-84.924593" />
    <tag k="local_y" v="-0.563112" />
    <tag k="ele" v="0" />
  </node>
  <node id="17664" lat="42.99261292646" lon="-78.79354821223">
    <tag k="local_x" v="-85.923440" />
    <tag k="local_y" v="-0.569756" />
    <tag k="ele" v="0" />
  </node>
  <node id="17665" lat="42.99261286654" lon="-78.79356046038">
    <tag k="local_x" v="-86.922286" />
    <tag k="local_y" v="-0.576401" />
    <tag k="ele" v="0" />
  </node>
  <node id="17666" lat="42.99261280661" lon="-78.79357270854">
    <tag k="local_x" v="-87.921132" />
    <tag k="local_y" v="-0.583045" />
    <tag k="ele" v="0" />
  </node>
  <node id="17667" lat="42.99261274669" lon="-78.79358495669">
    <tag k="local_x" v="-88.919978" />
    <tag k="local_y" v="-0.589689" />
    <tag k="ele" v="0" />
  </node>
  <node id="17668" lat="42.99261268676" lon="-78.79359720485">
    <tag k="local_x" v="-89.918825" />
    <tag k="local_y" v="-0.596334" />
    <tag k="ele" v="0" />
  </node>
  <node id="17669" lat="42.99261262683" lon="-78.79360945301">
    <tag k="local_x" v="-90.917671" />
    <tag k="local_y" v="-0.602978" />
    <tag k="ele" v="0" />
  </node>
  <node id="17670" lat="42.99261256690" lon="-78.79362170116">
    <tag k="local_x" v="-91.916517" />
    <tag k="local_y" v="-0.609622" />
    <tag k="ele" v="0" />
  </node>
  <node id="17671" lat="42.99261250697" lon="-78.79363394932">
    <tag k="local_x" v="-92.915363" />
    <tag k="local_y" v="-0.616267" />
    <tag k="ele" v="0" />
  </node>
  <node id="17672" lat="42.99261244704" lon="-78.79364619747">
    <tag k="local_x" v="-93.914209" />
    <tag k="local_y" v="-0.622911" />
    <tag k="ele" v="0" />
  </node>
  <node id="17673" lat="42.99261238711" lon="-78.79365844563">
    <tag k="local_x" v="-94.913056" />
    <tag k="local_y" v="-0.629555" />
    <tag k="ele" v="0" />
  </node>
  <node id="17674" lat="42.99261232718" lon="-78.79367069378">
    <tag k="local_x" v="-95.911902" />
    <tag k="local_y" v="-0.636200" />
    <tag k="ele" v="0" />
  </node>
  <node id="17675" lat="42.99261226724" lon="-78.79368294194">
    <tag k="local_x" v="-96.910748" />
    <tag k="local_y" v="-0.642844" />
    <tag k="ele" v="0" />
  </node>
  <node id="17676" lat="42.99261220730" lon="-78.79369519010">
    <tag k="local_x" v="-97.909594" />
    <tag k="local_y" v="-0.649488" />
    <tag k="ele" v="0" />
  </node>
  <node id="17677" lat="42.99261214737" lon="-78.79370743825">
    <tag k="local_x" v="-98.908440" />
    <tag k="local_y" v="-0.656133" />
    <tag k="ele" v="0" />
  </node>
  <node id="17678" lat="42.99261208743" lon="-78.79371968641">
    <tag k="local_x" v="-99.907287" />
    <tag k="local_y" v="-0.662777" />
    <tag k="ele" v="0" />
  </node>
  <node id="17679" lat="42.99261202748" lon="-78.79373193456">
    <tag k="local_x" v="-100.906133" />
    <tag k="local_y" v="-0.669421" />
    <tag k="ele" v="0" />
  </node>
  <node id="17680" lat="42.99261196850" lon="-78.79374418273">
    <tag k="local_x" v="-101.904980" />
    <tag k="local_y" v="-0.675959" />
    <tag k="ele" v="0" />
  </node>
  <node id="17681" lat="42.99261191420" lon="-78.79375643093">
    <tag k="local_x" v="-102.903830" />
    <tag k="local_y" v="-0.681977" />
    <tag k="ele" v="0" />
  </node>
  <node id="17682" lat="42.99261186255" lon="-78.79376867916">
    <tag k="local_x" v="-103.902682" />
    <tag k="local_y" v="-0.687700" />
    <tag k="ele" v="0" />
  </node>
  <node id="17683" lat="42.99261181090" lon="-78.79378092738">
    <tag k="local_x" v="-104.901534" />
    <tag k="local_y" v="-0.693423" />
    <tag k="ele" v="0" />
  </node>
  <node id="17684" lat="42.99261175924" lon="-78.79379317561">
    <tag k="local_x" v="-105.900386" />
    <tag k="local_y" v="-0.699146" />
    <tag k="ele" v="0" />
  </node>
  <node id="17685" lat="42.99261170759" lon="-78.79380542383">
    <tag k="local_x" v="-106.899238" />
    <tag k="local_y" v="-0.704869" />
    <tag k="ele" v="0" />
  </node>
  <node id="17686" lat="42.99261165593" lon="-78.79381767206">
    <tag k="local_x" v="-107.898090" />
    <tag k="local_y" v="-0.710592" />
    <tag k="ele" v="0" />
  </node>
  <node id="17687" lat="42.99261160427" lon="-78.79382992029">
    <tag k="local_x" v="-108.896941" />
    <tag k="local_y" v="-0.716315" />
    <tag k="ele" v="0" />
  </node>
  <node id="17688" lat="42.99261155261" lon="-78.79384216851">
    <tag k="local_x" v="-109.895793" />
    <tag k="local_y" v="-0.722038" />
    <tag k="ele" v="0" />
  </node>
  <node id="17689" lat="42.99261150095" lon="-78.79385441674">
    <tag k="local_x" v="-110.894645" />
    <tag k="local_y" v="-0.727761" />
    <tag k="ele" v="0" />
  </node>
  <node id="17690" lat="42.99261144929" lon="-78.79386666496">
    <tag k="local_x" v="-111.893497" />
    <tag k="local_y" v="-0.733484" />
    <tag k="ele" v="0" />
  </node>
  <node id="17691" lat="42.99261139762" lon="-78.79387891319">
    <tag k="local_x" v="-112.892349" />
    <tag k="local_y" v="-0.739207" />
    <tag k="ele" v="0" />
  </node>
  <node id="17692" lat="42.99261134596" lon="-78.79389116141">
    <tag k="local_x" v="-113.891201" />
    <tag k="local_y" v="-0.744930" />
    <tag k="ele" v="0" />
  </node>
  <node id="17693" lat="42.99261129429" lon="-78.79390340964">
    <tag k="local_x" v="-114.890053" />
    <tag k="local_y" v="-0.750653" />
    <tag k="ele" v="0" />
  </node>
  <node id="17694" lat="42.99261124263" lon="-78.79391565786">
    <tag k="local_x" v="-115.888905" />
    <tag k="local_y" v="-0.756376" />
    <tag k="ele" v="0" />
  </node>
  <node id="17695" lat="42.99261119096" lon="-78.79392790609">
    <tag k="local_x" v="-116.887757" />
    <tag k="local_y" v="-0.762099" />
    <tag k="ele" v="0" />
  </node>
  <node id="17696" lat="42.99261113929" lon="-78.79394015432">
    <tag k="local_x" v="-117.886609" />
    <tag k="local_y" v="-0.767822" />
    <tag k="ele" v="0" />
  </node>
  <node id="17697" lat="42.99261108762" lon="-78.79395240254">
    <tag k="local_x" v="-118.885461" />
    <tag k="local_y" v="-0.773545" />
    <tag k="ele" v="0" />
  </node>
  <node id="17698" lat="42.99261103595" lon="-78.79396465077">
    <tag k="local_x" v="-119.884313" />
    <tag k="local_y" v="-0.779268" />
    <tag k="ele" v="0" />
  </node>
  <node id="17699" lat="42.99261098427" lon="-78.79397689899">
    <tag k="local_x" v="-120.883164" />
    <tag k="local_y" v="-0.784991" />
    <tag k="ele" v="0" />
  </node>
  <node id="17700" lat="42.99261093260" lon="-78.79398914722">
    <tag k="local_x" v="-121.882016" />
    <tag k="local_y" v="-0.790714" />
    <tag k="ele" v="0" />
  </node>
  <node id="17701" lat="42.99261088092" lon="-78.79400139544">
    <tag k="local_x" v="-122.880868" />
    <tag k="local_y" v="-0.796437" />
    <tag k="ele" v="0" />
  </node>
  <node id="17702" lat="42.99261082924" lon="-78.79401364367">
    <tag k="local_x" v="-123.879720" />
    <tag k="local_y" v="-0.802160" />
    <tag k="ele" v="0" />
  </node>
  <node id="17703" lat="42.99261077757" lon="-78.79402589189">
    <tag k="local_x" v="-124.878572" />
    <tag k="local_y" v="-0.807883" />
    <tag k="ele" v="0" />
  </node>
  <node id="17704" lat="42.99261072589" lon="-78.79403814012">
    <tag k="local_x" v="-125.877424" />
    <tag k="local_y" v="-0.813606" />
    <tag k="ele" v="0" />
  </node>
  <node id="17705" lat="42.99261067421" lon="-78.79405038834">
    <tag k="local_x" v="-126.876276" />
    <tag k="local_y" v="-0.819329" />
    <tag k="ele" v="0" />
  </node>
  <node id="17706" lat="42.99261062252" lon="-78.79406263657">
    <tag k="local_x" v="-127.875128" />
    <tag k="local_y" v="-0.825052" />
    <tag k="ele" v="0" />
  </node>
  <node id="17707" lat="42.99261057084" lon="-78.79407488479">
    <tag k="local_x" v="-128.873980" />
    <tag k="local_y" v="-0.830775" />
    <tag k="ele" v="0" />
  </node>
  <node id="17708" lat="42.99261051916" lon="-78.79408713302">
    <tag k="local_x" v="-129.872832" />
    <tag k="local_y" v="-0.836498" />
    <tag k="ele" v="0" />
  </node>
  <node id="17709" lat="42.99261046747" lon="-78.79409938124">
    <tag k="local_x" v="-130.871684" />
    <tag k="local_y" v="-0.842221" />
    <tag k="ele" v="0" />
  </node>
  <node id="17710" lat="42.99261041578" lon="-78.79411162947">
    <tag k="local_x" v="-131.870536" />
    <tag k="local_y" v="-0.847944" />
    <tag k="ele" v="0" />
  </node>
  <node id="17711" lat="42.99261036409" lon="-78.79412387769">
    <tag k="local_x" v="-132.869388" />
    <tag k="local_y" v="-0.853667" />
    <tag k="ele" v="0" />
  </node>
  <node id="17712" lat="42.99261031240" lon="-78.79413612592">
    <tag k="local_x" v="-133.868239" />
    <tag k="local_y" v="-0.859389" />
    <tag k="ele" v="0" />
  </node>
  <node id="17713" lat="42.99261026071" lon="-78.79414837414">
    <tag k="local_x" v="-134.867091" />
    <tag k="local_y" v="-0.865112" />
    <tag k="ele" v="0" />
  </node>
  <node id="17714" lat="42.99261020902" lon="-78.79416062237">
    <tag k="local_x" v="-135.865943" />
    <tag k="local_y" v="-0.870835" />
    <tag k="ele" v="0" />
  </node>
  <node id="17715" lat="42.99261015733" lon="-78.79417287059">
    <tag k="local_x" v="-136.864795" />
    <tag k="local_y" v="-0.876558" />
    <tag k="ele" v="0" />
  </node>
  <node id="17716" lat="42.99261010563" lon="-78.79418511882">
    <tag k="local_x" v="-137.863647" />
    <tag k="local_y" v="-0.882281" />
    <tag k="ele" v="0" />
  </node>
  <node id="17717" lat="42.99261005393" lon="-78.79419736704">
    <tag k="local_x" v="-138.862499" />
    <tag k="local_y" v="-0.888004" />
    <tag k="ele" v="0" />
  </node>
  <node id="17718" lat="42.99261000224" lon="-78.79420961527">
    <tag k="local_x" v="-139.861351" />
    <tag k="local_y" v="-0.893727" />
    <tag k="ele" v="0" />
  </node>
  <node id="17719" lat="42.99260995054" lon="-78.79422186349">
    <tag k="local_x" v="-140.860203" />
    <tag k="local_y" v="-0.899450" />
    <tag k="ele" v="0" />
  </node>
  <node id="17720" lat="42.99260989884" lon="-78.79423411172">
    <tag k="local_x" v="-141.859055" />
    <tag k="local_y" v="-0.905173" />
    <tag k="ele" v="0" />
  </node>
  <node id="17721" lat="42.99260984713" lon="-78.79424635994">
    <tag k="local_x" v="-142.857907" />
    <tag k="local_y" v="-0.910896" />
    <tag k="ele" v="0" />
  </node>
  <node id="17722" lat="42.99260979543" lon="-78.79425860817">
    <tag k="local_x" v="-143.856759" />
    <tag k="local_y" v="-0.916619" />
    <tag k="ele" v="0" />
  </node>
  <node id="17723" lat="42.99260974373" lon="-78.79427085639">
    <tag k="local_x" v="-144.855611" />
    <tag k="local_y" v="-0.922342" />
    <tag k="ele" v="0" />
  </node>
  <node id="17724" lat="42.99260969202" lon="-78.79428310462">
    <tag k="local_x" v="-145.854462" />
    <tag k="local_y" v="-0.928065" />
    <tag k="ele" v="0" />
  </node>
  <node id="17725" lat="42.99260964031" lon="-78.79429535284">
    <tag k="local_x" v="-146.853314" />
    <tag k="local_y" v="-0.933788" />
    <tag k="ele" v="0" />
  </node>
  <node id="17726" lat="42.99260958861" lon="-78.79430760107">
    <tag k="local_x" v="-147.852166" />
    <tag k="local_y" v="-0.939510" />
    <tag k="ele" v="0" />
  </node>
  <node id="17727" lat="42.99260953690" lon="-78.79431984929">
    <tag k="local_x" v="-148.851018" />
    <tag k="local_y" v="-0.945233" />
    <tag k="ele" v="0" />
  </node>
  <node id="17728" lat="42.99260948519" lon="-78.79433209752">
    <tag k="local_x" v="-149.849870" />
    <tag k="local_y" v="-0.950956" />
    <tag k="ele" v="0" />
  </node>
  <node id="17729" lat="42.99260943347" lon="-78.79434434574">
    <tag k="local_x" v="-150.848722" />
    <tag k="local_y" v="-0.956679" />
    <tag k="ele" v="0" />
  </node>
  <node id="17730" lat="42.99260938176" lon="-78.79435659397">
    <tag k="local_x" v="-151.847574" />
    <tag k="local_y" v="-0.962402" />
    <tag k="ele" v="0" />
  </node>
  <node id="17731" lat="42.99260933005" lon="-78.79436884219">
    <tag k="local_x" v="-152.846426" />
    <tag k="local_y" v="-0.968125" />
    <tag k="ele" v="0" />
  </node>
  <node id="17732" lat="42.99260927833" lon="-78.79438109042">
    <tag k="local_x" v="-153.845278" />
    <tag k="local_y" v="-0.973848" />
    <tag k="ele" v="0" />
  </node>
  <node id="17733" lat="42.99260922661" lon="-78.79439333864">
    <tag k="local_x" v="-154.844130" />
    <tag k="local_y" v="-0.979571" />
    <tag k="ele" v="0" />
  </node>
  <node id="17734" lat="42.99260917489" lon="-78.79440558687">
    <tag k="local_x" v="-155.842982" />
    <tag k="local_y" v="-0.985294" />
    <tag k="ele" v="0" />
  </node>
  <node id="17735" lat="42.99260912317" lon="-78.79441783509">
    <tag k="local_x" v="-156.841834" />
    <tag k="local_y" v="-0.991017" />
    <tag k="ele" v="0" />
  </node>
  <node id="17736" lat="42.99260907145" lon="-78.79443008332">
    <tag k="local_x" v="-157.840685" />
    <tag k="local_y" v="-0.996740" />
    <tag k="ele" v="0" />
  </node>
  <node id="17737" lat="42.99260901973" lon="-78.79444233154">
    <tag k="local_x" v="-158.839537" />
    <tag k="local_y" v="-1.002463" />
    <tag k="ele" v="0" />
  </node>
  <node id="17738" lat="42.99260896800" lon="-78.79445457977">
    <tag k="local_x" v="-159.838389" />
    <tag k="local_y" v="-1.008186" />
    <tag k="ele" v="0" />
  </node>
  <node id="17739" lat="42.99260891628" lon="-78.79446682799">
    <tag k="local_x" v="-160.837241" />
    <tag k="local_y" v="-1.013909" />
    <tag k="ele" v="0" />
  </node>
  <node id="17740" lat="42.99260886455" lon="-78.79447907621">
    <tag k="local_x" v="-161.836093" />
    <tag k="local_y" v="-1.019632" />
    <tag k="ele" v="0" />
  </node>
  <node id="17741" lat="42.99260881282" lon="-78.79449132444">
    <tag k="local_x" v="-162.834945" />
    <tag k="local_y" v="-1.025354" />
    <tag k="ele" v="0" />
  </node>
  <node id="17742" lat="42.99260876109" lon="-78.79450357266">
    <tag k="local_x" v="-163.833797" />
    <tag k="local_y" v="-1.031077" />
    <tag k="ele" v="0" />
  </node>
  <node id="17743" lat="42.99260870936" lon="-78.79451582089">
    <tag k="local_x" v="-164.832649" />
    <tag k="local_y" v="-1.036800" />
    <tag k="ele" v="0" />
  </node>
  <node id="17744" lat="42.99260865763" lon="-78.79452806911">
    <tag k="local_x" v="-165.831501" />
    <tag k="local_y" v="-1.042523" />
    <tag k="ele" v="0" />
  </node>
  <node id="17745" lat="42.99260860590" lon="-78.79454031734">
    <tag k="local_x" v="-166.830353" />
    <tag k="local_y" v="-1.048246" />
    <tag k="ele" v="0" />
  </node>
  <node id="17746" lat="42.99260855416" lon="-78.79455256556">
    <tag k="local_x" v="-167.829205" />
    <tag k="local_y" v="-1.053969" />
    <tag k="ele" v="0" />
  </node>
  <node id="17747" lat="42.99260850243" lon="-78.79456481379">
    <tag k="local_x" v="-168.828057" />
    <tag k="local_y" v="-1.059692" />
    <tag k="ele" v="0" />
  </node>
  <node id="17748" lat="42.99260845069" lon="-78.79457706201">
    <tag k="local_x" v="-169.826909" />
    <tag k="local_y" v="-1.065415" />
    <tag k="ele" v="0" />
  </node>
  <node id="17749" lat="42.99260839895" lon="-78.79458931023">
    <tag k="local_x" v="-170.825760" />
    <tag k="local_y" v="-1.071138" />
    <tag k="ele" v="0" />
  </node>
  <node id="17750" lat="42.99260834721" lon="-78.79460155846">
    <tag k="local_x" v="-171.824612" />
    <tag k="local_y" v="-1.076861" />
    <tag k="ele" v="0" />
  </node>
  <node id="17751" lat="42.99260829547" lon="-78.79461380668">
    <tag k="local_x" v="-172.823464" />
    <tag k="local_y" v="-1.082584" />
    <tag k="ele" v="0" />
  </node>
  <node id="17752" lat="42.99260824373" lon="-78.79462605491">
    <tag k="local_x" v="-173.822316" />
    <tag k="local_y" v="-1.088307" />
    <tag k="ele" v="0" />
  </node>
  <node id="17753" lat="42.99260819199" lon="-78.79463830313">
    <tag k="local_x" v="-174.821168" />
    <tag k="local_y" v="-1.094030" />
    <tag k="ele" v="0" />
  </node>
  <node id="17754" lat="42.99260814024" lon="-78.79465055136">
    <tag k="local_x" v="-175.820020" />
    <tag k="local_y" v="-1.099753" />
    <tag k="ele" v="0" />
  </node>
  <node id="17755" lat="42.99260808849" lon="-78.79466279958">
    <tag k="local_x" v="-176.818872" />
    <tag k="local_y" v="-1.105476" />
    <tag k="ele" v="0" />
  </node>
  <node id="17756" lat="42.99260803675" lon="-78.79467504780">
    <tag k="local_x" v="-177.817724" />
    <tag k="local_y" v="-1.111198" />
    <tag k="ele" v="0" />
  </node>
  <node id="17757" lat="42.99260798500" lon="-78.79468729603">
    <tag k="local_x" v="-178.816576" />
    <tag k="local_y" v="-1.116921" />
    <tag k="ele" v="0" />
  </node>
  <node id="17758" lat="42.99260793325" lon="-78.79469954425">
    <tag k="local_x" v="-179.815428" />
    <tag k="local_y" v="-1.122644" />
    <tag k="ele" v="0" />
  </node>
  <node id="17759" lat="42.99260788150" lon="-78.79471179248">
    <tag k="local_x" v="-180.814280" />
    <tag k="local_y" v="-1.128367" />
    <tag k="ele" v="0" />
  </node>
  <node id="17760" lat="42.99260782974" lon="-78.79472404070">
    <tag k="local_x" v="-181.813132" />
    <tag k="local_y" v="-1.134090" />
    <tag k="ele" v="0" />
  </node>
  <node id="17761" lat="42.99260777799" lon="-78.79473628892">
    <tag k="local_x" v="-182.811983" />
    <tag k="local_y" v="-1.139813" />
    <tag k="ele" v="0" />
  </node>
  <node id="17762" lat="42.99260772623" lon="-78.79474853715">
    <tag k="local_x" v="-183.810835" />
    <tag k="local_y" v="-1.145536" />
    <tag k="ele" v="0" />
  </node>
  <node id="17763" lat="42.99260767448" lon="-78.79476078537">
    <tag k="local_x" v="-184.809687" />
    <tag k="local_y" v="-1.151259" />
    <tag k="ele" v="0" />
  </node>
  <node id="17764" lat="42.99260762272" lon="-78.79477303360">
    <tag k="local_x" v="-185.808539" />
    <tag k="local_y" v="-1.156982" />
    <tag k="ele" v="0" />
  </node>
  <node id="17765" lat="42.99260757117" lon="-78.79478528182">
    <tag k="local_x" v="-186.807391" />
    <tag k="local_y" v="-1.162682" />
    <tag k="ele" v="0" />
  </node>
  <node id="17766" lat="42.99260751969" lon="-78.79479753005">
    <tag k="local_x" v="-187.806243" />
    <tag k="local_y" v="-1.168373" />
    <tag k="ele" v="0" />
  </node>
  <node id="17767" lat="42.99260746822" lon="-78.79480977828">
    <tag k="local_x" v="-188.805095" />
    <tag k="local_y" v="-1.174064" />
    <tag k="ele" v="0" />
  </node>
  <node id="17768" lat="42.99264993617" lon="-78.79642013639">
    <tag k="local_x" v="-320.130775" />
    <tag k="local_y" v="3.548688" />
    <tag k="ele" v="0" />
  </node>
  <node id="17769" lat="42.99264987138" lon="-78.79643232289">
    <tag k="local_x" v="-321.124593" />
    <tag k="local_y" v="3.541537" />
    <tag k="ele" v="0" />
  </node>
  <node id="17770" lat="42.99264980617" lon="-78.79644450939">
    <tag k="local_x" v="-322.118411" />
    <tag k="local_y" v="3.534339" />
    <tag k="ele" v="0" />
  </node>
  <node id="17771" lat="42.99264973529" lon="-78.79645669583">
    <tag k="local_x" v="-323.112223" />
    <tag k="local_y" v="3.526512" />
    <tag k="ele" v="0" />
  </node>
  <node id="17772" lat="42.99264964654" lon="-78.79646888205">
    <tag k="local_x" v="-324.106018" />
    <tag k="local_y" v="3.516699" />
    <tag k="ele" v="0" />
  </node>
  <node id="17773" lat="42.99264953859" lon="-78.79648106798">
    <tag k="local_x" v="-325.099790" />
    <tag k="local_y" v="3.504754" />
    <tag k="ele" v="0" />
  </node>
  <node id="17774" lat="42.99264941099" lon="-78.79649325355">
    <tag k="local_x" v="-326.093533" />
    <tag k="local_y" v="3.490626" />
    <tag k="ele" v="0" />
  </node>
  <node id="17775" lat="42.99264926415" lon="-78.79650543873">
    <tag k="local_x" v="-327.087243" />
    <tag k="local_y" v="3.474360" />
    <tag k="ele" v="0" />
  </node>
  <node id="17776" lat="42.99264909794" lon="-78.79651762344">
    <tag k="local_x" v="-328.080916" />
    <tag k="local_y" v="3.455943" />
    <tag k="ele" v="0" />
  </node>
  <node id="17777" lat="42.99264891695" lon="-78.79652980777">
    <tag k="local_x" v="-329.074557" />
    <tag k="local_y" v="3.435883" />
    <tag k="ele" v="0" />
  </node>
  <node id="17778" lat="42.99264873139" lon="-78.79654199197">
    <tag k="local_x" v="-330.068188" />
    <tag k="local_y" v="3.415318" />
    <tag k="ele" v="0" />
  </node>
  <node id="17779" lat="42.99264854584" lon="-78.79655417617">
    <tag k="local_x" v="-331.061819" />
    <tag k="local_y" v="3.394752" />
    <tag k="ele" v="0" />
  </node>
  <node id="17780" lat="42.99264836028" lon="-78.79656636038">
    <tag k="local_x" v="-332.055450" />
    <tag k="local_y" v="3.374186" />
    <tag k="ele" v="0" />
  </node>
  <node id="17781" lat="42.99264817472" lon="-78.79657854458">
    <tag k="local_x" v="-333.049081" />
    <tag k="local_y" v="3.353620" />
    <tag k="ele" v="0" />
  </node>
  <node id="17782" lat="42.99264798916" lon="-78.79659072878">
    <tag k="local_x" v="-334.042712" />
    <tag k="local_y" v="3.333054" />
    <tag k="ele" v="0" />
  </node>
  <node id="17783" lat="42.99264780360" lon="-78.79660291298">
    <tag k="local_x" v="-335.036343" />
    <tag k="local_y" v="3.312488" />
    <tag k="ele" v="0" />
  </node>
  <node id="17784" lat="42.99264761804" lon="-78.79661509718">
    <tag k="local_x" v="-336.029974" />
    <tag k="local_y" v="3.291922" />
    <tag k="ele" v="0" />
  </node>
  <node id="17785" lat="42.99264743248" lon="-78.79662728138">
    <tag k="local_x" v="-337.023605" />
    <tag k="local_y" v="3.271356" />
    <tag k="ele" v="0" />
  </node>
  <node id="17786" lat="42.99264724692" lon="-78.79663946558">
    <tag k="local_x" v="-338.017236" />
    <tag k="local_y" v="3.250791" />
    <tag k="ele" v="0" />
  </node>
  <node id="17787" lat="42.99264706135" lon="-78.79665164978">
    <tag k="local_x" v="-339.010867" />
    <tag k="local_y" v="3.230225" />
    <tag k="ele" v="0" />
  </node>
  <node id="17788" lat="42.99264687578" lon="-78.79666383398">
    <tag k="local_x" v="-340.004498" />
    <tag k="local_y" v="3.209659" />
    <tag k="ele" v="0" />
  </node>
  <node id="17789" lat="42.99264669021" lon="-78.79667601818">
    <tag k="local_x" v="-340.998129" />
    <tag k="local_y" v="3.189093" />
    <tag k="ele" v="0" />
  </node>
  <node id="17790" lat="42.99264650464" lon="-78.79668820239">
    <tag k="local_x" v="-341.991760" />
    <tag k="local_y" v="3.168527" />
    <tag k="ele" v="0" />
  </node>
  <node id="17791" lat="42.99264631907" lon="-78.79670038659">
    <tag k="local_x" v="-342.985391" />
    <tag k="local_y" v="3.147961" />
    <tag k="ele" v="0" />
  </node>
  <node id="17792" lat="42.99264613350" lon="-78.79671257079">
    <tag k="local_x" v="-343.979022" />
    <tag k="local_y" v="3.127396" />
    <tag k="ele" v="0" />
  </node>
  <node id="17793" lat="42.99264594793" lon="-78.79672475499">
    <tag k="local_x" v="-344.972653" />
    <tag k="local_y" v="3.106830" />
    <tag k="ele" v="0" />
  </node>
  <node id="17794" lat="42.99264576236" lon="-78.79673693919">
    <tag k="local_x" v="-345.966284" />
    <tag k="local_y" v="3.086264" />
    <tag k="ele" v="0" />
  </node>
  <node id="17795" lat="42.99264557678" lon="-78.79674912339">
    <tag k="local_x" v="-346.959915" />
    <tag k="local_y" v="3.065698" />
    <tag k="ele" v="0" />
  </node>
  <node id="17796" lat="42.99264539121" lon="-78.79676130759">
    <tag k="local_x" v="-347.953546" />
    <tag k="local_y" v="3.045133" />
    <tag k="ele" v="0" />
  </node>
  <node id="17797" lat="42.99264520563" lon="-78.79677349179">
    <tag k="local_x" v="-348.947177" />
    <tag k="local_y" v="3.024567" />
    <tag k="ele" v="0" />
  </node>
  <node id="17798" lat="42.99264502004" lon="-78.79678567599">
    <tag k="local_x" v="-349.940808" />
    <tag k="local_y" v="3.004000" />
    <tag k="ele" v="0" />
  </node>
  <node id="17799" lat="42.99264483445" lon="-78.79679786019">
    <tag k="local_x" v="-350.934439" />
    <tag k="local_y" v="2.983433" />
    <tag k="ele" v="0" />
  </node>
  <node id="17800" lat="42.99264464887" lon="-78.79681004439">
    <tag k="local_x" v="-351.928070" />
    <tag k="local_y" v="2.962867" />
    <tag k="ele" v="0" />
  </node>
  <node id="17801" lat="42.99264446329" lon="-78.79682222859">
    <tag k="local_x" v="-352.921701" />
    <tag k="local_y" v="2.942302" />
    <tag k="ele" v="0" />
  </node>
  <node id="17802" lat="42.99264427770" lon="-78.79683441279">
    <tag k="local_x" v="-353.915332" />
    <tag k="local_y" v="2.921736" />
    <tag k="ele" v="0" />
  </node>
  <node id="17803" lat="42.99264409212" lon="-78.79684659699">
    <tag k="local_x" v="-354.908963" />
    <tag k="local_y" v="2.901170" />
    <tag k="ele" v="0" />
  </node>
  <node id="17804" lat="42.99264390653" lon="-78.79685878119">
    <tag k="local_x" v="-355.902594" />
    <tag k="local_y" v="2.880604" />
    <tag k="ele" v="0" />
  </node>
  <node id="17805" lat="42.99264372094" lon="-78.79687096539">
    <tag k="local_x" v="-356.896225" />
    <tag k="local_y" v="2.860039" />
    <tag k="ele" v="0" />
  </node>
  <node id="17806" lat="42.99264353535" lon="-78.79688314959">
    <tag k="local_x" v="-357.889856" />
    <tag k="local_y" v="2.839473" />
    <tag k="ele" v="0" />
  </node>
  <node id="17807" lat="42.99264334976" lon="-78.79689533379">
    <tag k="local_x" v="-358.883487" />
    <tag k="local_y" v="2.818907" />
    <tag k="ele" v="0" />
  </node>
  <node id="17808" lat="42.99264316417" lon="-78.79690751799">
    <tag k="local_x" v="-359.877118" />
    <tag k="local_y" v="2.798341" />
    <tag k="ele" v="0" />
  </node>
  <node id="17809" lat="42.99264297858" lon="-78.79691970218">
    <tag k="local_x" v="-360.870749" />
    <tag k="local_y" v="2.777775" />
    <tag k="ele" v="0" />
  </node>
  <node id="17810" lat="42.99264279298" lon="-78.79693188638">
    <tag k="local_x" v="-361.864380" />
    <tag k="local_y" v="2.757209" />
    <tag k="ele" v="0" />
  </node>
  <node id="17811" lat="42.99264260739" lon="-78.79694407058">
    <tag k="local_x" v="-362.858011" />
    <tag k="local_y" v="2.736644" />
    <tag k="ele" v="0" />
  </node>
  <node id="17812" lat="42.99264242179" lon="-78.79695625478">
    <tag k="local_x" v="-363.851642" />
    <tag k="local_y" v="2.716078" />
    <tag k="ele" v="0" />
  </node>
  <node id="17813" lat="42.99264223619" lon="-78.79696843898">
    <tag k="local_x" v="-364.845273" />
    <tag k="local_y" v="2.695512" />
    <tag k="ele" v="0" />
  </node>
  <node id="17814" lat="42.99264205059" lon="-78.79698062318">
    <tag k="local_x" v="-365.838904" />
    <tag k="local_y" v="2.674946" />
    <tag k="ele" v="0" />
  </node>
  <node id="17815" lat="42.99264186499" lon="-78.79699280738">
    <tag k="local_x" v="-366.832535" />
    <tag k="local_y" v="2.654380" />
    <tag k="ele" v="0" />
  </node>
  <node id="17816" lat="42.99264167938" lon="-78.79700499158">
    <tag k="local_x" v="-367.826166" />
    <tag k="local_y" v="2.633814" />
    <tag k="ele" v="0" />
  </node>
  <node id="17817" lat="42.99264149378" lon="-78.79701717578">
    <tag k="local_x" v="-368.819797" />
    <tag k="local_y" v="2.613249" />
    <tag k="ele" v="0" />
  </node>
  <node id="17818" lat="42.99264130817" lon="-78.79702935997">
    <tag k="local_x" v="-369.813428" />
    <tag k="local_y" v="2.592683" />
    <tag k="ele" v="0" />
  </node>
  <node id="17819" lat="42.99264112256" lon="-78.79704154417">
    <tag k="local_x" v="-370.807059" />
    <tag k="local_y" v="2.572117" />
    <tag k="ele" v="0" />
  </node>
  <node id="17820" lat="42.99264093696" lon="-78.79705372837">
    <tag k="local_x" v="-371.800690" />
    <tag k="local_y" v="2.551551" />
    <tag k="ele" v="0" />
  </node>
  <node id="17821" lat="42.99264075135" lon="-78.79706591257">
    <tag k="local_x" v="-372.794321" />
    <tag k="local_y" v="2.530985" />
    <tag k="ele" v="0" />
  </node>
  <node id="17822" lat="42.99264056574" lon="-78.79707809677">
    <tag k="local_x" v="-373.787952" />
    <tag k="local_y" v="2.510419" />
    <tag k="ele" v="0" />
  </node>
  <node id="17823" lat="42.99264038012" lon="-78.79709028097">
    <tag k="local_x" v="-374.781583" />
    <tag k="local_y" v="2.489853" />
    <tag k="ele" v="0" />
  </node>
  <node id="17824" lat="42.99264019451" lon="-78.79710246516">
    <tag k="local_x" v="-375.775214" />
    <tag k="local_y" v="2.469288" />
    <tag k="ele" v="0" />
  </node>
  <node id="17825" lat="42.99264000890" lon="-78.79711464936">
    <tag k="local_x" v="-376.768846" />
    <tag k="local_y" v="2.448722" />
    <tag k="ele" v="0" />
  </node>
  <node id="17826" lat="42.99263982328" lon="-78.79712683356">
    <tag k="local_x" v="-377.762477" />
    <tag k="local_y" v="2.428155" />
    <tag k="ele" v="0" />
  </node>
  <node id="17827" lat="42.99263963766" lon="-78.79713901776">
    <tag k="local_x" v="-378.756108" />
    <tag k="local_y" v="2.407590" />
    <tag k="ele" v="0" />
  </node>
  <node id="17828" lat="42.99263945204" lon="-78.79715120196">
    <tag k="local_x" v="-379.749739" />
    <tag k="local_y" v="2.387024" />
    <tag k="ele" v="0" />
  </node>
  <node id="17829" lat="42.99263926642" lon="-78.79716338615">
    <tag k="local_x" v="-380.743370" />
    <tag k="local_y" v="2.366458" />
    <tag k="ele" v="0" />
  </node>
  <node id="17830" lat="42.99263908080" lon="-78.79717557035">
    <tag k="local_x" v="-381.737001" />
    <tag k="local_y" v="2.345892" />
    <tag k="ele" v="0" />
  </node>
  <node id="17831" lat="42.99263889518" lon="-78.79718775455">
    <tag k="local_x" v="-382.730632" />
    <tag k="local_y" v="2.325326" />
    <tag k="ele" v="0" />
  </node>
  <node id="17832" lat="42.99263870955" lon="-78.79719993875">
    <tag k="local_x" v="-383.724263" />
    <tag k="local_y" v="2.304760" />
    <tag k="ele" v="0" />
  </node>
  <node id="17833" lat="42.99263852393" lon="-78.79721212295">
    <tag k="local_x" v="-384.717894" />
    <tag k="local_y" v="2.284194" />
    <tag k="ele" v="0" />
  </node>
  <node id="17834" lat="42.99263833830" lon="-78.79722430714">
    <tag k="local_x" v="-385.711525" />
    <tag k="local_y" v="2.263628" />
    <tag k="ele" v="0" />
  </node>
  <node id="17835" lat="42.99263815268" lon="-78.79723649134">
    <tag k="local_x" v="-386.705156" />
    <tag k="local_y" v="2.243063" />
    <tag k="ele" v="0" />
  </node>
  <node id="17836" lat="42.99263796705" lon="-78.79724867554">
    <tag k="local_x" v="-387.698787" />
    <tag k="local_y" v="2.222497" />
    <tag k="ele" v="0" />
  </node>
  <node id="17837" lat="42.99263778142" lon="-78.79726085973">
    <tag k="local_x" v="-388.692418" />
    <tag k="local_y" v="2.201931" />
    <tag k="ele" v="0" />
  </node>
  <node id="17838" lat="42.99263759578" lon="-78.79727304393">
    <tag k="local_x" v="-389.686049" />
    <tag k="local_y" v="2.181365" />
    <tag k="ele" v="0" />
  </node>
  <node id="17839" lat="42.99263741015" lon="-78.79728522813">
    <tag k="local_x" v="-390.679680" />
    <tag k="local_y" v="2.160799" />
    <tag k="ele" v="0" />
  </node>
  <node id="17840" lat="42.99263722452" lon="-78.79729741233">
    <tag k="local_x" v="-391.673311" />
    <tag k="local_y" v="2.140234" />
    <tag k="ele" v="0" />
  </node>
  <node id="17841" lat="42.99263703888" lon="-78.79730959652">
    <tag k="local_x" v="-392.666942" />
    <tag k="local_y" v="2.119667" />
    <tag k="ele" v="0" />
  </node>
  <node id="17842" lat="42.99263685324" lon="-78.79732178072">
    <tag k="local_x" v="-393.660573" />
    <tag k="local_y" v="2.099101" />
    <tag k="ele" v="0" />
  </node>
  <node id="17843" lat="42.99263666761" lon="-78.79733396492">
    <tag k="local_x" v="-394.654204" />
    <tag k="local_y" v="2.078536" />
    <tag k="ele" v="0" />
  </node>
  <node id="17844" lat="42.99263648197" lon="-78.79734614911">
    <tag k="local_x" v="-395.647835" />
    <tag k="local_y" v="2.057970" />
    <tag k="ele" v="0" />
  </node>
  <node id="17845" lat="42.99263629633" lon="-78.79735833331">
    <tag k="local_x" v="-396.641466" />
    <tag k="local_y" v="2.037404" />
    <tag k="ele" v="0" />
  </node>
  <node id="17846" lat="42.99263611068" lon="-78.79737051751">
    <tag k="local_x" v="-397.635097" />
    <tag k="local_y" v="2.016838" />
    <tag k="ele" v="0" />
  </node>
  <node id="17847" lat="42.99263592504" lon="-78.79738270170">
    <tag k="local_x" v="-398.628728" />
    <tag k="local_y" v="1.996272" />
    <tag k="ele" v="0" />
  </node>
  <node id="17848" lat="42.99263573939" lon="-78.79739488590">
    <tag k="local_x" v="-399.622359" />
    <tag k="local_y" v="1.975706" />
    <tag k="ele" v="0" />
  </node>
  <node id="17849" lat="42.99263555375" lon="-78.79740707010">
    <tag k="local_x" v="-400.615990" />
    <tag k="local_y" v="1.955140" />
    <tag k="ele" v="0" />
  </node>
  <node id="17850" lat="42.99263536810" lon="-78.79741925429">
    <tag k="local_x" v="-401.609621" />
    <tag k="local_y" v="1.934575" />
    <tag k="ele" v="0" />
  </node>
  <node id="17851" lat="42.99263518245" lon="-78.79743143849">
    <tag k="local_x" v="-402.603252" />
    <tag k="local_y" v="1.914009" />
    <tag k="ele" v="0" />
  </node>
  <node id="17852" lat="42.99263499680" lon="-78.79744362268">
    <tag k="local_x" v="-403.596883" />
    <tag k="local_y" v="1.893443" />
    <tag k="ele" v="0" />
  </node>
  <node id="17853" lat="42.99263481115" lon="-78.79745580688">
    <tag k="local_x" v="-404.590514" />
    <tag k="local_y" v="1.872877" />
    <tag k="ele" v="0" />
  </node>
  <node id="17854" lat="42.99263462550" lon="-78.79746799108">
    <tag k="local_x" v="-405.584145" />
    <tag k="local_y" v="1.852311" />
    <tag k="ele" v="0" />
  </node>
  <node id="17855" lat="42.99263443984" lon="-78.79748017527">
    <tag k="local_x" v="-406.577776" />
    <tag k="local_y" v="1.831745" />
    <tag k="ele" v="0" />
  </node>
  <node id="17856" lat="42.99263425419" lon="-78.79749235947">
    <tag k="local_x" v="-407.571407" />
    <tag k="local_y" v="1.811179" />
    <tag k="ele" v="0" />
  </node>
  <node id="17857" lat="42.99263406853" lon="-78.79750454366">
    <tag k="local_x" v="-408.565038" />
    <tag k="local_y" v="1.790613" />
    <tag k="ele" v="0" />
  </node>
  <node id="17858" lat="42.99263388288" lon="-78.79751672786">
    <tag k="local_x" v="-409.558669" />
    <tag k="local_y" v="1.770048" />
    <tag k="ele" v="0" />
  </node>
  <node id="17859" lat="42.99263369722" lon="-78.79752891205">
    <tag k="local_x" v="-410.552300" />
    <tag k="local_y" v="1.749482" />
    <tag k="ele" v="0" />
  </node>
  <node id="17860" lat="42.99263351155" lon="-78.79754109625">
    <tag k="local_x" v="-411.545931" />
    <tag k="local_y" v="1.728916" />
    <tag k="ele" v="0" />
  </node>
  <node id="17861" lat="42.99263332590" lon="-78.79755328045">
    <tag k="local_x" v="-412.539562" />
    <tag k="local_y" v="1.708350" />
    <tag k="ele" v="0" />
  </node>
  <node id="17862" lat="42.99263314023" lon="-78.79756546464">
    <tag k="local_x" v="-413.533193" />
    <tag k="local_y" v="1.687784" />
    <tag k="ele" v="0" />
  </node>
  <node id="17863" lat="42.99263295457" lon="-78.79757764884">
    <tag k="local_x" v="-414.526824" />
    <tag k="local_y" v="1.667218" />
    <tag k="ele" v="0" />
  </node>
  <node id="17864" lat="42.99263276890" lon="-78.79758983303">
    <tag k="local_x" v="-415.520455" />
    <tag k="local_y" v="1.646652" />
    <tag k="ele" v="0" />
  </node>
  <node id="17865" lat="42.99263258324" lon="-78.79760201723">
    <tag k="local_x" v="-416.514086" />
    <tag k="local_y" v="1.626086" />
    <tag k="ele" v="0" />
  </node>
  <node id="17866" lat="42.99263239757" lon="-78.79761420142">
    <tag k="local_x" v="-417.507717" />
    <tag k="local_y" v="1.605520" />
    <tag k="ele" v="0" />
  </node>
  <node id="17867" lat="42.99263221190" lon="-78.79762638562">
    <tag k="local_x" v="-418.501348" />
    <tag k="local_y" v="1.584954" />
    <tag k="ele" v="0" />
  </node>
  <node id="17868" lat="42.99263202623" lon="-78.79763856981">
    <tag k="local_x" v="-419.494979" />
    <tag k="local_y" v="1.564389" />
    <tag k="ele" v="0" />
  </node>
  <node id="17869" lat="42.99263184055" lon="-78.79765075401">
    <tag k="local_x" v="-420.488610" />
    <tag k="local_y" v="1.543823" />
    <tag k="ele" v="0" />
  </node>
  <node id="17870" lat="42.99263166601" lon="-78.79766293850">
    <tag k="local_x" v="-421.482265" />
    <tag k="local_y" v="1.524493" />
    <tag k="ele" v="0" />
  </node>
  <node id="17871" lat="42.99263183203" lon="-78.79767511924">
    <tag k="local_x" v="-422.475612" />
    <tag k="local_y" v="1.542997" />
    <tag k="ele" v="0" />
  </node>
  <node id="17872" lat="42.99255197269" lon="-78.79635364771">
    <tag k="local_x" v="-314.709078" />
    <tag k="local_y" v="-7.334581" />
    <tag k="ele" v="0" />
  </node>
  <node id="17873" lat="42.99255190806" lon="-78.79636580387">
    <tag k="local_x" v="-315.700422" />
    <tag k="local_y" v="-7.341714" />
    <tag k="ele" v="0" />
  </node>
  <node id="17874" lat="42.99255184343" lon="-78.79637796002">
    <tag k="local_x" v="-316.691766" />
    <tag k="local_y" v="-7.348848" />
    <tag k="ele" v="0" />
  </node>
  <node id="17875" lat="42.99255177543" lon="-78.79639011613">
    <tag k="local_x" v="-317.683108" />
    <tag k="local_y" v="-7.356357" />
    <tag k="ele" v="0" />
  </node>
  <node id="17876" lat="42.99255169072" lon="-78.79640227205">
    <tag k="local_x" v="-318.674434" />
    <tag k="local_y" v="-7.365722" />
    <tag k="ele" v="0" />
  </node>
  <node id="17877" lat="42.99255158827" lon="-78.79641442772">
    <tag k="local_x" v="-319.665739" />
    <tag k="local_y" v="-7.377057" />
    <tag k="ele" v="0" />
  </node>
  <node id="17878" lat="42.99255146781" lon="-78.79642658308">
    <tag k="local_x" v="-320.657019" />
    <tag k="local_y" v="-7.390392" />
    <tag k="ele" v="0" />
  </node>
  <node id="17879" lat="42.99255132960" lon="-78.79643873809">
    <tag k="local_x" v="-321.648271" />
    <tag k="local_y" v="-7.405700" />
    <tag k="ele" v="0" />
  </node>
  <node id="17880" lat="42.99255117339" lon="-78.79645089270">
    <tag k="local_x" v="-322.639490" />
    <tag k="local_y" v="-7.423008" />
    <tag k="ele" v="0" />
  </node>
  <node id="17881" lat="42.99255099968" lon="-78.79646304686">
    <tag k="local_x" v="-323.630673" />
    <tag k="local_y" v="-7.442259" />
    <tag k="ele" v="0" />
  </node>
  <node id="17882" lat="42.99255082062" lon="-78.79647520088">
    <tag k="local_x" v="-324.621844" />
    <tag k="local_y" v="-7.462104" />
    <tag k="ele" v="0" />
  </node>
  <node id="17883" lat="42.99255064147" lon="-78.79648735490">
    <tag k="local_x" v="-325.613015" />
    <tag k="local_y" v="-7.481959" />
    <tag k="ele" v="0" />
  </node>
  <node id="17884" lat="42.99255046232" lon="-78.79649950892">
    <tag k="local_x" v="-326.604186" />
    <tag k="local_y" v="-7.501815" />
    <tag k="ele" v="0" />
  </node>
  <node id="17885" lat="42.99255028317" lon="-78.79651166294">
    <tag k="local_x" v="-327.595357" />
    <tag k="local_y" v="-7.521670" />
    <tag k="ele" v="0" />
  </node>
  <node id="17886" lat="42.99255010401" lon="-78.79652381696">
    <tag k="local_x" v="-328.586528" />
    <tag k="local_y" v="-7.541525" />
    <tag k="ele" v="0" />
  </node>
  <node id="17887" lat="42.99254992486" lon="-78.79653597097">
    <tag k="local_x" v="-329.577699" />
    <tag k="local_y" v="-7.561380" />
    <tag k="ele" v="0" />
  </node>
  <node id="17888" lat="42.99254974570" lon="-78.79654812499">
    <tag k="local_x" v="-330.568871" />
    <tag k="local_y" v="-7.581236" />
    <tag k="ele" v="0" />
  </node>
  <node id="17889" lat="42.99254956654" lon="-78.79656027901">
    <tag k="local_x" v="-331.560042" />
    <tag k="local_y" v="-7.601091" />
    <tag k="ele" v="0" />
  </node>
  <node id="17890" lat="42.99254938738" lon="-78.79657243303">
    <tag k="local_x" v="-332.551213" />
    <tag k="local_y" v="-7.620946" />
    <tag k="ele" v="0" />
  </node>
  <node id="17891" lat="42.99254920822" lon="-78.79658458705">
    <tag k="local_x" v="-333.542384" />
    <tag k="local_y" v="-7.640802" />
    <tag k="ele" v="0" />
  </node>
  <node id="17892" lat="42.99254902905" lon="-78.79659674107">
    <tag k="local_x" v="-334.533555" />
    <tag k="local_y" v="-7.660657" />
    <tag k="ele" v="0" />
  </node>
  <node id="17893" lat="42.99254884989" lon="-78.79660889508">
    <tag k="local_x" v="-335.524726" />
    <tag k="local_y" v="-7.680512" />
    <tag k="ele" v="0" />
  </node>
  <node id="17894" lat="42.99254867073" lon="-78.79662104910">
    <tag k="local_x" v="-336.515897" />
    <tag k="local_y" v="-7.700368" />
    <tag k="ele" v="0" />
  </node>
  <node id="17895" lat="42.99254849156" lon="-78.79663320312">
    <tag k="local_x" v="-337.507068" />
    <tag k="local_y" v="-7.720223" />
    <tag k="ele" v="0" />
  </node>
  <node id="17896" lat="42.99254831239" lon="-78.79664535714">
    <tag k="local_x" v="-338.498239" />
    <tag k="local_y" v="-7.740078" />
    <tag k="ele" v="0" />
  </node>
  <node id="17897" lat="42.99254813322" lon="-78.79665751115">
    <tag k="local_x" v="-339.489410" />
    <tag k="local_y" v="-7.759933" />
    <tag k="ele" v="0" />
  </node>
  <node id="17898" lat="42.99254795405" lon="-78.79666966517">
    <tag k="local_x" v="-340.480582" />
    <tag k="local_y" v="-7.779789" />
    <tag k="ele" v="0" />
  </node>
  <node id="17899" lat="42.99254777488" lon="-78.79668181919">
    <tag k="local_x" v="-341.471753" />
    <tag k="local_y" v="-7.799644" />
    <tag k="ele" v="0" />
  </node>
  <node id="17900" lat="42.99254759571" lon="-78.79669397321">
    <tag k="local_x" v="-342.462924" />
    <tag k="local_y" v="-7.819499" />
    <tag k="ele" v="0" />
  </node>
  <node id="17901" lat="42.99254741654" lon="-78.79670612722">
    <tag k="local_x" v="-343.454095" />
    <tag k="local_y" v="-7.839355" />
    <tag k="ele" v="0" />
  </node>
  <node id="17902" lat="42.99254723736" lon="-78.79671828124">
    <tag k="local_x" v="-344.445266" />
    <tag k="local_y" v="-7.859210" />
    <tag k="ele" v="0" />
  </node>
  <node id="17903" lat="42.99254705818" lon="-78.79673043526">
    <tag k="local_x" v="-345.436437" />
    <tag k="local_y" v="-7.879065" />
    <tag k="ele" v="0" />
  </node>
  <node id="17904" lat="42.99254687901" lon="-78.79674258928">
    <tag k="local_x" v="-346.427608" />
    <tag k="local_y" v="-7.898921" />
    <tag k="ele" v="0" />
  </node>
  <node id="17905" lat="42.99254669983" lon="-78.79675474329">
    <tag k="local_x" v="-347.418779" />
    <tag k="local_y" v="-7.918776" />
    <tag k="ele" v="0" />
  </node>
  <node id="17906" lat="42.99254652065" lon="-78.79676689731">
    <tag k="local_x" v="-348.409950" />
    <tag k="local_y" v="-7.938631" />
    <tag k="ele" v="0" />
  </node>
  <node id="17907" lat="42.99254634146" lon="-78.79677905133">
    <tag k="local_x" v="-349.401121" />
    <tag k="local_y" v="-7.958486" />
    <tag k="ele" v="0" />
  </node>
  <node id="17908" lat="42.99254616228" lon="-78.79679120534">
    <tag k="local_x" v="-350.392293" />
    <tag k="local_y" v="-7.978342" />
    <tag k="ele" v="0" />
  </node>
  <node id="17909" lat="42.99254598310" lon="-78.79680335936">
    <tag k="local_x" v="-351.383464" />
    <tag k="local_y" v="-7.998197" />
    <tag k="ele" v="0" />
  </node>
  <node id="17910" lat="42.99254580391" lon="-78.79681551338">
    <tag k="local_x" v="-352.374635" />
    <tag k="local_y" v="-8.018052" />
    <tag k="ele" v="0" />
  </node>
  <node id="17911" lat="42.99254562472" lon="-78.79682766739">
    <tag k="local_x" v="-353.365806" />
    <tag k="local_y" v="-8.037908" />
    <tag k="ele" v="0" />
  </node>
  <node id="17912" lat="42.99254544554" lon="-78.79683982141">
    <tag k="local_x" v="-354.356977" />
    <tag k="local_y" v="-8.057763" />
    <tag k="ele" v="0" />
  </node>
  <node id="17913" lat="42.99254526635" lon="-78.79685197543">
    <tag k="local_x" v="-355.348148" />
    <tag k="local_y" v="-8.077618" />
    <tag k="ele" v="0" />
  </node>
  <node id="17914" lat="42.99254508716" lon="-78.79686412944">
    <tag k="local_x" v="-356.339319" />
    <tag k="local_y" v="-8.097473" />
    <tag k="ele" v="0" />
  </node>
  <node id="17915" lat="42.99254490796" lon="-78.79687628346">
    <tag k="local_x" v="-357.330490" />
    <tag k="local_y" v="-8.117329" />
    <tag k="ele" v="0" />
  </node>
  <node id="17916" lat="42.99254472877" lon="-78.79688843748">
    <tag k="local_x" v="-358.321661" />
    <tag k="local_y" v="-8.137184" />
    <tag k="ele" v="0" />
  </node>
  <node id="17917" lat="42.99254454958" lon="-78.79690059149">
    <tag k="local_x" v="-359.312833" />
    <tag k="local_y" v="-8.157039" />
    <tag k="ele" v="0" />
  </node>
  <node id="17918" lat="42.99254437038" lon="-78.79691274551">
    <tag k="local_x" v="-360.304004" />
    <tag k="local_y" v="-8.176894" />
    <tag k="ele" v="0" />
  </node>
  <node id="17919" lat="42.99254419119" lon="-78.79692489953">
    <tag k="local_x" v="-361.295175" />
    <tag k="local_y" v="-8.196750" />
    <tag k="ele" v="0" />
  </node>
  <node id="17920" lat="42.99254401199" lon="-78.79693705354">
    <tag k="local_x" v="-362.286346" />
    <tag k="local_y" v="-8.216605" />
    <tag k="ele" v="0" />
  </node>
  <node id="17921" lat="42.99254383278" lon="-78.79694920756">
    <tag k="local_x" v="-363.277517" />
    <tag k="local_y" v="-8.236460" />
    <tag k="ele" v="0" />
  </node>
  <node id="17922" lat="42.99254365358" lon="-78.79696136157">
    <tag k="local_x" v="-364.268688" />
    <tag k="local_y" v="-8.256316" />
    <tag k="ele" v="0" />
  </node>
  <node id="17923" lat="42.99254347438" lon="-78.79697351559">
    <tag k="local_x" v="-365.259859" />
    <tag k="local_y" v="-8.276171" />
    <tag k="ele" v="0" />
  </node>
  <node id="17924" lat="42.99254329518" lon="-78.79698566960">
    <tag k="local_x" v="-366.251030" />
    <tag k="local_y" v="-8.296026" />
    <tag k="ele" v="0" />
  </node>
  <node id="17925" lat="42.99254311597" lon="-78.79699782362">
    <tag k="local_x" v="-367.242201" />
    <tag k="local_y" v="-8.315882" />
    <tag k="ele" v="0" />
  </node>
  <node id="17926" lat="42.99254293677" lon="-78.79700997764">
    <tag k="local_x" v="-368.233372" />
    <tag k="local_y" v="-8.335737" />
    <tag k="ele" v="0" />
  </node>
  <node id="17927" lat="42.99254275756" lon="-78.79702213165">
    <tag k="local_x" v="-369.224544" />
    <tag k="local_y" v="-8.355592" />
    <tag k="ele" v="0" />
  </node>
  <node id="17928" lat="42.99254257835" lon="-78.79703428567">
    <tag k="local_x" v="-370.215715" />
    <tag k="local_y" v="-8.375448" />
    <tag k="ele" v="0" />
  </node>
  <node id="17929" lat="42.99254239914" lon="-78.79704643968">
    <tag k="local_x" v="-371.206886" />
    <tag k="local_y" v="-8.395303" />
    <tag k="ele" v="0" />
  </node>
  <node id="17930" lat="42.99254221993" lon="-78.79705859370">
    <tag k="local_x" v="-372.198057" />
    <tag k="local_y" v="-8.415158" />
    <tag k="ele" v="0" />
  </node>
  <node id="17931" lat="42.99254204072" lon="-78.79707074771">
    <tag k="local_x" v="-373.189228" />
    <tag k="local_y" v="-8.435013" />
    <tag k="ele" v="0" />
  </node>
  <node id="17932" lat="42.99254186150" lon="-78.79708290173">
    <tag k="local_x" v="-374.180399" />
    <tag k="local_y" v="-8.454869" />
    <tag k="ele" v="0" />
  </node>
  <node id="17933" lat="42.99254168228" lon="-78.79709505574">
    <tag k="local_x" v="-375.171570" />
    <tag k="local_y" v="-8.474724" />
    <tag k="ele" v="0" />
  </node>
  <node id="17934" lat="42.99254150307" lon="-78.79710720976">
    <tag k="local_x" v="-376.162741" />
    <tag k="local_y" v="-8.494580" />
    <tag k="ele" v="0" />
  </node>
  <node id="17935" lat="42.99254132385" lon="-78.79711936377">
    <tag k="local_x" v="-377.153912" />
    <tag k="local_y" v="-8.514435" />
    <tag k="ele" v="0" />
  </node>
  <node id="17936" lat="42.99254114463" lon="-78.79713151779">
    <tag k="local_x" v="-378.145084" />
    <tag k="local_y" v="-8.534290" />
    <tag k="ele" v="0" />
  </node>
  <node id="17937" lat="42.99254096541" lon="-78.79714367180">
    <tag k="local_x" v="-379.136255" />
    <tag k="local_y" v="-8.554145" />
    <tag k="ele" v="0" />
  </node>
  <node id="17938" lat="42.99254078619" lon="-78.79715582582">
    <tag k="local_x" v="-380.127426" />
    <tag k="local_y" v="-8.574001" />
    <tag k="ele" v="0" />
  </node>
  <node id="17939" lat="42.99254060697" lon="-78.79716797983">
    <tag k="local_x" v="-381.118597" />
    <tag k="local_y" v="-8.593856" />
    <tag k="ele" v="0" />
  </node>
  <node id="17940" lat="42.99254042774" lon="-78.79718013385">
    <tag k="local_x" v="-382.109768" />
    <tag k="local_y" v="-8.613711" />
    <tag k="ele" v="0" />
  </node>
  <node id="17941" lat="42.99254024851" lon="-78.79719228786">
    <tag k="local_x" v="-383.100939" />
    <tag k="local_y" v="-8.633567" />
    <tag k="ele" v="0" />
  </node>
  <node id="17942" lat="42.99254006929" lon="-78.79720444188">
    <tag k="local_x" v="-384.092110" />
    <tag k="local_y" v="-8.653422" />
    <tag k="ele" v="0" />
  </node>
  <node id="17943" lat="42.99253989006" lon="-78.79721659589">
    <tag k="local_x" v="-385.083281" />
    <tag k="local_y" v="-8.673277" />
    <tag k="ele" v="0" />
  </node>
  <node id="17944" lat="42.99253971083" lon="-78.79722874991">
    <tag k="local_x" v="-386.074452" />
    <tag k="local_y" v="-8.693132" />
    <tag k="ele" v="0" />
  </node>
  <node id="17945" lat="42.99253953160" lon="-78.79724090392">
    <tag k="local_x" v="-387.065623" />
    <tag k="local_y" v="-8.712988" />
    <tag k="ele" v="0" />
  </node>
  <node id="17946" lat="42.99253935237" lon="-78.79725305793">
    <tag k="local_x" v="-388.056795" />
    <tag k="local_y" v="-8.732843" />
    <tag k="ele" v="0" />
  </node>
  <node id="17947" lat="42.99253917314" lon="-78.79726521195">
    <tag k="local_x" v="-389.047966" />
    <tag k="local_y" v="-8.752698" />
    <tag k="ele" v="0" />
  </node>
  <node id="17948" lat="42.99253899390" lon="-78.79727736596">
    <tag k="local_x" v="-390.039137" />
    <tag k="local_y" v="-8.772554" />
    <tag k="ele" v="0" />
  </node>
  <node id="17949" lat="42.99253881467" lon="-78.79728951998">
    <tag k="local_x" v="-391.030308" />
    <tag k="local_y" v="-8.792409" />
    <tag k="ele" v="0" />
  </node>
  <node id="17950" lat="42.99253863543" lon="-78.79730167399">
    <tag k="local_x" v="-392.021479" />
    <tag k="local_y" v="-8.812264" />
    <tag k="ele" v="0" />
  </node>
  <node id="17951" lat="42.99253845619" lon="-78.79731382800">
    <tag k="local_x" v="-393.012650" />
    <tag k="local_y" v="-8.832119" />
    <tag k="ele" v="0" />
  </node>
  <node id="17952" lat="42.99253827695" lon="-78.79732598202">
    <tag k="local_x" v="-394.003821" />
    <tag k="local_y" v="-8.851974" />
    <tag k="ele" v="0" />
  </node>
  <node id="17953" lat="42.99253809771" lon="-78.79733813603">
    <tag k="local_x" v="-394.994992" />
    <tag k="local_y" v="-8.871830" />
    <tag k="ele" v="0" />
  </node>
  <node id="17954" lat="42.99253791847" lon="-78.79735029004">
    <tag k="local_x" v="-395.986163" />
    <tag k="local_y" v="-8.891685" />
    <tag k="ele" v="0" />
  </node>
  <node id="17955" lat="42.99253773922" lon="-78.79736244406">
    <tag k="local_x" v="-396.977334" />
    <tag k="local_y" v="-8.911541" />
    <tag k="ele" v="0" />
  </node>
  <node id="17956" lat="42.99253755998" lon="-78.79737459807">
    <tag k="local_x" v="-397.968506" />
    <tag k="local_y" v="-8.931396" />
    <tag k="ele" v="0" />
  </node>
  <node id="17957" lat="42.99253738073" lon="-78.79738675209">
    <tag k="local_x" v="-398.959677" />
    <tag k="local_y" v="-8.951251" />
    <tag k="ele" v="0" />
  </node>
  <node id="17958" lat="42.99253720148" lon="-78.79739890610">
    <tag k="local_x" v="-399.950848" />
    <tag k="local_y" v="-8.971107" />
    <tag k="ele" v="0" />
  </node>
  <node id="17959" lat="42.99253702223" lon="-78.79741106011">
    <tag k="local_x" v="-400.942019" />
    <tag k="local_y" v="-8.990962" />
    <tag k="ele" v="0" />
  </node>
  <node id="17960" lat="42.99253684298" lon="-78.79742321413">
    <tag k="local_x" v="-401.933190" />
    <tag k="local_y" v="-9.010817" />
    <tag k="ele" v="0" />
  </node>
  <node id="17961" lat="42.99253666373" lon="-78.79743536814">
    <tag k="local_x" v="-402.924361" />
    <tag k="local_y" v="-9.030672" />
    <tag k="ele" v="0" />
  </node>
  <node id="17962" lat="42.99253648448" lon="-78.79744752215">
    <tag k="local_x" v="-403.915532" />
    <tag k="local_y" v="-9.050528" />
    <tag k="ele" v="0" />
  </node>
  <node id="17963" lat="42.99253630523" lon="-78.79745967616">
    <tag k="local_x" v="-404.906703" />
    <tag k="local_y" v="-9.070383" />
    <tag k="ele" v="0" />
  </node>
  <node id="17964" lat="42.99253612597" lon="-78.79747183018">
    <tag k="local_x" v="-405.897874" />
    <tag k="local_y" v="-9.090238" />
    <tag k="ele" v="0" />
  </node>
  <node id="17965" lat="42.99253594671" lon="-78.79748398419">
    <tag k="local_x" v="-406.889046" />
    <tag k="local_y" v="-9.110094" />
    <tag k="ele" v="0" />
  </node>
  <node id="17966" lat="42.99253576745" lon="-78.79749613820">
    <tag k="local_x" v="-407.880217" />
    <tag k="local_y" v="-9.129949" />
    <tag k="ele" v="0" />
  </node>
  <node id="17967" lat="42.99253558819" lon="-78.79750829222">
    <tag k="local_x" v="-408.871388" />
    <tag k="local_y" v="-9.149804" />
    <tag k="ele" v="0" />
  </node>
  <node id="17968" lat="42.99253540894" lon="-78.79752044623">
    <tag k="local_x" v="-409.862559" />
    <tag k="local_y" v="-9.169660" />
    <tag k="ele" v="0" />
  </node>
  <node id="17969" lat="42.99253522967" lon="-78.79753260024">
    <tag k="local_x" v="-410.853730" />
    <tag k="local_y" v="-9.189515" />
    <tag k="ele" v="0" />
  </node>
  <node id="17970" lat="42.99253505041" lon="-78.79754475425">
    <tag k="local_x" v="-411.844901" />
    <tag k="local_y" v="-9.209370" />
    <tag k="ele" v="0" />
  </node>
  <node id="17971" lat="42.99253487115" lon="-78.79755690827">
    <tag k="local_x" v="-412.836072" />
    <tag k="local_y" v="-9.229226" />
    <tag k="ele" v="0" />
  </node>
  <node id="17972" lat="42.99253469188" lon="-78.79756906228">
    <tag k="local_x" v="-413.827243" />
    <tag k="local_y" v="-9.249081" />
    <tag k="ele" v="0" />
  </node>
  <node id="17973" lat="42.99253451261" lon="-78.79758121629">
    <tag k="local_x" v="-414.818414" />
    <tag k="local_y" v="-9.268936" />
    <tag k="ele" v="0" />
  </node>
  <node id="17974" lat="42.99253433335" lon="-78.79759337030">
    <tag k="local_x" v="-415.809585" />
    <tag k="local_y" v="-9.288791" />
    <tag k="ele" v="0" />
  </node>
  <node id="17975" lat="42.99253415408" lon="-78.79760552432">
    <tag k="local_x" v="-416.800757" />
    <tag k="local_y" v="-9.308646" />
    <tag k="ele" v="0" />
  </node>
  <node id="17976" lat="42.99253397480" lon="-78.79761767833">
    <tag k="local_x" v="-417.791928" />
    <tag k="local_y" v="-9.328502" />
    <tag k="ele" v="0" />
  </node>
  <node id="17977" lat="42.99253379553" lon="-78.79762983234">
    <tag k="local_x" v="-418.783099" />
    <tag k="local_y" v="-9.348357" />
    <tag k="ele" v="0" />
  </node>
  <node id="17978" lat="42.99253361626" lon="-78.79764198635">
    <tag k="local_x" v="-419.774270" />
    <tag k="local_y" v="-9.368212" />
    <tag k="ele" v="0" />
  </node>
  <node id="17979" lat="42.99253343876" lon="-78.79765414041">
    <tag k="local_x" v="-420.765445" />
    <tag k="local_y" v="-9.387871" />
    <tag k="ele" v="0" />
  </node>
  <node id="17980" lat="42.99253337463" lon="-78.79766629461">
    <tag k="local_x" v="-421.756631" />
    <tag k="local_y" v="-9.394935" />
    <tag k="ele" v="0" />
  </node>
  <node id="17981" lat="42.99253362379" lon="-78.79767844363">
    <tag k="local_x" v="-422.747391" />
    <tag k="local_y" v="-9.367193" />
    <tag k="ele" v="0" />
  </node>
  <node id="17982" lat="42.99272292506" lon="-78.79776268627">
    <tag k="local_x" v="-429.616131" />
    <tag k="local_y" v="11.663203" />
    <tag k="ele" v="0" />
  </node>
  <node id="17983" lat="42.99273191409" lon="-78.79776272439">
    <tag k="local_x" v="-429.619177" />
    <tag k="local_y" v="12.661817" />
    <tag k="ele" v="0" />
  </node>
  <node id="17984" lat="42.99274090311" lon="-78.79776276250">
    <tag k="local_x" v="-429.622222" />
    <tag k="local_y" v="13.660432" />
    <tag k="ele" v="0" />
  </node>
  <node id="17985" lat="42.99274989214" lon="-78.79776280061">
    <tag k="local_x" v="-429.625268" />
    <tag k="local_y" v="14.659047" />
    <tag k="ele" v="0" />
  </node>
  <node id="17986" lat="42.99275888117" lon="-78.79776283873">
    <tag k="local_x" v="-429.628314" />
    <tag k="local_y" v="15.657661" />
    <tag k="ele" v="0" />
  </node>
  <node id="17987" lat="42.99276787020" lon="-78.79776287691">
    <tag k="local_x" v="-429.631364" />
    <tag k="local_y" v="16.656276" />
    <tag k="ele" v="0" />
  </node>
  <node id="17988" lat="42.99277685923" lon="-78.79776291494">
    <tag k="local_x" v="-429.634404" />
    <tag k="local_y" v="17.654891" />
    <tag k="ele" v="0" />
  </node>
  <node id="17989" lat="42.99278584825" lon="-78.79776295298">
    <tag k="local_x" v="-429.637443" />
    <tag k="local_y" v="18.653505" />
    <tag k="ele" v="0" />
  </node>
  <node id="17990" lat="42.99279483728" lon="-78.79776299108">
    <tag k="local_x" v="-429.640487" />
    <tag k="local_y" v="19.652120" />
    <tag k="ele" v="0" />
  </node>
  <node id="17991" lat="42.99280382631" lon="-78.79776302942">
    <tag k="local_x" v="-429.643552" />
    <tag k="local_y" v="20.650734" />
    <tag k="ele" v="0" />
  </node>
  <node id="17992" lat="42.99281281534" lon="-78.79776306746">
    <tag k="local_x" v="-429.646591" />
    <tag k="local_y" v="21.649349" />
    <tag k="ele" v="0" />
  </node>
  <node id="17993" lat="42.99282180436" lon="-78.79776310549">
    <tag k="local_x" v="-429.649630" />
    <tag k="local_y" v="22.647964" />
    <tag k="ele" v="0" />
  </node>
  <node id="17994" lat="42.99283079339" lon="-78.79776314353">
    <tag k="local_x" v="-429.652669" />
    <tag k="local_y" v="23.646578" />
    <tag k="ele" v="0" />
  </node>
  <node id="17995" lat="42.99283978242" lon="-78.79776318164">
    <tag k="local_x" v="-429.655715" />
    <tag k="local_y" v="24.645193" />
    <tag k="ele" v="0" />
  </node>
  <node id="17996" lat="42.99284877145" lon="-78.79776321990">
    <tag k="local_x" v="-429.658772" />
    <tag k="local_y" v="25.643808" />
    <tag k="ele" v="0" />
  </node>
  <node id="17997" lat="42.99285776048" lon="-78.79776325794">
    <tag k="local_x" v="-429.661811" />
    <tag k="local_y" v="26.642422" />
    <tag k="ele" v="0" />
  </node>
  <node id="17998" lat="42.99286674950" lon="-78.79776329597">
    <tag k="local_x" v="-429.664851" />
    <tag k="local_y" v="27.641037" />
    <tag k="ele" v="0" />
  </node>
  <node id="17999" lat="42.99287573853" lon="-78.79776333401">
    <tag k="local_x" v="-429.667890" />
    <tag k="local_y" v="28.639652" />
    <tag k="ele" v="0" />
  </node>
  <node id="18000" lat="42.99288472756" lon="-78.79776337218">
    <tag k="local_x" v="-429.670940" />
    <tag k="local_y" v="29.638266" />
    <tag k="ele" v="0" />
  </node>
  <node id="18001" lat="42.99289371659" lon="-78.79776341045">
    <tag k="local_x" v="-429.673999" />
    <tag k="local_y" v="30.636881" />
    <tag k="ele" v="0" />
  </node>
  <node id="18002" lat="42.99290270561" lon="-78.79776344849">
    <tag k="local_x" v="-429.677038" />
    <tag k="local_y" v="31.635495" />
    <tag k="ele" v="0" />
  </node>
  <node id="18003" lat="42.99291169464" lon="-78.79776348652">
    <tag k="local_x" v="-429.680077" />
    <tag k="local_y" v="32.634110" />
    <tag k="ele" v="0" />
  </node>
  <node id="18004" lat="42.99292068367" lon="-78.79776352456">
    <tag k="local_x" v="-429.683116" />
    <tag k="local_y" v="33.632725" />
    <tag k="ele" v="0" />
  </node>
  <node id="18005" lat="42.99292967270" lon="-78.79776356277">
    <tag k="local_x" v="-429.686170" />
    <tag k="local_y" v="34.631339" />
    <tag k="ele" v="0" />
  </node>
  <node id="18006" lat="42.99293866172" lon="-78.79776360101">
    <tag k="local_x" v="-429.689225" />
    <tag k="local_y" v="35.629954" />
    <tag k="ele" v="0" />
  </node>
  <node id="18007" lat="42.99294765075" lon="-78.79776363904">
    <tag k="local_x" v="-429.692265" />
    <tag k="local_y" v="36.628569" />
    <tag k="ele" v="0" />
  </node>
  <node id="18008" lat="42.99295663978" lon="-78.79776367708">
    <tag k="local_x" v="-429.695304" />
    <tag k="local_y" v="37.627183" />
    <tag k="ele" v="0" />
  </node>
  <node id="18009" lat="42.99296562881" lon="-78.79776371506">
    <tag k="local_x" v="-429.698338" />
    <tag k="local_y" v="38.625798" />
    <tag k="ele" v="0" />
  </node>
  <node id="18010" lat="42.99297461784" lon="-78.79776375304">
    <tag k="local_x" v="-429.701373" />
    <tag k="local_y" v="39.624413" />
    <tag k="ele" v="0" />
  </node>
  <node id="18011" lat="42.99298360686" lon="-78.79776379108">
    <tag k="local_x" v="-429.704413" />
    <tag k="local_y" v="40.623027" />
    <tag k="ele" v="0" />
  </node>
  <node id="18012" lat="42.99299259589" lon="-78.79776382933">
    <tag k="local_x" v="-429.707470" />
    <tag k="local_y" v="41.621642" />
    <tag k="ele" v="0" />
  </node>
  <node id="18013" lat="42.99300158492" lon="-78.79776386752">
    <tag k="local_x" v="-429.710522" />
    <tag k="local_y" v="42.620256" />
    <tag k="ele" v="0" />
  </node>
  <node id="18014" lat="42.99301057395" lon="-78.79776390556">
    <tag k="local_x" v="-429.713561" />
    <tag k="local_y" v="43.618871" />
    <tag k="ele" v="0" />
  </node>
  <node id="18015" lat="42.99301956297" lon="-78.79776394359">
    <tag k="local_x" v="-429.716600" />
    <tag k="local_y" v="44.617486" />
    <tag k="ele" v="0" />
  </node>
  <node id="18016" lat="42.99302855200" lon="-78.79776398163">
    <tag k="local_x" v="-429.719639" />
    <tag k="local_y" v="45.616100" />
    <tag k="ele" v="0" />
  </node>
  <node id="18017" lat="42.99303754103" lon="-78.79776401992">
    <tag k="local_x" v="-429.722699" />
    <tag k="local_y" v="46.614715" />
    <tag k="ele" v="0" />
  </node>
  <node id="18018" lat="42.99304653006" lon="-78.79776405808">
    <tag k="local_x" v="-429.725748" />
    <tag k="local_y" v="47.613330" />
    <tag k="ele" v="0" />
  </node>
  <node id="18019" lat="42.99305551908" lon="-78.79776409611">
    <tag k="local_x" v="-429.728787" />
    <tag k="local_y" v="48.611944" />
    <tag k="ele" v="0" />
  </node>
  <node id="18020" lat="42.99306450811" lon="-78.79776413415">
    <tag k="local_x" v="-429.731827" />
    <tag k="local_y" v="49.610559" />
    <tag k="ele" v="0" />
  </node>
  <node id="18021" lat="42.99307349714" lon="-78.79776417218">
    <tag k="local_x" v="-429.734866" />
    <tag k="local_y" v="50.609173" />
    <tag k="ele" v="0" />
  </node>
  <node id="18022" lat="42.99308248617" lon="-78.79776421051">
    <tag k="local_x" v="-429.737929" />
    <tag k="local_y" v="51.607788" />
    <tag k="ele" v="0" />
  </node>
  <node id="18023" lat="42.99309147519" lon="-78.79776424863">
    <tag k="local_x" v="-429.740975" />
    <tag k="local_y" v="52.606403" />
    <tag k="ele" v="0" />
  </node>
  <node id="18024" lat="42.99310046422" lon="-78.79776428667">
    <tag k="local_x" v="-429.744014" />
    <tag k="local_y" v="53.605017" />
    <tag k="ele" v="0" />
  </node>
  <node id="18025" lat="42.99310945325" lon="-78.79776432470">
    <tag k="local_x" v="-429.747053" />
    <tag k="local_y" v="54.603632" />
    <tag k="ele" v="0" />
  </node>
  <node id="18026" lat="42.99311844228" lon="-78.79776436274">
    <tag k="local_x" v="-429.750092" />
    <tag k="local_y" v="55.602247" />
    <tag k="ele" v="0" />
  </node>
  <node id="18027" lat="42.99312743130" lon="-78.79776440110">
    <tag k="local_x" v="-429.753158" />
    <tag k="local_y" v="56.600861" />
    <tag k="ele" v="0" />
  </node>
  <node id="18028" lat="42.99313642033" lon="-78.79776443918">
    <tag k="local_x" v="-429.756201" />
    <tag k="local_y" v="57.599476" />
    <tag k="ele" v="0" />
  </node>
  <node id="18029" lat="42.99314540936" lon="-78.79776447722">
    <tag k="local_x" v="-429.759240" />
    <tag k="local_y" v="58.598090" />
    <tag k="ele" v="0" />
  </node>
  <node id="18030" lat="42.99315439838" lon="-78.79776451526">
    <tag k="local_x" v="-429.762280" />
    <tag k="local_y" v="59.596705" />
    <tag k="ele" v="0" />
  </node>
  <node id="18031" lat="42.99316338741" lon="-78.79776455329">
    <tag k="local_x" v="-429.765319" />
    <tag k="local_y" v="60.595320" />
    <tag k="ele" v="0" />
  </node>
  <node id="18032" lat="42.99317237644" lon="-78.79776459169">
    <tag k="local_x" v="-429.768387" />
    <tag k="local_y" v="61.593934" />
    <tag k="ele" v="0" />
  </node>
  <node id="18033" lat="42.99318136547" lon="-78.79776462974">
    <tag k="local_x" v="-429.771428" />
    <tag k="local_y" v="62.592549" />
    <tag k="ele" v="0" />
  </node>
  <node id="18034" lat="42.99319035449" lon="-78.79776466770">
    <tag k="local_x" v="-429.774461" />
    <tag k="local_y" v="63.591164" />
    <tag k="ele" v="0" />
  </node>
  <node id="18035" lat="42.99319934352" lon="-78.79776470574">
    <tag k="local_x" v="-429.777501" />
    <tag k="local_y" v="64.589778" />
    <tag k="ele" v="0" />
  </node>
  <node id="18036" lat="42.99320833255" lon="-78.79776474415">
    <tag k="local_x" v="-429.780570" />
    <tag k="local_y" v="65.588393" />
    <tag k="ele" v="0" />
  </node>
  <node id="18037" lat="42.99321732157" lon="-78.79776478218">
    <tag k="local_x" v="-429.783609" />
    <tag k="local_y" v="66.587008" />
    <tag k="ele" v="0" />
  </node>
  <node id="18038" lat="42.99322631060" lon="-78.79776482022">
    <tag k="local_x" v="-429.786648" />
    <tag k="local_y" v="67.585622" />
    <tag k="ele" v="0" />
  </node>
  <node id="18039" lat="42.99323529963" lon="-78.79776485825">
    <tag k="local_x" v="-429.789687" />
    <tag k="local_y" v="68.584237" />
    <tag k="ele" v="0" />
  </node>
  <node id="18040" lat="42.99324428866" lon="-78.79776489629">
    <tag k="local_x" v="-429.792727" />
    <tag k="local_y" v="69.582851" />
    <tag k="ele" v="0" />
  </node>
  <node id="18041" lat="42.99325327768" lon="-78.79776493438">
    <tag k="local_x" v="-429.795770" />
    <tag k="local_y" v="70.581466" />
    <tag k="ele" v="0" />
  </node>
  <node id="18042" lat="42.99326226671" lon="-78.79776497274">
    <tag k="local_x" v="-429.798836" />
    <tag k="local_y" v="71.580081" />
    <tag k="ele" v="0" />
  </node>
  <node id="18043" lat="42.99327125574" lon="-78.79776501077">
    <tag k="local_x" v="-429.801875" />
    <tag k="local_y" v="72.578695" />
    <tag k="ele" v="0" />
  </node>
  <node id="18044" lat="42.99328024476" lon="-78.79776504881">
    <tag k="local_x" v="-429.804914" />
    <tag k="local_y" v="73.577310" />
    <tag k="ele" v="0" />
  </node>
  <node id="18045" lat="42.99328923379" lon="-78.79776508685">
    <tag k="local_x" v="-429.807953" />
    <tag k="local_y" v="74.575925" />
    <tag k="ele" v="0" />
  </node>
  <node id="18046" lat="42.99329822282" lon="-78.79776512497">
    <tag k="local_x" v="-429.810999" />
    <tag k="local_y" v="75.574539" />
    <tag k="ele" v="0" />
  </node>
  <node id="18047" lat="42.99330721185" lon="-78.79776516329">
    <tag k="local_x" v="-429.814062" />
    <tag k="local_y" v="76.573154" />
    <tag k="ele" v="0" />
  </node>
  <node id="18048" lat="42.99331620087" lon="-78.79776520133">
    <tag k="local_x" v="-429.817101" />
    <tag k="local_y" v="77.571768" />
    <tag k="ele" v="0" />
  </node>
  <node id="18049" lat="42.99332518990" lon="-78.79776523936">
    <tag k="local_x" v="-429.820140" />
    <tag k="local_y" v="78.570383" />
    <tag k="ele" v="0" />
  </node>
  <node id="18050" lat="42.99333417893" lon="-78.79776527740">
    <tag k="local_x" v="-429.823180" />
    <tag k="local_y" v="79.568998" />
    <tag k="ele" v="0" />
  </node>
  <node id="18051" lat="42.99334316795" lon="-78.79776531556">
    <tag k="local_x" v="-429.826229" />
    <tag k="local_y" v="80.567612" />
    <tag k="ele" v="0" />
  </node>
  <node id="18052" lat="42.99335215698" lon="-78.79776535385">
    <tag k="local_x" v="-429.829289" />
    <tag k="local_y" v="81.566227" />
    <tag k="ele" v="0" />
  </node>
  <node id="18053" lat="42.99336114601" lon="-78.79776539188">
    <tag k="local_x" v="-429.832328" />
    <tag k="local_y" v="82.564842" />
    <tag k="ele" v="0" />
  </node>
  <node id="18054" lat="42.99337013503" lon="-78.79776542992">
    <tag k="local_x" v="-429.835367" />
    <tag k="local_y" v="83.563456" />
    <tag k="ele" v="0" />
  </node>
  <node id="18055" lat="42.99337912406" lon="-78.79776546796">
    <tag k="local_x" v="-429.838406" />
    <tag k="local_y" v="84.562071" />
    <tag k="ele" v="0" />
  </node>
  <node id="18056" lat="42.99338811309" lon="-78.79776550615">
    <tag k="local_x" v="-429.841458" />
    <tag k="local_y" v="85.560686" />
    <tag k="ele" v="0" />
  </node>
  <node id="18057" lat="42.99339710211" lon="-78.79776554440">
    <tag k="local_x" v="-429.844515" />
    <tag k="local_y" v="86.559300" />
    <tag k="ele" v="0" />
  </node>
  <node id="18058" lat="42.99340609114" lon="-78.79776558244">
    <tag k="local_x" v="-429.847554" />
    <tag k="local_y" v="87.557915" />
    <tag k="ele" v="0" />
  </node>
  <node id="18059" lat="42.99341508017" lon="-78.79776562048">
    <tag k="local_x" v="-429.850594" />
    <tag k="local_y" v="88.556529" />
    <tag k="ele" v="0" />
  </node>
  <node id="18060" lat="42.99342406920" lon="-78.79776565851">
    <tag k="local_x" v="-429.853633" />
    <tag k="local_y" v="89.555144" />
    <tag k="ele" v="0" />
  </node>
  <node id="18061" lat="42.99343305822" lon="-78.79776569674">
    <tag k="local_x" v="-429.856688" />
    <tag k="local_y" v="90.553759" />
    <tag k="ele" v="0" />
  </node>
  <node id="18062" lat="42.99344204725" lon="-78.79776573496">
    <tag k="local_x" v="-429.859742" />
    <tag k="local_y" v="91.552373" />
    <tag k="ele" v="0" />
  </node>
  <node id="18063" lat="42.99345103628" lon="-78.79776577300">
    <tag k="local_x" v="-429.862781" />
    <tag k="local_y" v="92.550988" />
    <tag k="ele" v="0" />
  </node>
  <node id="18064" lat="42.99346002530" lon="-78.79776581103">
    <tag k="local_x" v="-429.865820" />
    <tag k="local_y" v="93.549603" />
    <tag k="ele" v="0" />
  </node>
  <node id="18065" lat="42.99346901433" lon="-78.79776584907">
    <tag k="local_x" v="-429.868859" />
    <tag k="local_y" v="94.548217" />
    <tag k="ele" v="0" />
  </node>
  <node id="18066" lat="42.99347800336" lon="-78.79776588710">
    <tag k="local_x" v="-429.871898" />
    <tag k="local_y" v="95.546832" />
    <tag k="ele" v="0" />
  </node>
  <node id="18067" lat="42.99348699238" lon="-78.79776592538">
    <tag k="local_x" v="-429.874957" />
    <tag k="local_y" v="96.545446" />
    <tag k="ele" v="0" />
  </node>
  <node id="18068" lat="42.99349598141" lon="-78.79776596355">
    <tag k="local_x" v="-429.878007" />
    <tag k="local_y" v="97.544061" />
    <tag k="ele" v="0" />
  </node>
  <node id="18069" lat="42.99350497044" lon="-78.79776600159">
    <tag k="local_x" v="-429.881047" />
    <tag k="local_y" v="98.542676" />
    <tag k="ele" v="0" />
  </node>
  <node id="18070" lat="42.99351395946" lon="-78.79776603962">
    <tag k="local_x" v="-429.884086" />
    <tag k="local_y" v="99.541290" />
    <tag k="ele" v="0" />
  </node>
  <node id="18071" lat="42.99352294849" lon="-78.79776607766">
    <tag k="local_x" v="-429.887125" />
    <tag k="local_y" v="100.539905" />
    <tag k="ele" v="0" />
  </node>
  <node id="18072" lat="42.99353193752" lon="-78.79776611597">
    <tag k="local_x" v="-429.890186" />
    <tag k="local_y" v="101.538520" />
    <tag k="ele" v="0" />
  </node>
  <node id="18073" lat="42.99354092654" lon="-78.79776615405">
    <tag k="local_x" v="-429.893229" />
    <tag k="local_y" v="102.537134" />
    <tag k="ele" v="0" />
  </node>
  <node id="18074" lat="42.99354991557" lon="-78.79776619207">
    <tag k="local_x" v="-429.896267" />
    <tag k="local_y" v="103.535749" />
    <tag k="ele" v="0" />
  </node>
  <node id="18075" lat="42.99355890460" lon="-78.79776623011">
    <tag k="local_x" v="-429.899306" />
    <tag k="local_y" v="104.534364" />
    <tag k="ele" v="0" />
  </node>
  <node id="18076" lat="42.99356789362" lon="-78.79776626844">
    <tag k="local_x" v="-429.902370" />
    <tag k="local_y" v="105.532978" />
    <tag k="ele" v="0" />
  </node>
  <node id="18077" lat="42.99357688265" lon="-78.79776630655">
    <tag k="local_x" v="-429.905415" />
    <tag k="local_y" v="106.531593" />
    <tag k="ele" v="0" />
  </node>
  <node id="18078" lat="42.99358587168" lon="-78.79776634459">
    <tag k="local_x" v="-429.908454" />
    <tag k="local_y" v="107.530207" />
    <tag k="ele" v="0" />
  </node>
  <node id="18079" lat="42.99359486070" lon="-78.79776638263">
    <tag k="local_x" v="-429.911494" />
    <tag k="local_y" v="108.528822" />
    <tag k="ele" v="0" />
  </node>
  <node id="18080" lat="42.99360384973" lon="-78.79776642066">
    <tag k="local_x" v="-429.914533" />
    <tag k="local_y" v="109.527437" />
    <tag k="ele" v="0" />
  </node>
  <node id="18081" lat="42.99361283876" lon="-78.79776645904">
    <tag k="local_x" v="-429.917599" />
    <tag k="local_y" v="110.526051" />
    <tag k="ele" v="0" />
  </node>
  <node id="18082" lat="42.99362182778" lon="-78.79776649711">
    <tag k="local_x" v="-429.920642" />
    <tag k="local_y" v="111.524666" />
    <tag k="ele" v="0" />
  </node>
  <node id="18083" lat="42.99363081681" lon="-78.79776653515">
    <tag k="local_x" v="-429.923681" />
    <tag k="local_y" v="112.523281" />
    <tag k="ele" v="0" />
  </node>
  <node id="18084" lat="42.99363980584" lon="-78.79776657318">
    <tag k="local_x" v="-429.926720" />
    <tag k="local_y" v="113.521895" />
    <tag k="ele" v="0" />
  </node>
  <node id="18085" lat="42.99364879486" lon="-78.79776661122">
    <tag k="local_x" v="-429.929759" />
    <tag k="local_y" v="114.520510" />
    <tag k="ele" v="0" />
  </node>
  <node id="18086" lat="42.99365778389" lon="-78.79776664963">
    <tag k="local_x" v="-429.932829" />
    <tag k="local_y" v="115.519124" />
    <tag k="ele" v="0" />
  </node>
  <node id="18087" lat="42.99366677292" lon="-78.79776668767">
    <tag k="local_x" v="-429.935868" />
    <tag k="local_y" v="116.517739" />
    <tag k="ele" v="0" />
  </node>
  <node id="18088" lat="42.99367576194" lon="-78.79776672570">
    <tag k="local_x" v="-429.938907" />
    <tag k="local_y" v="117.516354" />
    <tag k="ele" v="0" />
  </node>
  <node id="18089" lat="42.99368475097" lon="-78.79776676319">
    <tag k="local_x" v="-429.941901" />
    <tag k="local_y" v="118.514969" />
    <tag k="ele" v="0" />
  </node>
  <node id="18090" lat="42.99369374002" lon="-78.79776678900">
    <tag k="local_x" v="-429.943944" />
    <tag k="local_y" v="119.513586" />
    <tag k="ele" v="0" />
  </node>
  <node id="18091" lat="42.99370272908" lon="-78.79776680843">
    <tag k="local_x" v="-429.945466" />
    <tag k="local_y" v="120.512204" />
    <tag k="ele" v="0" />
  </node>
  <node id="18092" lat="42.99371171814" lon="-78.79776682756">
    <tag k="local_x" v="-429.946963" />
    <tag k="local_y" v="121.510822" />
    <tag k="ele" v="0" />
  </node>
  <node id="18093" lat="42.99372070720" lon="-78.79776684703">
    <tag k="local_x" v="-429.948488" />
    <tag k="local_y" v="122.509440" />
    <tag k="ele" v="0" />
  </node>
  <node id="18094" lat="42.99372969625" lon="-78.79776686644">
    <tag k="local_x" v="-429.950009" />
    <tag k="local_y" v="123.508058" />
    <tag k="ele" v="0" />
  </node>
  <node id="18095" lat="42.99373868531" lon="-78.79776688559">
    <tag k="local_x" v="-429.951508" />
    <tag k="local_y" v="124.506676" />
    <tag k="ele" v="0" />
  </node>
  <node id="18096" lat="42.99374767437" lon="-78.79776690506">
    <tag k="local_x" v="-429.953033" />
    <tag k="local_y" v="125.505294" />
    <tag k="ele" v="0" />
  </node>
  <node id="18097" lat="42.99375666343" lon="-78.79776692445">
    <tag k="local_x" v="-429.954551" />
    <tag k="local_y" v="126.503913" />
    <tag k="ele" v="0" />
  </node>
  <node id="18098" lat="42.99376565249" lon="-78.79776694362">
    <tag k="local_x" v="-429.956052" />
    <tag k="local_y" v="127.502531" />
    <tag k="ele" v="0" />
  </node>
  <node id="18099" lat="42.99377464155" lon="-78.79776696309">
    <tag k="local_x" v="-429.957577" />
    <tag k="local_y" v="128.501149" />
    <tag k="ele" v="0" />
  </node>
  <node id="18100" lat="42.99378363061" lon="-78.79776698246">
    <tag k="local_x" v="-429.959094" />
    <tag k="local_y" v="129.499767" />
    <tag k="ele" v="0" />
  </node>
  <node id="18101" lat="42.99379261966" lon="-78.79776700166">
    <tag k="local_x" v="-429.960596" />
    <tag k="local_y" v="130.498385" />
    <tag k="ele" v="0" />
  </node>
  <node id="18102" lat="42.99380160872" lon="-78.79776702101">
    <tag k="local_x" v="-429.962112" />
    <tag k="local_y" v="131.497003" />
    <tag k="ele" v="0" />
  </node>
  <node id="18103" lat="42.99381059778" lon="-78.79776704022">
    <tag k="local_x" v="-429.963616" />
    <tag k="local_y" v="132.495621" />
    <tag k="ele" v="0" />
  </node>
  <node id="18104" lat="42.99381958684" lon="-78.79776705969">
    <tag k="local_x" v="-429.965141" />
    <tag k="local_y" v="133.494239" />
    <tag k="ele" v="0" />
  </node>
  <node id="18105" lat="42.99382857590" lon="-78.79776707902">
    <tag k="local_x" v="-429.966655" />
    <tag k="local_y" v="134.492858" />
    <tag k="ele" v="0" />
  </node>
  <node id="18106" lat="42.99383756496" lon="-78.79776709825">
    <tag k="local_x" v="-429.968160" />
    <tag k="local_y" v="135.491476" />
    <tag k="ele" v="0" />
  </node>
  <node id="18107" lat="42.99384655402" lon="-78.79776711772">
    <tag k="local_x" v="-429.969685" />
    <tag k="local_y" v="136.490094" />
    <tag k="ele" v="0" />
  </node>
  <node id="18108" lat="42.99385554307" lon="-78.79776713703">
    <tag k="local_x" v="-429.971198" />
    <tag k="local_y" v="137.488712" />
    <tag k="ele" v="0" />
  </node>
  <node id="18109" lat="42.99386453213" lon="-78.79776715628">
    <tag k="local_x" v="-429.972705" />
    <tag k="local_y" v="138.487330" />
    <tag k="ele" v="0" />
  </node>
  <node id="18110" lat="42.99387352119" lon="-78.79776717575">
    <tag k="local_x" v="-429.974230" />
    <tag k="local_y" v="139.485948" />
    <tag k="ele" v="0" />
  </node>
  <node id="18111" lat="42.99388251025" lon="-78.79776719505">
    <tag k="local_x" v="-429.975741" />
    <tag k="local_y" v="140.484566" />
    <tag k="ele" v="0" />
  </node>
  <node id="18112" lat="42.99389149931" lon="-78.79776721432">
    <tag k="local_x" v="-429.977249" />
    <tag k="local_y" v="141.483184" />
    <tag k="ele" v="0" />
  </node>
  <node id="18113" lat="42.99390048837" lon="-78.79776723367">
    <tag k="local_x" v="-429.978765" />
    <tag k="local_y" v="142.481803" />
    <tag k="ele" v="0" />
  </node>
  <node id="18114" lat="42.99390947743" lon="-78.79776725303">
    <tag k="local_x" v="-429.980281" />
    <tag k="local_y" v="143.480421" />
    <tag k="ele" v="0" />
  </node>
  <node id="18115" lat="42.99391846648" lon="-78.79776727250">
    <tag k="local_x" v="-429.981806" />
    <tag k="local_y" v="144.479039" />
    <tag k="ele" v="0" />
  </node>
  <node id="18116" lat="42.99392745554" lon="-78.79776729176">
    <tag k="local_x" v="-429.983314" />
    <tag k="local_y" v="145.477657" />
    <tag k="ele" v="0" />
  </node>
  <node id="18117" lat="42.99393644460" lon="-78.79776731103">
    <tag k="local_x" v="-429.984823" />
    <tag k="local_y" v="146.476275" />
    <tag k="ele" v="0" />
  </node>
  <node id="18118" lat="42.99394543366" lon="-78.79776733039">
    <tag k="local_x" v="-429.986339" />
    <tag k="local_y" v="147.474893" />
    <tag k="ele" v="0" />
  </node>
  <node id="18119" lat="42.99395442272" lon="-78.79776734973">
    <tag k="local_x" v="-429.987853" />
    <tag k="local_y" v="148.473511" />
    <tag k="ele" v="0" />
  </node>
  <node id="18120" lat="42.99396341178" lon="-78.79776736907">
    <tag k="local_x" v="-429.989368" />
    <tag k="local_y" v="149.472129" />
    <tag k="ele" v="0" />
  </node>
  <node id="18121" lat="42.99397240083" lon="-78.79776738840">
    <tag k="local_x" v="-429.990882" />
    <tag k="local_y" v="150.470748" />
    <tag k="ele" v="0" />
  </node>
  <node id="18122" lat="42.99398138989" lon="-78.79776740774">
    <tag k="local_x" v="-429.992396" />
    <tag k="local_y" v="151.469366" />
    <tag k="ele" v="0" />
  </node>
  <node id="18123" lat="42.99399037895" lon="-78.79776742708">
    <tag k="local_x" v="-429.993910" />
    <tag k="local_y" v="152.467984" />
    <tag k="ele" v="0" />
  </node>
  <node id="18124" lat="42.99399936801" lon="-78.79776744588">
    <tag k="local_x" v="-429.995381" />
    <tag k="local_y" v="153.466602" />
    <tag k="ele" v="0" />
  </node>
  <node id="18125" lat="42.99400835707" lon="-78.79776746437">
    <tag k="local_x" v="-429.996826" />
    <tag k="local_y" v="154.465220" />
    <tag k="ele" v="0" />
  </node>
  <node id="18126" lat="42.99401734613" lon="-78.79776748282">
    <tag k="local_x" v="-429.998268" />
    <tag k="local_y" v="155.463839" />
    <tag k="ele" v="0" />
  </node>
  <node id="18127" lat="42.99402633519" lon="-78.79776750127">
    <tag k="local_x" v="-429.999710" />
    <tag k="local_y" v="156.462457" />
    <tag k="ele" v="0" />
  </node>
  <node id="18128" lat="42.99403532425" lon="-78.79776751972">
    <tag k="local_x" v="-430.001152" />
    <tag k="local_y" v="157.461075" />
    <tag k="ele" v="0" />
  </node>
  <node id="18129" lat="42.99404431331" lon="-78.79776753817">
    <tag k="local_x" v="-430.002594" />
    <tag k="local_y" v="158.459693" />
    <tag k="ele" v="0" />
  </node>
  <node id="18130" lat="42.99405330236" lon="-78.79776755663">
    <tag k="local_x" v="-430.004036" />
    <tag k="local_y" v="159.458311" />
    <tag k="ele" v="0" />
  </node>
  <node id="18131" lat="42.99406229142" lon="-78.79776757519">
    <tag k="local_x" v="-430.005487" />
    <tag k="local_y" v="160.456930" />
    <tag k="ele" v="0" />
  </node>
  <node id="18132" lat="42.99407128048" lon="-78.79776759355">
    <tag k="local_x" v="-430.006922" />
    <tag k="local_y" v="161.455548" />
    <tag k="ele" v="0" />
  </node>
  <node id="18133" lat="42.99408026954" lon="-78.79776761221">
    <tag k="local_x" v="-430.008382" />
    <tag k="local_y" v="162.454166" />
    <tag k="ele" v="0" />
  </node>
  <node id="18134" lat="42.99408925860" lon="-78.79776763059">
    <tag k="local_x" v="-430.009817" />
    <tag k="local_y" v="163.452784" />
    <tag k="ele" v="0" />
  </node>
  <node id="18135" lat="42.99409824766" lon="-78.79776764892">
    <tag k="local_x" v="-430.011249" />
    <tag k="local_y" v="164.451403" />
    <tag k="ele" v="0" />
  </node>
  <node id="18136" lat="42.99410723672" lon="-78.79776766760">
    <tag k="local_x" v="-430.012710" />
    <tag k="local_y" v="165.450021" />
    <tag k="ele" v="0" />
  </node>
  <node id="18137" lat="42.99411622578" lon="-78.79776768595">
    <tag k="local_x" v="-430.014144" />
    <tag k="local_y" v="166.448639" />
    <tag k="ele" v="0" />
  </node>
  <node id="18138" lat="42.99412521484" lon="-78.79776770440">
    <tag k="local_x" v="-430.015586" />
    <tag k="local_y" v="167.447257" />
    <tag k="ele" v="0" />
  </node>
  <node id="18139" lat="42.99272192859" lon="-78.79787542226">
    <tag k="local_x" v="-438.809825" />
    <tag k="local_y" v="11.553085" />
    <tag k="ele" v="0" />
  </node>
  <node id="18140" lat="42.99273087549" lon="-78.79787545994">
    <tag k="local_x" v="-438.812834" />
    <tag k="local_y" v="12.547019" />
    <tag k="ele" v="0" />
  </node>
  <node id="18141" lat="42.99273982239" lon="-78.79787549762">
    <tag k="local_x" v="-438.815843" />
    <tag k="local_y" v="13.540954" />
    <tag k="ele" v="0" />
  </node>
  <node id="18142" lat="42.99274876929" lon="-78.79787553529">
    <tag k="local_x" v="-438.818852" />
    <tag k="local_y" v="14.534889" />
    <tag k="ele" v="0" />
  </node>
  <node id="18143" lat="42.99275771619" lon="-78.79787557297">
    <tag k="local_x" v="-438.821861" />
    <tag k="local_y" v="15.528824" />
    <tag k="ele" v="0" />
  </node>
  <node id="18144" lat="42.99276666310" lon="-78.79787561065">
    <tag k="local_x" v="-438.824869" />
    <tag k="local_y" v="16.522759" />
    <tag k="ele" v="0" />
  </node>
  <node id="18145" lat="42.99277561000" lon="-78.79787564825">
    <tag k="local_x" v="-438.827872" />
    <tag k="local_y" v="17.516693" />
    <tag k="ele" v="0" />
  </node>
  <node id="18146" lat="42.99278455690" lon="-78.79787568585">
    <tag k="local_x" v="-438.830875" />
    <tag k="local_y" v="18.510628" />
    <tag k="ele" v="0" />
  </node>
  <node id="18147" lat="42.99279350380" lon="-78.79787572383">
    <tag k="local_x" v="-438.833909" />
    <tag k="local_y" v="19.504563" />
    <tag k="ele" v="0" />
  </node>
  <node id="18148" lat="42.99280245071" lon="-78.79787576143">
    <tag k="local_x" v="-438.836911" />
    <tag k="local_y" v="20.498498" />
    <tag k="ele" v="0" />
  </node>
  <node id="18149" lat="42.99281139761" lon="-78.79787579904">
    <tag k="local_x" v="-438.839914" />
    <tag k="local_y" v="21.492432" />
    <tag k="ele" v="0" />
  </node>
  <node id="18150" lat="42.99282034451" lon="-78.79787583664">
    <tag k="local_x" v="-438.842917" />
    <tag k="local_y" v="22.486367" />
    <tag k="ele" v="0" />
  </node>
  <node id="18151" lat="42.99282929141" lon="-78.79787587424">
    <tag k="local_x" v="-438.845920" />
    <tag k="local_y" v="23.480302" />
    <tag k="ele" v="0" />
  </node>
  <node id="18152" lat="42.99283823831" lon="-78.79787591222">
    <tag k="local_x" v="-438.848954" />
    <tag k="local_y" v="24.474237" />
    <tag k="ele" v="0" />
  </node>
  <node id="18153" lat="42.99284718522" lon="-78.79787594982">
    <tag k="local_x" v="-438.851956" />
    <tag k="local_y" v="25.468172" />
    <tag k="ele" v="0" />
  </node>
  <node id="18154" lat="42.99285613212" lon="-78.79787598742">
    <tag k="local_x" v="-438.854959" />
    <tag k="local_y" v="26.462106" />
    <tag k="ele" v="0" />
  </node>
  <node id="18155" lat="42.99286507902" lon="-78.79787602503">
    <tag k="local_x" v="-438.857962" />
    <tag k="local_y" v="27.456041" />
    <tag k="ele" v="0" />
  </node>
  <node id="18156" lat="42.99287402592" lon="-78.79787606263">
    <tag k="local_x" v="-438.860965" />
    <tag k="local_y" v="28.449976" />
    <tag k="ele" v="0" />
  </node>
  <node id="18157" lat="42.99288297282" lon="-78.79787610023">
    <tag k="local_x" v="-438.863968" />
    <tag k="local_y" v="29.443911" />
    <tag k="ele" v="0" />
  </node>
  <node id="18158" lat="42.99289191973" lon="-78.79787613821">
    <tag k="local_x" v="-438.867001" />
    <tag k="local_y" v="30.437845" />
    <tag k="ele" v="0" />
  </node>
  <node id="18159" lat="42.99290086663" lon="-78.79787617581">
    <tag k="local_x" v="-438.870004" />
    <tag k="local_y" v="31.431780" />
    <tag k="ele" v="0" />
  </node>
  <node id="18160" lat="42.99290981353" lon="-78.79787621342">
    <tag k="local_x" v="-438.873007" />
    <tag k="local_y" v="32.425715" />
    <tag k="ele" v="0" />
  </node>
  <node id="18161" lat="42.99291876043" lon="-78.79787625102">
    <tag k="local_x" v="-438.876010" />
    <tag k="local_y" v="33.419650" />
    <tag k="ele" v="0" />
  </node>
  <node id="18162" lat="42.99292770733" lon="-78.79787628862">
    <tag k="local_x" v="-438.879013" />
    <tag k="local_y" v="34.413585" />
    <tag k="ele" v="0" />
  </node>
  <node id="18163" lat="42.99293665424" lon="-78.79787632660">
    <tag k="local_x" v="-438.882046" />
    <tag k="local_y" v="35.407519" />
    <tag k="ele" v="0" />
  </node>
  <node id="18164" lat="42.99294560114" lon="-78.79787636421">
    <tag k="local_x" v="-438.885049" />
    <tag k="local_y" v="36.401454" />
    <tag k="ele" v="0" />
  </node>
  <node id="18165" lat="42.99295454804" lon="-78.79787640181">
    <tag k="local_x" v="-438.888052" />
    <tag k="local_y" v="37.395389" />
    <tag k="ele" v="0" />
  </node>
  <node id="18166" lat="42.99296349494" lon="-78.79787643941">
    <tag k="local_x" v="-438.891055" />
    <tag k="local_y" v="38.389324" />
    <tag k="ele" v="0" />
  </node>
  <node id="18167" lat="42.99297244184" lon="-78.79787647691">
    <tag k="local_x" v="-438.894049" />
    <tag k="local_y" v="39.383259" />
    <tag k="ele" v="0" />
  </node>
  <node id="18168" lat="42.99298138875" lon="-78.79787651451">
    <tag k="local_x" v="-438.897052" />
    <tag k="local_y" v="40.377193" />
    <tag k="ele" v="0" />
  </node>
  <node id="18169" lat="42.99299033565" lon="-78.79787655211">
    <tag k="local_x" v="-438.900055" />
    <tag k="local_y" v="41.371128" />
    <tag k="ele" v="0" />
  </node>
  <node id="18170" lat="42.99299928255" lon="-78.79787659009">
    <tag k="local_x" v="-438.903088" />
    <tag k="local_y" v="42.365063" />
    <tag k="ele" v="0" />
  </node>
  <node id="18171" lat="42.99300822945" lon="-78.79787662770">
    <tag k="local_x" v="-438.906091" />
    <tag k="local_y" v="43.358998" />
    <tag k="ele" v="0" />
  </node>
  <node id="18172" lat="42.99301717635" lon="-78.79787666530">
    <tag k="local_x" v="-438.909094" />
    <tag k="local_y" v="44.352932" />
    <tag k="ele" v="0" />
  </node>
  <node id="18173" lat="42.99302612326" lon="-78.79787670290">
    <tag k="local_x" v="-438.912097" />
    <tag k="local_y" v="45.346867" />
    <tag k="ele" v="0" />
  </node>
  <node id="18174" lat="42.99303507016" lon="-78.79787674051">
    <tag k="local_x" v="-438.915100" />
    <tag k="local_y" v="46.340802" />
    <tag k="ele" v="0" />
  </node>
  <node id="18175" lat="42.99304401706" lon="-78.79787677848">
    <tag k="local_x" v="-438.918133" />
    <tag k="local_y" v="47.334737" />
    <tag k="ele" v="0" />
  </node>
  <node id="18176" lat="42.99305296396" lon="-78.79787681609">
    <tag k="local_x" v="-438.921136" />
    <tag k="local_y" v="48.328672" />
    <tag k="ele" v="0" />
  </node>
  <node id="18177" lat="42.99306191086" lon="-78.79787685369">
    <tag k="local_x" v="-438.924139" />
    <tag k="local_y" v="49.322606" />
    <tag k="ele" v="0" />
  </node>
  <node id="18178" lat="42.99307085776" lon="-78.79787689129">
    <tag k="local_x" v="-438.927142" />
    <tag k="local_y" v="50.316541" />
    <tag k="ele" v="0" />
  </node>
  <node id="18179" lat="42.99307980467" lon="-78.79787692890">
    <tag k="local_x" v="-438.930145" />
    <tag k="local_y" v="51.310476" />
    <tag k="ele" v="0" />
  </node>
  <node id="18180" lat="42.99308875157" lon="-78.79787696680">
    <tag k="local_x" v="-438.933172" />
    <tag k="local_y" v="52.304411" />
    <tag k="ele" v="0" />
  </node>
  <node id="18181" lat="42.99309769847" lon="-78.79787700440">
    <tag k="local_x" v="-438.936175" />
    <tag k="local_y" v="53.298345" />
    <tag k="ele" v="0" />
  </node>
  <node id="18182" lat="42.99310664537" lon="-78.79787704201">
    <tag k="local_x" v="-438.939178" />
    <tag k="local_y" v="54.292280" />
    <tag k="ele" v="0" />
  </node>
  <node id="18183" lat="42.99311559227" lon="-78.79787707961">
    <tag k="local_x" v="-438.942181" />
    <tag k="local_y" v="55.286215" />
    <tag k="ele" v="0" />
  </node>
  <node id="18184" lat="42.99312453917" lon="-78.79787711759">
    <tag k="local_x" v="-438.945214" />
    <tag k="local_y" v="56.280150" />
    <tag k="ele" v="0" />
  </node>
  <node id="18185" lat="42.99313348607" lon="-78.79787715519">
    <tag k="local_x" v="-438.948217" />
    <tag k="local_y" v="57.274085" />
    <tag k="ele" v="0" />
  </node>
  <node id="18186" lat="42.99314243298" lon="-78.79787719279">
    <tag k="local_x" v="-438.951220" />
    <tag k="local_y" v="58.268019" />
    <tag k="ele" v="0" />
  </node>
  <node id="18187" lat="42.99315137988" lon="-78.79787723040">
    <tag k="local_x" v="-438.954223" />
    <tag k="local_y" v="59.261954" />
    <tag k="ele" v="0" />
  </node>
  <node id="18188" lat="42.99316032678" lon="-78.79787726800">
    <tag k="local_x" v="-438.957226" />
    <tag k="local_y" v="60.255889" />
    <tag k="ele" v="0" />
  </node>
  <node id="18189" lat="42.99316927368" lon="-78.79787730598">
    <tag k="local_x" v="-438.960259" />
    <tag k="local_y" v="61.249824" />
    <tag k="ele" v="0" />
  </node>
  <node id="18190" lat="42.99317822058" lon="-78.79787734358">
    <tag k="local_x" v="-438.963262" />
    <tag k="local_y" v="62.243758" />
    <tag k="ele" v="0" />
  </node>
  <node id="18191" lat="42.99318716748" lon="-78.79787738119">
    <tag k="local_x" v="-438.966265" />
    <tag k="local_y" v="63.237693" />
    <tag k="ele" v="0" />
  </node>
  <node id="18192" lat="42.99319611439" lon="-78.79787741879">
    <tag k="local_x" v="-438.969268" />
    <tag k="local_y" v="64.231628" />
    <tag k="ele" v="0" />
  </node>
  <node id="18193" lat="42.99320506129" lon="-78.79787745639">
    <tag k="local_x" v="-438.972271" />
    <tag k="local_y" v="65.225563" />
    <tag k="ele" v="0" />
  </node>
  <node id="18194" lat="42.99321400819" lon="-78.79787749437">
    <tag k="local_x" v="-438.975304" />
    <tag k="local_y" v="66.219498" />
    <tag k="ele" v="0" />
  </node>
  <node id="18195" lat="42.99322295509" lon="-78.79787753197">
    <tag k="local_x" v="-438.978307" />
    <tag k="local_y" v="67.213432" />
    <tag k="ele" v="0" />
  </node>
  <node id="18196" lat="42.99323190199" lon="-78.79787756958">
    <tag k="local_x" v="-438.981310" />
    <tag k="local_y" v="68.207367" />
    <tag k="ele" v="0" />
  </node>
  <node id="18197" lat="42.99324084889" lon="-78.79787760718">
    <tag k="local_x" v="-438.984313" />
    <tag k="local_y" v="69.201302" />
    <tag k="ele" v="0" />
  </node>
  <node id="18198" lat="42.99324979580" lon="-78.79787764479">
    <tag k="local_x" v="-438.987316" />
    <tag k="local_y" v="70.195237" />
    <tag k="ele" v="0" />
  </node>
  <node id="18199" lat="42.99325874270" lon="-78.79787768239">
    <tag k="local_x" v="-438.990319" />
    <tag k="local_y" v="71.189172" />
    <tag k="ele" v="0" />
  </node>
  <node id="18200" lat="42.99326768960" lon="-78.79787772037">
    <tag k="local_x" v="-438.993352" />
    <tag k="local_y" v="72.183106" />
    <tag k="ele" v="0" />
  </node>
  <node id="18201" lat="42.99327663650" lon="-78.79787775797">
    <tag k="local_x" v="-438.996355" />
    <tag k="local_y" v="73.177041" />
    <tag k="ele" v="0" />
  </node>
  <node id="18202" lat="42.99328558340" lon="-78.79787779557">
    <tag k="local_x" v="-438.999358" />
    <tag k="local_y" v="74.170976" />
    <tag k="ele" v="0" />
  </node>
  <node id="18203" lat="42.99329453030" lon="-78.79787783318">
    <tag k="local_x" v="-439.002361" />
    <tag k="local_y" v="75.164911" />
    <tag k="ele" v="0" />
  </node>
  <node id="18204" lat="42.99330347720" lon="-78.79787787078">
    <tag k="local_x" v="-439.005364" />
    <tag k="local_y" v="76.158845" />
    <tag k="ele" v="0" />
  </node>
  <node id="18205" lat="42.99331242410" lon="-78.79787790876">
    <tag k="local_x" v="-439.008397" />
    <tag k="local_y" v="77.152780" />
    <tag k="ele" v="0" />
  </node>
  <node id="18206" lat="42.99332137101" lon="-78.79787794636">
    <tag k="local_x" v="-439.011400" />
    <tag k="local_y" v="78.146715" />
    <tag k="ele" v="0" />
  </node>
  <node id="18207" lat="42.99333031791" lon="-78.79787798397">
    <tag k="local_x" v="-439.014403" />
    <tag k="local_y" v="79.140650" />
    <tag k="ele" v="0" />
  </node>
  <node id="18208" lat="42.99333926481" lon="-78.79787802157">
    <tag k="local_x" v="-439.017406" />
    <tag k="local_y" v="80.134585" />
    <tag k="ele" v="0" />
  </node>
  <node id="18209" lat="42.99334821171" lon="-78.79787805917">
    <tag k="local_x" v="-439.020409" />
    <tag k="local_y" v="81.128519" />
    <tag k="ele" v="0" />
  </node>
  <node id="18210" lat="42.99335715861" lon="-78.79787809715">
    <tag k="local_x" v="-439.023442" />
    <tag k="local_y" v="82.122454" />
    <tag k="ele" v="0" />
  </node>
  <node id="18211" lat="42.99336610551" lon="-78.79787813476">
    <tag k="local_x" v="-439.026445" />
    <tag k="local_y" v="83.116389" />
    <tag k="ele" v="0" />
  </node>
  <node id="18212" lat="42.99337505241" lon="-78.79787817236">
    <tag k="local_x" v="-439.029448" />
    <tag k="local_y" v="84.110324" />
    <tag k="ele" v="0" />
  </node>
  <node id="18213" lat="42.99338399931" lon="-78.79787820996">
    <tag k="local_x" v="-439.032451" />
    <tag k="local_y" v="85.104258" />
    <tag k="ele" v="0" />
  </node>
  <node id="18214" lat="42.99339294622" lon="-78.79787824757">
    <tag k="local_x" v="-439.035454" />
    <tag k="local_y" v="86.098193" />
    <tag k="ele" v="0" />
  </node>
  <node id="18215" lat="42.99340189312" lon="-78.79787828555">
    <tag k="local_x" v="-439.038487" />
    <tag k="local_y" v="87.092128" />
    <tag k="ele" v="0" />
  </node>
  <node id="18216" lat="42.99341084002" lon="-78.79787832315">
    <tag k="local_x" v="-439.041490" />
    <tag k="local_y" v="88.086063" />
    <tag k="ele" v="0" />
  </node>
  <node id="18217" lat="42.99341978692" lon="-78.79787836075">
    <tag k="local_x" v="-439.044493" />
    <tag k="local_y" v="89.079998" />
    <tag k="ele" v="0" />
  </node>
  <node id="18218" lat="42.99342873382" lon="-78.79787839836">
    <tag k="local_x" v="-439.047496" />
    <tag k="local_y" v="90.073932" />
    <tag k="ele" v="0" />
  </node>
  <node id="18219" lat="42.99343768072" lon="-78.79787843596">
    <tag k="local_x" v="-439.050499" />
    <tag k="local_y" v="91.067867" />
    <tag k="ele" v="0" />
  </node>
  <node id="18220" lat="42.99344662762" lon="-78.79787847394">
    <tag k="local_x" v="-439.053532" />
    <tag k="local_y" v="92.061802" />
    <tag k="ele" v="0" />
  </node>
  <node id="18221" lat="42.99345557452" lon="-78.79787851147">
    <tag k="local_x" v="-439.056529" />
    <tag k="local_y" v="93.055737" />
    <tag k="ele" v="0" />
  </node>
  <node id="18222" lat="42.99346452143" lon="-78.79787854907">
    <tag k="local_x" v="-439.059532" />
    <tag k="local_y" v="94.049671" />
    <tag k="ele" v="0" />
  </node>
  <node id="18223" lat="42.99347346833" lon="-78.79787858667">
    <tag k="local_x" v="-439.062535" />
    <tag k="local_y" v="95.043606" />
    <tag k="ele" v="0" />
  </node>
  <node id="18224" lat="42.99348241523" lon="-78.79787862428">
    <tag k="local_x" v="-439.065538" />
    <tag k="local_y" v="96.037541" />
    <tag k="ele" v="0" />
  </node>
  <node id="18225" lat="42.99349136213" lon="-78.79787866226">
    <tag k="local_x" v="-439.068571" />
    <tag k="local_y" v="97.031476" />
    <tag k="ele" v="0" />
  </node>
  <node id="18226" lat="42.99350030903" lon="-78.79787869986">
    <tag k="local_x" v="-439.071574" />
    <tag k="local_y" v="98.025411" />
    <tag k="ele" v="0" />
  </node>
  <node id="18227" lat="42.99350925593" lon="-78.79787873746">
    <tag k="local_x" v="-439.074577" />
    <tag k="local_y" v="99.019345" />
    <tag k="ele" v="0" />
  </node>
  <node id="18228" lat="42.99351820283" lon="-78.79787877507">
    <tag k="local_x" v="-439.077580" />
    <tag k="local_y" v="100.013280" />
    <tag k="ele" v="0" />
  </node>
  <node id="18229" lat="42.99352714973" lon="-78.79787881267">
    <tag k="local_x" v="-439.080583" />
    <tag k="local_y" v="101.007215" />
    <tag k="ele" v="0" />
  </node>
  <node id="18230" lat="42.99353609663" lon="-78.79787885065">
    <tag k="local_x" v="-439.083616" />
    <tag k="local_y" v="102.001150" />
    <tag k="ele" v="0" />
  </node>
  <node id="18231" lat="42.99354504353" lon="-78.79787888825">
    <tag k="local_x" v="-439.086619" />
    <tag k="local_y" v="102.995084" />
    <tag k="ele" v="0" />
  </node>
  <node id="18232" lat="42.99355399044" lon="-78.79787892586">
    <tag k="local_x" v="-439.089622" />
    <tag k="local_y" v="103.989019" />
    <tag k="ele" v="0" />
  </node>
  <node id="18233" lat="42.99356293734" lon="-78.79787896346">
    <tag k="local_x" v="-439.092625" />
    <tag k="local_y" v="104.982954" />
    <tag k="ele" v="0" />
  </node>
  <node id="18234" lat="42.99357188424" lon="-78.79787900107">
    <tag k="local_x" v="-439.095628" />
    <tag k="local_y" v="105.976889" />
    <tag k="ele" v="0" />
  </node>
  <node id="18235" lat="42.99358083114" lon="-78.79787903905">
    <tag k="local_x" v="-439.098661" />
    <tag k="local_y" v="106.970824" />
    <tag k="ele" v="0" />
  </node>
  <node id="18236" lat="42.99358977804" lon="-78.79787907665">
    <tag k="local_x" v="-439.101664" />
    <tag k="local_y" v="107.964758" />
    <tag k="ele" v="0" />
  </node>
  <node id="18237" lat="42.99359872494" lon="-78.79787911425">
    <tag k="local_x" v="-439.104667" />
    <tag k="local_y" v="108.958693" />
    <tag k="ele" v="0" />
  </node>
  <node id="18238" lat="42.99360767184" lon="-78.79787915186">
    <tag k="local_x" v="-439.107670" />
    <tag k="local_y" v="109.952628" />
    <tag k="ele" v="0" />
  </node>
  <node id="18239" lat="42.99361661874" lon="-78.79787918946">
    <tag k="local_x" v="-439.110673" />
    <tag k="local_y" v="110.946563" />
    <tag k="ele" v="0" />
  </node>
  <node id="18240" lat="42.99362556564" lon="-78.79787922744">
    <tag k="local_x" v="-439.113706" />
    <tag k="local_y" v="111.940497" />
    <tag k="ele" v="0" />
  </node>
  <node id="18241" lat="42.99363451254" lon="-78.79787926504">
    <tag k="local_x" v="-439.116709" />
    <tag k="local_y" v="112.934432" />
    <tag k="ele" v="0" />
  </node>
  <node id="18242" lat="42.99364345944" lon="-78.79787930265">
    <tag k="local_x" v="-439.119712" />
    <tag k="local_y" v="113.928367" />
    <tag k="ele" v="0" />
  </node>
  <node id="18243" lat="42.99365240635" lon="-78.79787934025">
    <tag k="local_x" v="-439.122715" />
    <tag k="local_y" v="114.922302" />
    <tag k="ele" v="0" />
  </node>
  <node id="18244" lat="42.99366135325" lon="-78.79787937786">
    <tag k="local_x" v="-439.125718" />
    <tag k="local_y" v="115.916237" />
    <tag k="ele" v="0" />
  </node>
  <node id="18245" lat="42.99367030015" lon="-78.79787941583">
    <tag k="local_x" v="-439.128751" />
    <tag k="local_y" v="116.910171" />
    <tag k="ele" v="0" />
  </node>
  <node id="18246" lat="42.99367924705" lon="-78.79787945344">
    <tag k="local_x" v="-439.131754" />
    <tag k="local_y" v="117.904106" />
    <tag k="ele" v="0" />
  </node>
  <node id="18247" lat="42.99368819395" lon="-78.79787949104">
    <tag k="local_x" v="-439.134757" />
    <tag k="local_y" v="118.898041" />
    <tag k="ele" v="0" />
  </node>
  <node id="18248" lat="42.99369714085" lon="-78.79787952861">
    <tag k="local_x" v="-439.137757" />
    <tag k="local_y" v="119.891976" />
    <tag k="ele" v="0" />
  </node>
  <node id="18249" lat="42.99370608777" lon="-78.79787955583">
    <tag k="local_x" v="-439.139913" />
    <tag k="local_y" v="120.885913" />
    <tag k="ele" v="0" />
  </node>
  <node id="18250" lat="42.99371503470" lon="-78.79787957522">
    <tag k="local_x" v="-439.141430" />
    <tag k="local_y" v="121.879851" />
    <tag k="ele" v="0" />
  </node>
  <node id="18251" lat="42.99372398163" lon="-78.79787959423">
    <tag k="local_x" v="-439.142917" />
    <tag k="local_y" v="122.873789" />
    <tag k="ele" v="0" />
  </node>
  <node id="18252" lat="42.99373292857" lon="-78.79787961361">
    <tag k="local_x" v="-439.144433" />
    <tag k="local_y" v="123.867727" />
    <tag k="ele" v="0" />
  </node>
  <node id="18253" lat="42.99374187550" lon="-78.79787963299">
    <tag k="local_x" v="-439.145950" />
    <tag k="local_y" v="124.861666" />
    <tag k="ele" v="0" />
  </node>
  <node id="18254" lat="42.99375082243" lon="-78.79787965199">
    <tag k="local_x" v="-439.147436" />
    <tag k="local_y" v="125.855604" />
    <tag k="ele" v="0" />
  </node>
  <node id="18255" lat="42.99375976936" lon="-78.79787967137">
    <tag k="local_x" v="-439.148953" />
    <tag k="local_y" v="126.849542" />
    <tag k="ele" v="0" />
  </node>
  <node id="18256" lat="42.99376871630" lon="-78.79787969075">
    <tag k="local_x" v="-439.150470" />
    <tag k="local_y" v="127.843480" />
    <tag k="ele" v="0" />
  </node>
  <node id="18257" lat="42.99377766323" lon="-78.79787970976">
    <tag k="local_x" v="-439.151956" />
    <tag k="local_y" v="128.837418" />
    <tag k="ele" v="0" />
  </node>
  <node id="18258" lat="42.99378661016" lon="-78.79787972914">
    <tag k="local_x" v="-439.153472" />
    <tag k="local_y" v="129.831357" />
    <tag k="ele" v="0" />
  </node>
  <node id="18259" lat="42.99379555709" lon="-78.79787974852">
    <tag k="local_x" v="-439.154989" />
    <tag k="local_y" v="130.825295" />
    <tag k="ele" v="0" />
  </node>
  <node id="18260" lat="42.99380450402" lon="-78.79787976752">
    <tag k="local_x" v="-439.156475" />
    <tag k="local_y" v="131.819233" />
    <tag k="ele" v="0" />
  </node>
  <node id="18261" lat="42.99381345096" lon="-78.79787978690">
    <tag k="local_x" v="-439.157992" />
    <tag k="local_y" v="132.813171" />
    <tag k="ele" v="0" />
  </node>
  <node id="18262" lat="42.99382239789" lon="-78.79787980606">
    <tag k="local_x" v="-439.159491" />
    <tag k="local_y" v="133.807109" />
    <tag k="ele" v="0" />
  </node>
  <node id="18263" lat="42.99383134482" lon="-78.79787982544">
    <tag k="local_x" v="-439.161008" />
    <tag k="local_y" v="134.801047" />
    <tag k="ele" v="0" />
  </node>
  <node id="18264" lat="42.99384029175" lon="-78.79787984445">
    <tag k="local_x" v="-439.162494" />
    <tag k="local_y" v="135.794986" />
    <tag k="ele" v="0" />
  </node>
  <node id="18265" lat="42.99384923868" lon="-78.79787986383">
    <tag k="local_x" v="-439.164010" />
    <tag k="local_y" v="136.788924" />
    <tag k="ele" v="0" />
  </node>
  <node id="18266" lat="42.99385818562" lon="-78.79787988321">
    <tag k="local_x" v="-439.165527" />
    <tag k="local_y" v="137.782862" />
    <tag k="ele" v="0" />
  </node>
  <node id="18267" lat="42.99386713255" lon="-78.79787990221">
    <tag k="local_x" v="-439.167013" />
    <tag k="local_y" v="138.776800" />
    <tag k="ele" v="0" />
  </node>
  <node id="18268" lat="42.99387607948" lon="-78.79787992159">
    <tag k="local_x" v="-439.168530" />
    <tag k="local_y" v="139.770738" />
    <tag k="ele" v="0" />
  </node>
  <node id="18269" lat="42.99388502641" lon="-78.79787994097">
    <tag k="local_x" v="-439.170047" />
    <tag k="local_y" v="140.764677" />
    <tag k="ele" v="0" />
  </node>
  <node id="18270" lat="42.99389397335" lon="-78.79787995998">
    <tag k="local_x" v="-439.171533" />
    <tag k="local_y" v="141.758615" />
    <tag k="ele" v="0" />
  </node>
  <node id="18271" lat="42.99390292028" lon="-78.79787997936">
    <tag k="local_x" v="-439.173050" />
    <tag k="local_y" v="142.752553" />
    <tag k="ele" v="0" />
  </node>
  <node id="18272" lat="42.99391186721" lon="-78.79787999874">
    <tag k="local_x" v="-439.174566" />
    <tag k="local_y" v="143.746491" />
    <tag k="ele" v="0" />
  </node>
  <node id="18273" lat="42.99392081414" lon="-78.79788001774">
    <tag k="local_x" v="-439.176052" />
    <tag k="local_y" v="144.740429" />
    <tag k="ele" v="0" />
  </node>
  <node id="18274" lat="42.99392976107" lon="-78.79788003712">
    <tag k="local_x" v="-439.177569" />
    <tag k="local_y" v="145.734368" />
    <tag k="ele" v="0" />
  </node>
  <node id="18275" lat="42.99393870800" lon="-78.79788005650">
    <tag k="local_x" v="-439.179086" />
    <tag k="local_y" v="146.728306" />
    <tag k="ele" v="0" />
  </node>
  <node id="18276" lat="42.99394765494" lon="-78.79788007551">
    <tag k="local_x" v="-439.180572" />
    <tag k="local_y" v="147.722244" />
    <tag k="ele" v="0" />
  </node>
  <node id="18277" lat="42.99395660187" lon="-78.79788009482">
    <tag k="local_x" v="-439.182083" />
    <tag k="local_y" v="148.716182" />
    <tag k="ele" v="0" />
  </node>
  <node id="18278" lat="42.99396554880" lon="-78.79788011407">
    <tag k="local_x" v="-439.183590" />
    <tag k="local_y" v="149.710120" />
    <tag k="ele" v="0" />
  </node>
  <node id="18279" lat="42.99397449573" lon="-78.79788013332">
    <tag k="local_x" v="-439.185096" />
    <tag k="local_y" v="150.704059" />
    <tag k="ele" v="0" />
  </node>
  <node id="18280" lat="42.99398344266" lon="-78.79788015258">
    <tag k="local_x" v="-439.186602" />
    <tag k="local_y" v="151.697997" />
    <tag k="ele" v="0" />
  </node>
  <node id="18281" lat="42.99399238960" lon="-78.79788017183">
    <tag k="local_x" v="-439.188108" />
    <tag k="local_y" v="152.691935" />
    <tag k="ele" v="0" />
  </node>
  <node id="18282" lat="42.99400133653" lon="-78.79788019108">
    <tag k="local_x" v="-439.189614" />
    <tag k="local_y" v="153.685873" />
    <tag k="ele" v="0" />
  </node>
  <node id="18283" lat="42.99401028346" lon="-78.79788021033">
    <tag k="local_x" v="-439.191120" />
    <tag k="local_y" v="154.679811" />
    <tag k="ele" v="0" />
  </node>
  <node id="18284" lat="42.99401923039" lon="-78.79788022889">
    <tag k="local_x" v="-439.192571" />
    <tag k="local_y" v="155.673750" />
    <tag k="ele" v="0" />
  </node>
  <node id="18285" lat="42.99402817733" lon="-78.79788024728">
    <tag k="local_x" v="-439.194006" />
    <tag k="local_y" v="156.667688" />
    <tag k="ele" v="0" />
  </node>
  <node id="18286" lat="42.99403712426" lon="-78.79788026566">
    <tag k="local_x" v="-439.195441" />
    <tag k="local_y" v="157.661626" />
    <tag k="ele" v="0" />
  </node>
  <node id="18287" lat="42.99404607119" lon="-78.79788028404">
    <tag k="local_x" v="-439.196876" />
    <tag k="local_y" v="158.655565" />
    <tag k="ele" v="0" />
  </node>
  <node id="18288" lat="42.99405501812" lon="-78.79788030242">
    <tag k="local_x" v="-439.198312" />
    <tag k="local_y" v="159.649503" />
    <tag k="ele" v="0" />
  </node>
  <node id="18289" lat="42.99406396506" lon="-78.79788032080">
    <tag k="local_x" v="-439.199747" />
    <tag k="local_y" v="160.643441" />
    <tag k="ele" v="0" />
  </node>
  <node id="18290" lat="42.99407291199" lon="-78.79788033918">
    <tag k="local_x" v="-439.201182" />
    <tag k="local_y" v="161.637379" />
    <tag k="ele" v="0" />
  </node>
  <node id="18291" lat="42.99408185892" lon="-78.79788035769">
    <tag k="local_x" v="-439.202628" />
    <tag k="local_y" v="162.631318" />
    <tag k="ele" v="0" />
  </node>
  <node id="18292" lat="42.99409080585" lon="-78.79788037595">
    <tag k="local_x" v="-439.204053" />
    <tag k="local_y" v="163.625256" />
    <tag k="ele" v="0" />
  </node>
  <node id="18293" lat="42.99409975279" lon="-78.79788039459">
    <tag k="local_x" v="-439.205509" />
    <tag k="local_y" v="164.619194" />
    <tag k="ele" v="0" />
  </node>
  <node id="18294" lat="42.99410869972" lon="-78.79788041285">
    <tag k="local_x" v="-439.206935" />
    <tag k="local_y" v="165.613133" />
    <tag k="ele" v="0" />
  </node>
  <node id="18295" lat="42.99411764665" lon="-78.79788043111">
    <tag k="local_x" v="-439.208361" />
    <tag k="local_y" v="166.607071" />
    <tag k="ele" v="0" />
  </node>
  <node id="18296" lat="42.99412659358" lon="-78.79788044975">
    <tag k="local_x" v="-439.209817" />
    <tag k="local_y" v="167.601009" />
    <tag k="ele" v="0" />
  </node>
  <node id="18297" lat="42.99413554052" lon="-78.79788046801">
    <tag k="local_x" v="-439.211242" />
    <tag k="local_y" v="168.594948" />
    <tag k="ele" v="0" />
  </node>
  <node id="18298" lat="42.99414448745" lon="-78.79788048639">
    <tag k="local_x" v="-439.212677" />
    <tag k="local_y" v="169.588886" />
    <tag k="ele" v="0" />
  </node>
  <node id="18299" lat="42.99260077762" lon="-78.79642014919">
    <tag k="local_x" v="-320.132074" />
    <tag k="local_y" v="-1.912463" />
    <tag k="ele" v="0" />
  </node>
  <node id="18300" lat="42.99260071277" lon="-78.79643234462">
    <tag k="local_x" v="-321.126621" />
    <tag k="local_y" v="-1.919620" />
    <tag k="ele" v="0" />
  </node>
  <node id="18301" lat="42.99260064743" lon="-78.79644454005">
    <tag k="local_x" v="-322.121168" />
    <tag k="local_y" v="-1.926833" />
    <tag k="ele" v="0" />
  </node>
  <node id="18302" lat="42.99260057597" lon="-78.79645673542">
    <tag k="local_x" v="-323.115709" />
    <tag k="local_y" v="-1.934724" />
    <tag k="ele" v="0" />
  </node>
  <node id="18303" lat="42.99260048601" lon="-78.79646893055">
    <tag k="local_x" v="-324.110232" />
    <tag k="local_y" v="-1.944671" />
    <tag k="ele" v="0" />
  </node>
  <node id="18304" lat="42.99260037653" lon="-78.79648112539">
    <tag k="local_x" v="-325.104731" />
    <tag k="local_y" v="-1.956787" />
    <tag k="ele" v="0" />
  </node>
  <node id="18305" lat="42.99260024724" lon="-78.79649331987">
    <tag k="local_x" v="-326.099201" />
    <tag k="local_y" v="-1.971103" />
    <tag k="ele" v="0" />
  </node>
  <node id="18306" lat="42.99260009839" lon="-78.79650551393">
    <tag k="local_x" v="-327.093636" />
    <tag k="local_y" v="-1.987591" />
    <tag k="ele" v="0" />
  </node>
  <node id="18307" lat="42.99259993014" lon="-78.79651770752">
    <tag k="local_x" v="-328.088034" />
    <tag k="local_y" v="-2.006235" />
    <tag k="ele" v="0" />
  </node>
  <node id="18308" lat="42.99259974809" lon="-78.79652990076">
    <tag k="local_x" v="-329.082402" />
    <tag k="local_y" v="-2.026412" />
    <tag k="ele" v="0" />
  </node>
  <node id="18309" lat="42.99259956239" lon="-78.79654209389">
    <tag k="local_x" v="-330.076762" />
    <tag k="local_y" v="-2.046994" />
    <tag k="ele" v="0" />
  </node>
  <node id="18310" lat="42.99259937669" lon="-78.79655428702">
    <tag k="local_x" v="-331.071122" />
    <tag k="local_y" v="-2.067576" />
    <tag k="ele" v="0" />
  </node>
  <node id="18311" lat="42.99259919099" lon="-78.79656648015">
    <tag k="local_x" v="-332.065482" />
    <tag k="local_y" v="-2.088158" />
    <tag k="ele" v="0" />
  </node>
  <node id="18312" lat="42.99259900529" lon="-78.79657867328">
    <tag k="local_x" v="-333.059842" />
    <tag k="local_y" v="-2.108739" />
    <tag k="ele" v="0" />
  </node>
  <node id="18313" lat="42.99259881959" lon="-78.79659086641">
    <tag k="local_x" v="-334.054203" />
    <tag k="local_y" v="-2.129321" />
    <tag k="ele" v="0" />
  </node>
  <node id="18314" lat="42.99259863389" lon="-78.79660305954">
    <tag k="local_x" v="-335.048563" />
    <tag k="local_y" v="-2.149903" />
    <tag k="ele" v="0" />
  </node>
  <node id="18315" lat="42.99259844818" lon="-78.79661525267">
    <tag k="local_x" v="-336.042923" />
    <tag k="local_y" v="-2.170484" />
    <tag k="ele" v="0" />
  </node>
  <node id="18316" lat="42.99259826247" lon="-78.79662744580">
    <tag k="local_x" v="-337.037283" />
    <tag k="local_y" v="-2.191066" />
    <tag k="ele" v="0" />
  </node>
  <node id="18317" lat="42.99259807677" lon="-78.79663963893">
    <tag k="local_x" v="-338.031643" />
    <tag k="local_y" v="-2.211648" />
    <tag k="ele" v="0" />
  </node>
  <node id="18318" lat="42.99259789105" lon="-78.79665183207">
    <tag k="local_x" v="-339.026003" />
    <tag k="local_y" v="-2.232230" />
    <tag k="ele" v="0" />
  </node>
  <node id="18319" lat="42.99259770535" lon="-78.79666402520">
    <tag k="local_x" v="-340.020363" />
    <tag k="local_y" v="-2.252811" />
    <tag k="ele" v="0" />
  </node>
  <node id="18320" lat="42.99259751963" lon="-78.79667621833">
    <tag k="local_x" v="-341.014723" />
    <tag k="local_y" v="-2.273393" />
    <tag k="ele" v="0" />
  </node>
  <node id="18321" lat="42.99259733392" lon="-78.79668841146">
    <tag k="local_x" v="-342.009083" />
    <tag k="local_y" v="-2.293975" />
    <tag k="ele" v="0" />
  </node>
  <node id="18322" lat="42.99259714821" lon="-78.79670060459">
    <tag k="local_x" v="-343.003443" />
    <tag k="local_y" v="-2.314557" />
    <tag k="ele" v="0" />
  </node>
  <node id="18323" lat="42.99259696249" lon="-78.79671279772">
    <tag k="local_x" v="-343.997803" />
    <tag k="local_y" v="-2.335138" />
    <tag k="ele" v="0" />
  </node>
  <node id="18324" lat="42.99259677678" lon="-78.79672499085">
    <tag k="local_x" v="-344.992163" />
    <tag k="local_y" v="-2.355720" />
    <tag k="ele" v="0" />
  </node>
  <node id="18325" lat="42.99259659106" lon="-78.79673718398">
    <tag k="local_x" v="-345.986523" />
    <tag k="local_y" v="-2.376302" />
    <tag k="ele" v="0" />
  </node>
  <node id="18326" lat="42.99259640534" lon="-78.79674937711">
    <tag k="local_x" v="-346.980883" />
    <tag k="local_y" v="-2.396883" />
    <tag k="ele" v="0" />
  </node>
  <node id="18327" lat="42.99259621962" lon="-78.79676157024">
    <tag k="local_x" v="-347.975243" />
    <tag k="local_y" v="-2.417465" />
    <tag k="ele" v="0" />
  </node>
  <node id="18328" lat="42.99259603390" lon="-78.79677376337">
    <tag k="local_x" v="-348.969603" />
    <tag k="local_y" v="-2.438047" />
    <tag k="ele" v="0" />
  </node>
  <node id="18329" lat="42.99259584817" lon="-78.79678595650">
    <tag k="local_x" v="-349.963963" />
    <tag k="local_y" v="-2.458629" />
    <tag k="ele" v="0" />
  </node>
  <node id="18330" lat="42.99259566244" lon="-78.79679814963">
    <tag k="local_x" v="-350.958323" />
    <tag k="local_y" v="-2.479211" />
    <tag k="ele" v="0" />
  </node>
  <node id="18331" lat="42.99259547672" lon="-78.79681034275">
    <tag k="local_x" v="-351.952683" />
    <tag k="local_y" v="-2.499793" />
    <tag k="ele" v="0" />
  </node>
  <node id="18332" lat="42.99259529099" lon="-78.79682253588">
    <tag k="local_x" v="-352.947043" />
    <tag k="local_y" v="-2.520375" />
    <tag k="ele" v="0" />
  </node>
  <node id="18333" lat="42.99259510526" lon="-78.79683472901">
    <tag k="local_x" v="-353.941403" />
    <tag k="local_y" v="-2.540957" />
    <tag k="ele" v="0" />
  </node>
  <node id="18334" lat="42.99259491953" lon="-78.79684692214">
    <tag k="local_x" v="-354.935763" />
    <tag k="local_y" v="-2.561538" />
    <tag k="ele" v="0" />
  </node>
  <node id="18335" lat="42.99259473380" lon="-78.79685911527">
    <tag k="local_x" v="-355.930123" />
    <tag k="local_y" v="-2.582120" />
    <tag k="ele" v="0" />
  </node>
  <node id="18336" lat="42.99259454807" lon="-78.79687130840">
    <tag k="local_x" v="-356.924483" />
    <tag k="local_y" v="-2.602702" />
    <tag k="ele" v="0" />
  </node>
  <node id="18337" lat="42.99259436234" lon="-78.79688350153">
    <tag k="local_x" v="-357.918843" />
    <tag k="local_y" v="-2.623283" />
    <tag k="ele" v="0" />
  </node>
  <node id="18338" lat="42.99259417661" lon="-78.79689569466">
    <tag k="local_x" v="-358.913203" />
    <tag k="local_y" v="-2.643865" />
    <tag k="ele" v="0" />
  </node>
  <node id="18339" lat="42.99259399087" lon="-78.79690788779">
    <tag k="local_x" v="-359.907563" />
    <tag k="local_y" v="-2.664446" />
    <tag k="ele" v="0" />
  </node>
  <node id="18340" lat="42.99259380513" lon="-78.79692008092">
    <tag k="local_x" v="-360.901923" />
    <tag k="local_y" v="-2.685028" />
    <tag k="ele" v="0" />
  </node>
  <node id="18341" lat="42.99259361940" lon="-78.79693227405">
    <tag k="local_x" v="-361.896283" />
    <tag k="local_y" v="-2.705610" />
    <tag k="ele" v="0" />
  </node>
  <node id="18342" lat="42.99259343365" lon="-78.79694446718">
    <tag k="local_x" v="-362.890643" />
    <tag k="local_y" v="-2.726192" />
    <tag k="ele" v="0" />
  </node>
  <node id="18343" lat="42.99259324791" lon="-78.79695666030">
    <tag k="local_x" v="-363.885003" />
    <tag k="local_y" v="-2.746773" />
    <tag k="ele" v="0" />
  </node>
  <node id="18344" lat="42.99259306217" lon="-78.79696885343">
    <tag k="local_x" v="-364.879363" />
    <tag k="local_y" v="-2.767355" />
    <tag k="ele" v="0" />
  </node>
  <node id="18345" lat="42.99259287643" lon="-78.79698104656">
    <tag k="local_x" v="-365.873723" />
    <tag k="local_y" v="-2.787937" />
    <tag k="ele" v="0" />
  </node>
  <node id="18346" lat="42.99259269068" lon="-78.79699323969">
    <tag k="local_x" v="-366.868083" />
    <tag k="local_y" v="-2.808519" />
    <tag k="ele" v="0" />
  </node>
  <node id="18347" lat="42.99259250493" lon="-78.79700543282">
    <tag k="local_x" v="-367.862443" />
    <tag k="local_y" v="-2.829101" />
    <tag k="ele" v="0" />
  </node>
  <node id="18348" lat="42.99259231919" lon="-78.79701762595">
    <tag k="local_x" v="-368.856803" />
    <tag k="local_y" v="-2.849682" />
    <tag k="ele" v="0" />
  </node>
  <node id="18349" lat="42.99259213344" lon="-78.79702981907">
    <tag k="local_x" v="-369.851163" />
    <tag k="local_y" v="-2.870264" />
    <tag k="ele" v="0" />
  </node>
  <node id="18350" lat="42.99259194769" lon="-78.79704201220">
    <tag k="local_x" v="-370.845523" />
    <tag k="local_y" v="-2.890846" />
    <tag k="ele" v="0" />
  </node>
  <node id="18351" lat="42.99259176193" lon="-78.79705420533">
    <tag k="local_x" v="-371.839883" />
    <tag k="local_y" v="-2.911428" />
    <tag k="ele" v="0" />
  </node>
  <node id="18352" lat="42.99259157618" lon="-78.79706639846">
    <tag k="local_x" v="-372.834243" />
    <tag k="local_y" v="-2.932009" />
    <tag k="ele" v="0" />
  </node>
  <node id="18353" lat="42.99259139043" lon="-78.79707859159">
    <tag k="local_x" v="-373.828603" />
    <tag k="local_y" v="-2.952591" />
    <tag k="ele" v="0" />
  </node>
  <node id="18354" lat="42.99259120467" lon="-78.79709078471">
    <tag k="local_x" v="-374.822963" />
    <tag k="local_y" v="-2.973173" />
    <tag k="ele" v="0" />
  </node>
  <node id="18355" lat="42.99259101892" lon="-78.79710297784">
    <tag k="local_x" v="-375.817323" />
    <tag k="local_y" v="-2.993754" />
    <tag k="ele" v="0" />
  </node>
  <node id="18356" lat="42.99259083316" lon="-78.79711517097">
    <tag k="local_x" v="-376.811683" />
    <tag k="local_y" v="-3.014336" />
    <tag k="ele" v="0" />
  </node>
  <node id="18357" lat="42.99259064740" lon="-78.79712736410">
    <tag k="local_x" v="-377.806043" />
    <tag k="local_y" v="-3.034918" />
    <tag k="ele" v="0" />
  </node>
  <node id="18358" lat="42.99259046163" lon="-78.79713955722">
    <tag k="local_x" v="-378.800403" />
    <tag k="local_y" v="-3.055500" />
    <tag k="ele" v="0" />
  </node>
  <node id="18359" lat="42.99259027587" lon="-78.79715175035">
    <tag k="local_x" v="-379.794763" />
    <tag k="local_y" v="-3.076082" />
    <tag k="ele" v="0" />
  </node>
  <node id="18360" lat="42.99259009011" lon="-78.79716394348">
    <tag k="local_x" v="-380.789123" />
    <tag k="local_y" v="-3.096664" />
    <tag k="ele" v="0" />
  </node>
  <node id="18361" lat="42.99258990435" lon="-78.79717613661">
    <tag k="local_x" v="-381.783483" />
    <tag k="local_y" v="-3.117245" />
    <tag k="ele" v="0" />
  </node>
  <node id="18362" lat="42.99258971858" lon="-78.79718832973">
    <tag k="local_x" v="-382.777843" />
    <tag k="local_y" v="-3.137827" />
    <tag k="ele" v="0" />
  </node>
  <node id="18363" lat="42.99258953281" lon="-78.79720052286">
    <tag k="local_x" v="-383.772203" />
    <tag k="local_y" v="-3.158409" />
    <tag k="ele" v="0" />
  </node>
  <node id="18364" lat="42.99258934704" lon="-78.79721271599">
    <tag k="local_x" v="-384.766563" />
    <tag k="local_y" v="-3.178991" />
    <tag k="ele" v="0" />
  </node>
  <node id="18365" lat="42.99258916127" lon="-78.79722490912">
    <tag k="local_x" v="-385.760923" />
    <tag k="local_y" v="-3.199572" />
    <tag k="ele" v="0" />
  </node>
  <node id="18366" lat="42.99258897550" lon="-78.79723710224">
    <tag k="local_x" v="-386.755284" />
    <tag k="local_y" v="-3.220154" />
    <tag k="ele" v="0" />
  </node>
  <node id="18367" lat="42.99258878973" lon="-78.79724929537">
    <tag k="local_x" v="-387.749644" />
    <tag k="local_y" v="-3.240736" />
    <tag k="ele" v="0" />
  </node>
  <node id="18368" lat="42.99258860396" lon="-78.79726148850">
    <tag k="local_x" v="-388.744004" />
    <tag k="local_y" v="-3.261317" />
    <tag k="ele" v="0" />
  </node>
  <node id="18369" lat="42.99258841818" lon="-78.79727368162">
    <tag k="local_x" v="-389.738364" />
    <tag k="local_y" v="-3.281899" />
    <tag k="ele" v="0" />
  </node>
  <node id="18370" lat="42.99258823241" lon="-78.79728587475">
    <tag k="local_x" v="-390.732724" />
    <tag k="local_y" v="-3.302481" />
    <tag k="ele" v="0" />
  </node>
  <node id="18371" lat="42.99258804663" lon="-78.79729806788">
    <tag k="local_x" v="-391.727084" />
    <tag k="local_y" v="-3.323063" />
    <tag k="ele" v="0" />
  </node>
  <node id="18372" lat="42.99258786085" lon="-78.79731026100">
    <tag k="local_x" v="-392.721444" />
    <tag k="local_y" v="-3.343645" />
    <tag k="ele" v="0" />
  </node>
  <node id="18373" lat="42.99258767507" lon="-78.79732245413">
    <tag k="local_x" v="-393.715804" />
    <tag k="local_y" v="-3.364226" />
    <tag k="ele" v="0" />
  </node>
  <node id="18374" lat="42.99258748929" lon="-78.79733464726">
    <tag k="local_x" v="-394.710164" />
    <tag k="local_y" v="-3.384808" />
    <tag k="ele" v="0" />
  </node>
  <node id="18375" lat="42.99258730351" lon="-78.79734684038">
    <tag k="local_x" v="-395.704524" />
    <tag k="local_y" v="-3.405390" />
    <tag k="ele" v="0" />
  </node>
  <node id="18376" lat="42.99258711772" lon="-78.79735903351">
    <tag k="local_x" v="-396.698884" />
    <tag k="local_y" v="-3.425971" />
    <tag k="ele" v="0" />
  </node>
  <node id="18377" lat="42.99258693194" lon="-78.79737122663">
    <tag k="local_x" v="-397.693244" />
    <tag k="local_y" v="-3.446553" />
    <tag k="ele" v="0" />
  </node>
  <node id="18378" lat="42.99258674615" lon="-78.79738341976">
    <tag k="local_x" v="-398.687604" />
    <tag k="local_y" v="-3.467135" />
    <tag k="ele" v="0" />
  </node>
  <node id="18379" lat="42.99258656036" lon="-78.79739561289">
    <tag k="local_x" v="-399.681964" />
    <tag k="local_y" v="-3.487717" />
    <tag k="ele" v="0" />
  </node>
  <node id="18380" lat="42.99258637457" lon="-78.79740780601">
    <tag k="local_x" v="-400.676324" />
    <tag k="local_y" v="-3.508299" />
    <tag k="ele" v="0" />
  </node>
  <node id="18381" lat="42.99258618878" lon="-78.79741999914">
    <tag k="local_x" v="-401.670684" />
    <tag k="local_y" v="-3.528880" />
    <tag k="ele" v="0" />
  </node>
  <node id="18382" lat="42.99258600299" lon="-78.79743219226">
    <tag k="local_x" v="-402.665044" />
    <tag k="local_y" v="-3.549462" />
    <tag k="ele" v="0" />
  </node>
  <node id="18383" lat="42.99258581719" lon="-78.79744438539">
    <tag k="local_x" v="-403.659404" />
    <tag k="local_y" v="-3.570044" />
    <tag k="ele" v="0" />
  </node>
  <node id="18384" lat="42.99258563140" lon="-78.79745657852">
    <tag k="local_x" v="-404.653764" />
    <tag k="local_y" v="-3.590626" />
    <tag k="ele" v="0" />
  </node>
  <node id="18385" lat="42.99258544560" lon="-78.79746877164">
    <tag k="local_x" v="-405.648124" />
    <tag k="local_y" v="-3.611207" />
    <tag k="ele" v="0" />
  </node>
  <node id="18386" lat="42.99258525981" lon="-78.79748096477">
    <tag k="local_x" v="-406.642484" />
    <tag k="local_y" v="-3.631789" />
    <tag k="ele" v="0" />
  </node>
  <node id="18387" lat="42.99258507401" lon="-78.79749315789">
    <tag k="local_x" v="-407.636844" />
    <tag k="local_y" v="-3.652371" />
    <tag k="ele" v="0" />
  </node>
  <node id="18388" lat="42.99258488821" lon="-78.79750535102">
    <tag k="local_x" v="-408.631204" />
    <tag k="local_y" v="-3.672953" />
    <tag k="ele" v="0" />
  </node>
  <node id="18389" lat="42.99258470241" lon="-78.79751754414">
    <tag k="local_x" v="-409.625564" />
    <tag k="local_y" v="-3.693534" />
    <tag k="ele" v="0" />
  </node>
  <node id="18390" lat="42.99258451660" lon="-78.79752973727">
    <tag k="local_x" v="-410.619924" />
    <tag k="local_y" v="-3.714116" />
    <tag k="ele" v="0" />
  </node>
  <node id="18391" lat="42.99258433080" lon="-78.79754193039">
    <tag k="local_x" v="-411.614284" />
    <tag k="local_y" v="-3.734698" />
    <tag k="ele" v="0" />
  </node>
  <node id="18392" lat="42.99258414499" lon="-78.79755412352">
    <tag k="local_x" v="-412.608644" />
    <tag k="local_y" v="-3.755280" />
    <tag k="ele" v="0" />
  </node>
  <node id="18393" lat="42.99258395919" lon="-78.79756631664">
    <tag k="local_x" v="-413.603004" />
    <tag k="local_y" v="-3.775861" />
    <tag k="ele" v="0" />
  </node>
  <node id="18394" lat="42.99258377338" lon="-78.79757850977">
    <tag k="local_x" v="-414.597364" />
    <tag k="local_y" v="-3.796443" />
    <tag k="ele" v="0" />
  </node>
  <node id="18395" lat="42.99258358757" lon="-78.79759070289">
    <tag k="local_x" v="-415.591724" />
    <tag k="local_y" v="-3.817025" />
    <tag k="ele" v="0" />
  </node>
  <node id="18396" lat="42.99258340176" lon="-78.79760289602">
    <tag k="local_x" v="-416.586084" />
    <tag k="local_y" v="-3.837607" />
    <tag k="ele" v="0" />
  </node>
  <node id="18397" lat="42.99258321595" lon="-78.79761508914">
    <tag k="local_x" v="-417.580444" />
    <tag k="local_y" v="-3.858189" />
    <tag k="ele" v="0" />
  </node>
  <node id="18398" lat="42.99258303014" lon="-78.79762728227">
    <tag k="local_x" v="-418.574804" />
    <tag k="local_y" v="-3.878770" />
    <tag k="ele" v="0" />
  </node>
  <node id="18399" lat="42.99258284432" lon="-78.79763947539">
    <tag k="local_x" v="-419.569164" />
    <tag k="local_y" v="-3.899352" />
    <tag k="ele" v="0" />
  </node>
  <node id="18400" lat="42.99258265851" lon="-78.79765166852">
    <tag k="local_x" v="-420.563524" />
    <tag k="local_y" v="-3.919934" />
    <tag k="ele" v="0" />
  </node>
  <node id="18401" lat="42.99258248255" lon="-78.79766386191">
    <tag k="local_x" v="-421.557906" />
    <tag k="local_y" v="-3.939420" />
    <tag k="ele" v="0" />
  </node>
  <node id="18402" lat="42.99258267614" lon="-78.79767605364">
    <tag k="local_x" v="-422.552150" />
    <tag k="local_y" v="-3.917853" />
    <tag k="ele" v="0" />
  </node>
  <node id="18403" lat="42.99269241022" lon="-78.79486223630">
    <tag k="local_x" v="-193.082821" />
    <tag k="local_y" v="8.262483" />
    <tag k="ele" v="0" />
  </node>
  <node id="18404" lat="42.99270140958" lon="-78.79486228524">
    <tag k="local_x" v="-193.086783" />
    <tag k="local_y" v="9.262245" />
    <tag k="ele" v="0" />
  </node>
  <node id="18405" lat="42.99271040894" lon="-78.79486233422">
    <tag k="local_x" v="-193.090750" />
    <tag k="local_y" v="10.262007" />
    <tag k="ele" v="0" />
  </node>
  <node id="18406" lat="42.99271940829" lon="-78.79486238321">
    <tag k="local_x" v="-193.094716" />
    <tag k="local_y" v="11.261769" />
    <tag k="ele" v="0" />
  </node>
  <node id="18407" lat="42.99272840765" lon="-78.79486243219">
    <tag k="local_x" v="-193.098683" />
    <tag k="local_y" v="12.261531" />
    <tag k="ele" v="0" />
  </node>
  <node id="18408" lat="42.99273740701" lon="-78.79486248117">
    <tag k="local_x" v="-193.102649" />
    <tag k="local_y" v="13.261293" />
    <tag k="ele" v="0" />
  </node>
  <node id="18409" lat="42.99274640636" lon="-78.79486253015">
    <tag k="local_x" v="-193.106615" />
    <tag k="local_y" v="14.261055" />
    <tag k="ele" v="0" />
  </node>
  <node id="18410" lat="42.99275540572" lon="-78.79486257914">
    <tag k="local_x" v="-193.110582" />
    <tag k="local_y" v="15.260817" />
    <tag k="ele" v="0" />
  </node>
  <node id="18411" lat="42.99276440507" lon="-78.79486262812">
    <tag k="local_x" v="-193.114548" />
    <tag k="local_y" v="16.260578" />
    <tag k="ele" v="0" />
  </node>
  <node id="18412" lat="42.99277340443" lon="-78.79486267710">
    <tag k="local_x" v="-193.118515" />
    <tag k="local_y" v="17.260340" />
    <tag k="ele" v="0" />
  </node>
  <node id="18413" lat="42.99278240378" lon="-78.79486272619">
    <tag k="local_x" v="-193.122489" />
    <tag k="local_y" v="18.260102" />
    <tag k="ele" v="0" />
  </node>
  <node id="18414" lat="42.99279140314" lon="-78.79486277587">
    <tag k="local_x" v="-193.126512" />
    <tag k="local_y" v="19.259864" />
    <tag k="ele" v="0" />
  </node>
  <node id="18415" lat="42.99280040249" lon="-78.79486282636">
    <tag k="local_x" v="-193.130602" />
    <tag k="local_y" v="20.259625" />
    <tag k="ele" v="0" />
  </node>
  <node id="18416" lat="42.99280940184" lon="-78.79486287682">
    <tag k="local_x" v="-193.134689" />
    <tag k="local_y" v="21.259387" />
    <tag k="ele" v="0" />
  </node>
  <node id="18417" lat="42.99281840119" lon="-78.79486292718">
    <tag k="local_x" v="-193.138768" />
    <tag k="local_y" v="22.259148" />
    <tag k="ele" v="0" />
  </node>
  <node id="18418" lat="42.99282740054" lon="-78.79486297768">
    <tag k="local_x" v="-193.142857" />
    <tag k="local_y" v="23.258910" />
    <tag k="ele" v="0" />
  </node>
  <node id="18419" lat="42.99283639990" lon="-78.79486302812">
    <tag k="local_x" v="-193.146943" />
    <tag k="local_y" v="24.258671" />
    <tag k="ele" v="0" />
  </node>
  <node id="18420" lat="42.99284539925" lon="-78.79486307849">
    <tag k="local_x" v="-193.151023" />
    <tag k="local_y" v="25.258433" />
    <tag k="ele" v="0" />
  </node>
  <node id="18421" lat="42.99285439860" lon="-78.79486312899">
    <tag k="local_x" v="-193.155112" />
    <tag k="local_y" v="26.258194" />
    <tag k="ele" v="0" />
  </node>
  <node id="18422" lat="42.99286339795" lon="-78.79486317943">
    <tag k="local_x" v="-193.159198" />
    <tag k="local_y" v="27.257955" />
    <tag k="ele" v="0" />
  </node>
  <node id="18423" lat="42.99287239730" lon="-78.79486322980">
    <tag k="local_x" v="-193.163278" />
    <tag k="local_y" v="28.257717" />
    <tag k="ele" v="0" />
  </node>
  <node id="18424" lat="42.99288139665" lon="-78.79486328030">
    <tag k="local_x" v="-193.167367" />
    <tag k="local_y" v="29.257478" />
    <tag k="ele" v="0" />
  </node>
  <node id="18425" lat="42.99289039600" lon="-78.79486333073">
    <tag k="local_x" v="-193.171452" />
    <tag k="local_y" v="30.257240" />
    <tag k="ele" v="0" />
  </node>
  <node id="18426" lat="42.99289939536" lon="-78.79486338112">
    <tag k="local_x" v="-193.175533" />
    <tag k="local_y" v="31.257001" />
    <tag k="ele" v="0" />
  </node>
  <node id="18427" lat="42.99290839471" lon="-78.79486343161">
    <tag k="local_x" v="-193.179622" />
    <tag k="local_y" v="32.256763" />
    <tag k="ele" v="0" />
  </node>
  <node id="18428" lat="42.99291739406" lon="-78.79486348204">
    <tag k="local_x" v="-193.183707" />
    <tag k="local_y" v="33.256524" />
    <tag k="ele" v="0" />
  </node>
  <node id="18429" lat="42.99292639341" lon="-78.79486353242">
    <tag k="local_x" v="-193.187787" />
    <tag k="local_y" v="34.256286" />
    <tag k="ele" v="0" />
  </node>
  <node id="18430" lat="42.99293539276" lon="-78.79486358292">
    <tag k="local_x" v="-193.191877" />
    <tag k="local_y" v="35.256047" />
    <tag k="ele" v="0" />
  </node>
  <node id="18431" lat="42.99294439211" lon="-78.79486363340">
    <tag k="local_x" v="-193.195966" />
    <tag k="local_y" v="36.255808" />
    <tag k="ele" v="0" />
  </node>
  <node id="18432" lat="42.99295339146" lon="-78.79486368383">
    <tag k="local_x" v="-193.200050" />
    <tag k="local_y" v="37.255570" />
    <tag k="ele" v="0" />
  </node>
  <node id="18433" lat="42.99296239082" lon="-78.79486373423">
    <tag k="local_x" v="-193.204132" />
    <tag k="local_y" v="38.255331" />
    <tag k="ele" v="0" />
  </node>
  <node id="18434" lat="42.99297139017" lon="-78.79486378472">
    <tag k="local_x" v="-193.208221" />
    <tag k="local_y" v="39.255093" />
    <tag k="ele" v="0" />
  </node>
  <node id="18435" lat="42.99298038952" lon="-78.79486383513">
    <tag k="local_x" v="-193.212304" />
    <tag k="local_y" v="40.254854" />
    <tag k="ele" v="0" />
  </node>
  <node id="18436" lat="42.99298938887" lon="-78.79486388554">
    <tag k="local_x" v="-193.216387" />
    <tag k="local_y" v="41.254616" />
    <tag k="ele" v="0" />
  </node>
  <node id="18437" lat="42.99299838822" lon="-78.79486393603">
    <tag k="local_x" v="-193.220476" />
    <tag k="local_y" v="42.254377" />
    <tag k="ele" v="0" />
  </node>
  <node id="18438" lat="42.99300738757" lon="-78.79486398644">
    <tag k="local_x" v="-193.224559" />
    <tag k="local_y" v="43.254139" />
    <tag k="ele" v="0" />
  </node>
  <node id="18439" lat="42.99301638692" lon="-78.79486403686">
    <tag k="local_x" v="-193.228642" />
    <tag k="local_y" v="44.253900" />
    <tag k="ele" v="0" />
  </node>
  <node id="18440" lat="42.99302538627" lon="-78.79486408734">
    <tag k="local_x" v="-193.232731" />
    <tag k="local_y" v="45.253661" />
    <tag k="ele" v="0" />
  </node>
  <node id="18441" lat="42.99303438563" lon="-78.79486413775">
    <tag k="local_x" v="-193.236813" />
    <tag k="local_y" v="46.253423" />
    <tag k="ele" v="0" />
  </node>
  <node id="18442" lat="42.99304338498" lon="-78.79486418817">
    <tag k="local_x" v="-193.240897" />
    <tag k="local_y" v="47.253184" />
    <tag k="ele" v="0" />
  </node>
  <node id="18443" lat="42.99305238433" lon="-78.79486423865">
    <tag k="local_x" v="-193.244985" />
    <tag k="local_y" v="48.252946" />
    <tag k="ele" v="0" />
  </node>
  <node id="18444" lat="42.99306138368" lon="-78.79486428905">
    <tag k="local_x" v="-193.249068" />
    <tag k="local_y" v="49.252707" />
    <tag k="ele" v="0" />
  </node>
  <node id="18445" lat="42.99307038303" lon="-78.79486433949">
    <tag k="local_x" v="-193.253152" />
    <tag k="local_y" v="50.252469" />
    <tag k="ele" v="0" />
  </node>
  <node id="18446" lat="42.99307938238" lon="-78.79486438996">
    <tag k="local_x" v="-193.257240" />
    <tag k="local_y" v="51.252230" />
    <tag k="ele" v="0" />
  </node>
  <node id="18447" lat="42.99308838173" lon="-78.79486444036">
    <tag k="local_x" v="-193.261322" />
    <tag k="local_y" v="52.251992" />
    <tag k="ele" v="0" />
  </node>
  <node id="18448" lat="42.99309738108" lon="-78.79486449080">
    <tag k="local_x" v="-193.265407" />
    <tag k="local_y" v="53.251753" />
    <tag k="ele" v="0" />
  </node>
  <node id="18449" lat="42.99310638043" lon="-78.79486454127">
    <tag k="local_x" v="-193.269495" />
    <tag k="local_y" v="54.251514" />
    <tag k="ele" v="0" />
  </node>
  <node id="18450" lat="42.99311537979" lon="-78.79486459167">
    <tag k="local_x" v="-193.273577" />
    <tag k="local_y" v="55.251276" />
    <tag k="ele" v="0" />
  </node>
  <node id="18451" lat="42.99312437914" lon="-78.79486464211">
    <tag k="local_x" v="-193.277662" />
    <tag k="local_y" v="56.251037" />
    <tag k="ele" v="0" />
  </node>
  <node id="18452" lat="42.99313337849" lon="-78.79486469258">
    <tag k="local_x" v="-193.281750" />
    <tag k="local_y" v="57.250799" />
    <tag k="ele" v="0" />
  </node>
  <node id="18453" lat="42.99314237784" lon="-78.79486474298">
    <tag k="local_x" v="-193.285831" />
    <tag k="local_y" v="58.250560" />
    <tag k="ele" v="0" />
  </node>
  <node id="18454" lat="42.99315137719" lon="-78.79486479343">
    <tag k="local_x" v="-193.289918" />
    <tag k="local_y" v="59.250322" />
    <tag k="ele" v="0" />
  </node>
  <node id="18455" lat="42.99316037654" lon="-78.79486484389">
    <tag k="local_x" v="-193.294004" />
    <tag k="local_y" v="60.250083" />
    <tag k="ele" v="0" />
  </node>
  <node id="18456" lat="42.99316937589" lon="-78.79486489429">
    <tag k="local_x" v="-193.298086" />
    <tag k="local_y" v="61.249844" />
    <tag k="ele" v="0" />
  </node>
  <node id="18457" lat="42.99317837524" lon="-78.79486494474">
    <tag k="local_x" v="-193.302173" />
    <tag k="local_y" v="62.249606" />
    <tag k="ele" v="0" />
  </node>
  <node id="18458" lat="42.99318737459" lon="-78.79486499520">
    <tag k="local_x" v="-193.306259" />
    <tag k="local_y" v="63.249367" />
    <tag k="ele" v="0" />
  </node>
  <node id="18459" lat="42.99319637394" lon="-78.79486504559">
    <tag k="local_x" v="-193.310341" />
    <tag k="local_y" v="64.249129" />
    <tag k="ele" v="0" />
  </node>
  <node id="18460" lat="42.99320537330" lon="-78.79486509606">
    <tag k="local_x" v="-193.314428" />
    <tag k="local_y" v="65.248890" />
    <tag k="ele" v="0" />
  </node>
  <node id="18461" lat="42.99321437265" lon="-78.79486514651">
    <tag k="local_x" v="-193.318514" />
    <tag k="local_y" v="66.248652" />
    <tag k="ele" v="0" />
  </node>
  <node id="18462" lat="42.99322337200" lon="-78.79486519690">
    <tag k="local_x" v="-193.322595" />
    <tag k="local_y" v="67.248413" />
    <tag k="ele" v="0" />
  </node>
  <node id="18463" lat="42.99323237135" lon="-78.79486524737">
    <tag k="local_x" v="-193.326683" />
    <tag k="local_y" v="68.248175" />
    <tag k="ele" v="0" />
  </node>
  <node id="18464" lat="42.99324137070" lon="-78.79486529782">
    <tag k="local_x" v="-193.330769" />
    <tag k="local_y" v="69.247936" />
    <tag k="ele" v="0" />
  </node>
  <node id="18465" lat="42.99325037005" lon="-78.79486534821">
    <tag k="local_x" v="-193.334850" />
    <tag k="local_y" v="70.247697" />
    <tag k="ele" v="0" />
  </node>
  <node id="18466" lat="42.99325936940" lon="-78.79486539869">
    <tag k="local_x" v="-193.338938" />
    <tag k="local_y" v="71.247459" />
    <tag k="ele" v="0" />
  </node>
  <node id="18467" lat="42.99326836875" lon="-78.79486544913">
    <tag k="local_x" v="-193.343023" />
    <tag k="local_y" v="72.247220" />
    <tag k="ele" v="0" />
  </node>
  <node id="18468" lat="42.99327736810" lon="-78.79486549952">
    <tag k="local_x" v="-193.347105" />
    <tag k="local_y" v="73.246982" />
    <tag k="ele" v="0" />
  </node>
  <node id="18469" lat="42.99328636745" lon="-78.79486555000">
    <tag k="local_x" v="-193.351193" />
    <tag k="local_y" v="74.246743" />
    <tag k="ele" v="0" />
  </node>
  <node id="18470" lat="42.99329536680" lon="-78.79486560050">
    <tag k="local_x" v="-193.355283" />
    <tag k="local_y" v="75.246505" />
    <tag k="ele" v="0" />
  </node>
  <node id="18471" lat="42.99330436615" lon="-78.79486565100">
    <tag k="local_x" v="-193.359373" />
    <tag k="local_y" v="76.246266" />
    <tag k="ele" v="0" />
  </node>
  <node id="18472" lat="42.99331336550" lon="-78.79486570143">
    <tag k="local_x" v="-193.363457" />
    <tag k="local_y" v="77.246028" />
    <tag k="ele" v="0" />
  </node>
  <node id="18473" lat="42.99332236486" lon="-78.79486575183">
    <tag k="local_x" v="-193.367539" />
    <tag k="local_y" v="78.245789" />
    <tag k="ele" v="0" />
  </node>
  <node id="18474" lat="42.99333136421" lon="-78.79486580231">
    <tag k="local_x" v="-193.371628" />
    <tag k="local_y" v="79.245550" />
    <tag k="ele" v="0" />
  </node>
  <node id="18475" lat="42.99334036356" lon="-78.79486585274">
    <tag k="local_x" v="-193.375712" />
    <tag k="local_y" v="80.245312" />
    <tag k="ele" v="0" />
  </node>
  <node id="18476" lat="42.99334936291" lon="-78.79486590314">
    <tag k="local_x" v="-193.379794" />
    <tag k="local_y" v="81.245073" />
    <tag k="ele" v="0" />
  </node>
  <node id="18477" lat="42.99335836226" lon="-78.79486595363">
    <tag k="local_x" v="-193.383883" />
    <tag k="local_y" v="82.244835" />
    <tag k="ele" v="0" />
  </node>
  <node id="18478" lat="42.99336736161" lon="-78.79486600405">
    <tag k="local_x" v="-193.387967" />
    <tag k="local_y" v="83.244596" />
    <tag k="ele" v="0" />
  </node>
  <node id="18479" lat="42.99337636096" lon="-78.79486605445">
    <tag k="local_x" v="-193.392048" />
    <tag k="local_y" v="84.244358" />
    <tag k="ele" v="0" />
  </node>
  <node id="18480" lat="42.99338536031" lon="-78.79486610494">
    <tag k="local_x" v="-193.396138" />
    <tag k="local_y" v="85.244119" />
    <tag k="ele" v="0" />
  </node>
  <node id="18481" lat="42.99339435966" lon="-78.79486615536">
    <tag k="local_x" v="-193.400221" />
    <tag k="local_y" v="86.243880" />
    <tag k="ele" v="0" />
  </node>
  <node id="18482" lat="42.99340335901" lon="-78.79486620576">
    <tag k="local_x" v="-193.404303" />
    <tag k="local_y" v="87.243642" />
    <tag k="ele" v="0" />
  </node>
  <node id="18483" lat="42.99341235836" lon="-78.79486625626">
    <tag k="local_x" v="-193.408393" />
    <tag k="local_y" v="88.243403" />
    <tag k="ele" v="0" />
  </node>
  <node id="18484" lat="42.99342135771" lon="-78.79486630667">
    <tag k="local_x" v="-193.412476" />
    <tag k="local_y" v="89.243165" />
    <tag k="ele" v="0" />
  </node>
  <node id="18485" lat="42.99343035706" lon="-78.79486635708">
    <tag k="local_x" v="-193.416558" />
    <tag k="local_y" v="90.242926" />
    <tag k="ele" v="0" />
  </node>
  <node id="18486" lat="42.99343935641" lon="-78.79486640757">
    <tag k="local_x" v="-193.420648" />
    <tag k="local_y" v="91.242688" />
    <tag k="ele" v="0" />
  </node>
  <node id="18487" lat="42.99344835576" lon="-78.79486645798">
    <tag k="local_x" v="-193.424730" />
    <tag k="local_y" v="92.242449" />
    <tag k="ele" v="0" />
  </node>
  <node id="18488" lat="42.99345735512" lon="-78.79486650839">
    <tag k="local_x" v="-193.428813" />
    <tag k="local_y" v="93.242211" />
    <tag k="ele" v="0" />
  </node>
  <node id="18489" lat="42.99346635447" lon="-78.79486655889">
    <tag k="local_x" v="-193.432903" />
    <tag k="local_y" v="94.241972" />
    <tag k="ele" v="0" />
  </node>
  <node id="18490" lat="42.99347535382" lon="-78.79486660929">
    <tag k="local_x" v="-193.436985" />
    <tag k="local_y" v="95.241733" />
    <tag k="ele" v="0" />
  </node>
  <node id="18491" lat="42.99348435317" lon="-78.79486665971">
    <tag k="local_x" v="-193.441068" />
    <tag k="local_y" v="96.241495" />
    <tag k="ele" v="0" />
  </node>
  <node id="18492" lat="42.99349335252" lon="-78.79486671020">
    <tag k="local_x" v="-193.445158" />
    <tag k="local_y" v="97.241256" />
    <tag k="ele" v="0" />
  </node>
  <node id="18493" lat="42.99350235187" lon="-78.79486676060">
    <tag k="local_x" v="-193.449239" />
    <tag k="local_y" v="98.241018" />
    <tag k="ele" v="0" />
  </node>
  <node id="18494" lat="42.99351135122" lon="-78.79486681102">
    <tag k="local_x" v="-193.453323" />
    <tag k="local_y" v="99.240779" />
    <tag k="ele" v="0" />
  </node>
  <node id="18495" lat="42.99352035057" lon="-78.79486686151">
    <tag k="local_x" v="-193.457412" />
    <tag k="local_y" v="100.240541" />
    <tag k="ele" v="0" />
  </node>
  <node id="18496" lat="42.99352934992" lon="-78.79486691191">
    <tag k="local_x" v="-193.461494" />
    <tag k="local_y" v="101.240302" />
    <tag k="ele" v="0" />
  </node>
  <node id="18497" lat="42.99353834927" lon="-78.79486696234">
    <tag k="local_x" v="-193.465578" />
    <tag k="local_y" v="102.240064" />
    <tag k="ele" v="0" />
  </node>
  <node id="18498" lat="42.99354734862" lon="-78.79486701283">
    <tag k="local_x" v="-193.469668" />
    <tag k="local_y" v="103.239825" />
    <tag k="ele" v="0" />
  </node>
  <node id="18499" lat="42.99355634797" lon="-78.79486706331">
    <tag k="local_x" v="-193.473756" />
    <tag k="local_y" v="104.239586" />
    <tag k="ele" v="0" />
  </node>
  <node id="18500" lat="42.99356534732" lon="-78.79486711370">
    <tag k="local_x" v="-193.477837" />
    <tag k="local_y" v="105.239348" />
    <tag k="ele" v="0" />
  </node>
  <node id="18501" lat="42.99357434667" lon="-78.79486716414">
    <tag k="local_x" v="-193.481922" />
    <tag k="local_y" v="106.239109" />
    <tag k="ele" v="0" />
  </node>
  <node id="18502" lat="42.99358334602" lon="-78.79486721462">
    <tag k="local_x" v="-193.486011" />
    <tag k="local_y" v="107.238871" />
    <tag k="ele" v="0" />
  </node>
  <node id="18503" lat="42.99359234537" lon="-78.79486726501">
    <tag k="local_x" v="-193.490092" />
    <tag k="local_y" v="108.238632" />
    <tag k="ele" v="0" />
  </node>
  <node id="18504" lat="42.99360134472" lon="-78.79486731546">
    <tag k="local_x" v="-193.494178" />
    <tag k="local_y" v="109.238394" />
    <tag k="ele" v="0" />
  </node>
  <node id="18505" lat="42.99361034407" lon="-78.79486736593">
    <tag k="local_x" v="-193.498265" />
    <tag k="local_y" v="110.238155" />
    <tag k="ele" v="0" />
  </node>
  <node id="18506" lat="42.99361934342" lon="-78.79486741634">
    <tag k="local_x" v="-193.502348" />
    <tag k="local_y" v="111.237917" />
    <tag k="ele" v="0" />
  </node>
  <node id="18507" lat="42.99362834277" lon="-78.79486746680">
    <tag k="local_x" v="-193.506435" />
    <tag k="local_y" v="112.237678" />
    <tag k="ele" v="0" />
  </node>
  <node id="18508" lat="42.99363734212" lon="-78.79486751722">
    <tag k="local_x" v="-193.510518" />
    <tag k="local_y" v="113.237439" />
    <tag k="ele" v="0" />
  </node>
  <node id="18509" lat="42.99364634147" lon="-78.79486756767">
    <tag k="local_x" v="-193.514604" />
    <tag k="local_y" v="114.237201" />
    <tag k="ele" v="0" />
  </node>
  <node id="18510" lat="42.99365534082" lon="-78.79486761814">
    <tag k="local_x" v="-193.518691" />
    <tag k="local_y" v="115.236962" />
    <tag k="ele" v="0" />
  </node>
  <node id="18511" lat="42.99366434017" lon="-78.79486766853">
    <tag k="local_x" v="-193.522773" />
    <tag k="local_y" v="116.236724" />
    <tag k="ele" v="0" />
  </node>
  <node id="18512" lat="42.99367333952" lon="-78.79486771899">
    <tag k="local_x" v="-193.526859" />
    <tag k="local_y" v="117.236485" />
    <tag k="ele" v="0" />
  </node>
  <node id="18513" lat="42.99368233887" lon="-78.79486776948">
    <tag k="local_x" v="-193.530949" />
    <tag k="local_y" v="118.236247" />
    <tag k="ele" v="0" />
  </node>
  <node id="18514" lat="42.99369133822" lon="-78.79486781993">
    <tag k="local_x" v="-193.535035" />
    <tag k="local_y" v="119.236008" />
    <tag k="ele" v="0" />
  </node>
  <node id="18515" lat="42.99370033757" lon="-78.79486787033">
    <tag k="local_x" v="-193.539116" />
    <tag k="local_y" v="120.235770" />
    <tag k="ele" v="0" />
  </node>
  <node id="18516" lat="42.99370933692" lon="-78.79486792079">
    <tag k="local_x" v="-193.543203" />
    <tag k="local_y" v="121.235531" />
    <tag k="ele" v="0" />
  </node>
  <node id="18517" lat="42.99371833627" lon="-78.79486797124">
    <tag k="local_x" v="-193.547289" />
    <tag k="local_y" v="122.235292" />
    <tag k="ele" v="0" />
  </node>
  <node id="18518" lat="42.99372733562" lon="-78.79486802164">
    <tag k="local_x" v="-193.551371" />
    <tag k="local_y" v="123.235054" />
    <tag k="ele" v="0" />
  </node>
  <node id="18519" lat="42.99373633497" lon="-78.79486807211">
    <tag k="local_x" v="-193.555459" />
    <tag k="local_y" v="124.234815" />
    <tag k="ele" v="0" />
  </node>
  <node id="18520" lat="42.99374533432" lon="-78.79486812255">
    <tag k="local_x" v="-193.559544" />
    <tag k="local_y" v="125.234577" />
    <tag k="ele" v="0" />
  </node>
  <node id="18521" lat="42.99375433367" lon="-78.79486817296">
    <tag k="local_x" v="-193.563626" />
    <tag k="local_y" v="126.234338" />
    <tag k="ele" v="0" />
  </node>
  <node id="18522" lat="42.99376333302" lon="-78.79486822343">
    <tag k="local_x" v="-193.567714" />
    <tag k="local_y" v="127.234100" />
    <tag k="ele" v="0" />
  </node>
  <node id="18523" lat="42.99377233237" lon="-78.79486827386">
    <tag k="local_x" v="-193.571798" />
    <tag k="local_y" v="128.233861" />
    <tag k="ele" v="0" />
  </node>
  <node id="18524" lat="42.99378133172" lon="-78.79486832427">
    <tag k="local_x" v="-193.575881" />
    <tag k="local_y" v="129.233622" />
    <tag k="ele" v="0" />
  </node>
  <node id="18525" lat="42.99379033107" lon="-78.79486837475">
    <tag k="local_x" v="-193.579969" />
    <tag k="local_y" v="130.233384" />
    <tag k="ele" v="0" />
  </node>
  <node id="18526" lat="42.99379933042" lon="-78.79486842517">
    <tag k="local_x" v="-193.584053" />
    <tag k="local_y" v="131.233145" />
    <tag k="ele" v="0" />
  </node>
  <node id="18527" lat="42.99380832977" lon="-78.79486847558">
    <tag k="local_x" v="-193.588135" />
    <tag k="local_y" v="132.232907" />
    <tag k="ele" v="0" />
  </node>
  <node id="18528" lat="42.99381732912" lon="-78.79486852606">
    <tag k="local_x" v="-193.592224" />
    <tag k="local_y" v="133.232668" />
    <tag k="ele" v="0" />
  </node>
  <node id="18529" lat="42.99382632847" lon="-78.79486857649">
    <tag k="local_x" v="-193.596307" />
    <tag k="local_y" v="134.232430" />
    <tag k="ele" v="0" />
  </node>
  <node id="18530" lat="42.99383532782" lon="-78.79486862690">
    <tag k="local_x" v="-193.600390" />
    <tag k="local_y" v="135.232191" />
    <tag k="ele" v="0" />
  </node>
  <node id="18531" lat="42.99384432717" lon="-78.79486867738">
    <tag k="local_x" v="-193.604479" />
    <tag k="local_y" v="136.231953" />
    <tag k="ele" v="0" />
  </node>
  <node id="18532" lat="42.99385332652" lon="-78.79486872780">
    <tag k="local_x" v="-193.608562" />
    <tag k="local_y" v="137.231714" />
    <tag k="ele" v="0" />
  </node>
  <node id="18533" lat="42.99386232587" lon="-78.79486877821">
    <tag k="local_x" v="-193.612645" />
    <tag k="local_y" v="138.231475" />
    <tag k="ele" v="0" />
  </node>
  <node id="18534" lat="42.99387132522" lon="-78.79486882870">
    <tag k="local_x" v="-193.616734" />
    <tag k="local_y" v="139.231237" />
    <tag k="ele" v="0" />
  </node>
  <node id="18535" lat="42.99388032457" lon="-78.79486887911">
    <tag k="local_x" v="-193.620816" />
    <tag k="local_y" v="140.230998" />
    <tag k="ele" v="0" />
  </node>
  <node id="18536" lat="42.99388932392" lon="-78.79486892953">
    <tag k="local_x" v="-193.624900" />
    <tag k="local_y" v="141.230760" />
    <tag k="ele" v="0" />
  </node>
  <node id="18537" lat="42.99389832327" lon="-78.79486898002">
    <tag k="local_x" v="-193.628989" />
    <tag k="local_y" v="142.230521" />
    <tag k="ele" v="0" />
  </node>
  <node id="18538" lat="42.99390732262" lon="-78.79486903042">
    <tag k="local_x" v="-193.633071" />
    <tag k="local_y" v="143.230283" />
    <tag k="ele" v="0" />
  </node>
  <node id="18539" lat="42.99391632197" lon="-78.79486908084">
    <tag k="local_x" v="-193.637155" />
    <tag k="local_y" v="144.230044" />
    <tag k="ele" v="0" />
  </node>
  <node id="18540" lat="42.99392532132" lon="-78.79486913134">
    <tag k="local_x" v="-193.641244" />
    <tag k="local_y" v="145.229806" />
    <tag k="ele" v="0" />
  </node>
  <node id="18541" lat="42.99393432067" lon="-78.79486918173">
    <tag k="local_x" v="-193.645325" />
    <tag k="local_y" v="146.229567" />
    <tag k="ele" v="0" />
  </node>
  <node id="18542" lat="42.99394332002" lon="-78.79486923216">
    <tag k="local_x" v="-193.649410" />
    <tag k="local_y" v="147.229328" />
    <tag k="ele" v="0" />
  </node>
  <node id="18543" lat="42.99395231937" lon="-78.79486928265">
    <tag k="local_x" v="-193.653499" />
    <tag k="local_y" v="148.229090" />
    <tag k="ele" v="0" />
  </node>
  <node id="18544" lat="42.99396131872" lon="-78.79486933304">
    <tag k="local_x" v="-193.657580" />
    <tag k="local_y" v="149.228851" />
    <tag k="ele" v="0" />
  </node>
  <node id="18545" lat="42.99397031807" lon="-78.79486938348">
    <tag k="local_x" v="-193.661665" />
    <tag k="local_y" v="150.228613" />
    <tag k="ele" v="0" />
  </node>
  <node id="18546" lat="42.99397931742" lon="-78.79486943397">
    <tag k="local_x" v="-193.665754" />
    <tag k="local_y" v="151.228374" />
    <tag k="ele" v="0" />
  </node>
  <node id="18547" lat="42.99398831677" lon="-78.79486948435">
    <tag k="local_x" v="-193.669834" />
    <tag k="local_y" v="152.228136" />
    <tag k="ele" v="0" />
  </node>
  <node id="18548" lat="42.99399731612" lon="-78.79486953479">
    <tag k="local_x" v="-193.673920" />
    <tag k="local_y" v="153.227897" />
    <tag k="ele" v="0" />
  </node>
  <node id="18549" lat="42.99400631547" lon="-78.79486958529">
    <tag k="local_x" v="-193.678009" />
    <tag k="local_y" v="154.227659" />
    <tag k="ele" v="0" />
  </node>
  <node id="18550" lat="42.99401531482" lon="-78.79486963579">
    <tag k="local_x" v="-193.682100" />
    <tag k="local_y" v="155.227420" />
    <tag k="ele" v="0" />
  </node>
  <node id="18551" lat="42.99402431417" lon="-78.79486968616">
    <tag k="local_x" v="-193.686178" />
    <tag k="local_y" v="156.227181" />
    <tag k="ele" v="0" />
  </node>
  <node id="18552" lat="42.99403331352" lon="-78.79486973661">
    <tag k="local_x" v="-193.690265" />
    <tag k="local_y" v="157.226943" />
    <tag k="ele" v="0" />
  </node>
  <node id="18553" lat="42.99404231287" lon="-78.79486978711">
    <tag k="local_x" v="-193.694355" />
    <tag k="local_y" v="158.226704" />
    <tag k="ele" v="0" />
  </node>
  <node id="18554" lat="42.99405131222" lon="-78.79486983747">
    <tag k="local_x" v="-193.698433" />
    <tag k="local_y" v="159.226466" />
    <tag k="ele" v="0" />
  </node>
  <node id="18555" lat="42.99406031157" lon="-78.79486988793">
    <tag k="local_x" v="-193.702520" />
    <tag k="local_y" v="160.226227" />
    <tag k="ele" v="0" />
  </node>
  <node id="18556" lat="42.99406931092" lon="-78.79486993814">
    <tag k="local_x" v="-193.706586" />
    <tag k="local_y" v="161.225989" />
    <tag k="ele" v="0" />
  </node>
  <node id="18557" lat="42.99407831027" lon="-78.79486998843">
    <tag k="local_x" v="-193.710659" />
    <tag k="local_y" v="162.225750" />
    <tag k="ele" v="0" />
  </node>
  <node id="18558" lat="42.99408730962" lon="-78.79487003858">
    <tag k="local_x" v="-193.714720" />
    <tag k="local_y" v="163.225512" />
    <tag k="ele" v="0" />
  </node>
  <node id="18559" lat="42.99409630897" lon="-78.79487008871">
    <tag k="local_x" v="-193.718780" />
    <tag k="local_y" v="164.225273" />
    <tag k="ele" v="0" />
  </node>
  <node id="18560" lat="42.99410530832" lon="-78.79487013883">
    <tag k="local_x" v="-193.722839" />
    <tag k="local_y" v="165.225035" />
    <tag k="ele" v="0" />
  </node>
  <node id="18561" lat="42.99411430767" lon="-78.79487018895">
    <tag k="local_x" v="-193.726898" />
    <tag k="local_y" v="166.224796" />
    <tag k="ele" v="0" />
  </node>
  <node id="18562" lat="42.99412330702" lon="-78.79487023907">
    <tag k="local_x" v="-193.730957" />
    <tag k="local_y" v="167.224558" />
    <tag k="ele" v="0" />
  </node>
  <node id="18563" lat="42.99413230637" lon="-78.79487028920">
    <tag k="local_x" v="-193.735016" />
    <tag k="local_y" v="168.224319" />
    <tag k="ele" v="0" />
  </node>
  <node id="18564" lat="42.99414130572" lon="-78.79487033950">
    <tag k="local_x" v="-193.739090" />
    <tag k="local_y" v="169.224081" />
    <tag k="ele" v="0" />
  </node>
  <node id="18565" lat="42.99415030507" lon="-78.79487038963">
    <tag k="local_x" v="-193.743150" />
    <tag k="local_y" v="170.223842" />
    <tag k="ele" v="0" />
  </node>
  <node id="18566" lat="42.99269213289" lon="-78.79495675352">
    <tag k="local_x" v="-200.790760" />
    <tag k="local_y" v="8.231895" />
    <tag k="ele" v="0" />
  </node>
  <node id="18567" lat="42.99270113221" lon="-78.79495680247">
    <tag k="local_x" v="-200.794723" />
    <tag k="local_y" v="9.231652" />
    <tag k="ele" v="0" />
  </node>
  <node id="18568" lat="42.99271013152" lon="-78.79495685147">
    <tag k="local_x" v="-200.798689" />
    <tag k="local_y" v="10.231410" />
    <tag k="ele" v="0" />
  </node>
  <node id="18569" lat="42.99271913084" lon="-78.79495690046">
    <tag k="local_x" v="-200.802655" />
    <tag k="local_y" v="11.231167" />
    <tag k="ele" v="0" />
  </node>
  <node id="18570" lat="42.99272813016" lon="-78.79495694946">
    <tag k="local_x" v="-200.806622" />
    <tag k="local_y" v="12.230925" />
    <tag k="ele" v="0" />
  </node>
  <node id="18571" lat="42.99273712947" lon="-78.79495699845">
    <tag k="local_x" v="-200.810588" />
    <tag k="local_y" v="13.230682" />
    <tag k="ele" v="0" />
  </node>
  <node id="18572" lat="42.99274612879" lon="-78.79495704745">
    <tag k="local_x" v="-200.814555" />
    <tag k="local_y" v="14.230440" />
    <tag k="ele" v="0" />
  </node>
  <node id="18573" lat="42.99275512811" lon="-78.79495709645">
    <tag k="local_x" v="-200.818521" />
    <tag k="local_y" v="15.230198" />
    <tag k="ele" v="0" />
  </node>
  <node id="18574" lat="42.99276412742" lon="-78.79495714544">
    <tag k="local_x" v="-200.822487" />
    <tag k="local_y" v="16.229955" />
    <tag k="ele" v="0" />
  </node>
  <node id="18575" lat="42.99277312674" lon="-78.79495719444">
    <tag k="local_x" v="-200.826454" />
    <tag k="local_y" v="17.229713" />
    <tag k="ele" v="0" />
  </node>
  <node id="18576" lat="42.99278212605" lon="-78.79495724353">
    <tag k="local_x" v="-200.830428" />
    <tag k="local_y" v="18.229470" />
    <tag k="ele" v="0" />
  </node>
  <node id="18577" lat="42.99279112537" lon="-78.79495729323">
    <tag k="local_x" v="-200.834452" />
    <tag k="local_y" v="19.229227" />
    <tag k="ele" v="0" />
  </node>
  <node id="18578" lat="42.99280012468" lon="-78.79495734374">
    <tag k="local_x" v="-200.838542" />
    <tag k="local_y" v="20.228985" />
    <tag k="ele" v="0" />
  </node>
  <node id="18579" lat="42.99280912399" lon="-78.79495739421">
    <tag k="local_x" v="-200.842628" />
    <tag k="local_y" v="21.228742" />
    <tag k="ele" v="0" />
  </node>
  <node id="18580" lat="42.99281812331" lon="-78.79495744458">
    <tag k="local_x" v="-200.846707" />
    <tag k="local_y" v="22.228499" />
    <tag k="ele" v="0" />
  </node>
  <node id="18581" lat="42.99282712262" lon="-78.79495749510">
    <tag k="local_x" v="-200.850797" />
    <tag k="local_y" v="23.228256" />
    <tag k="ele" v="0" />
  </node>
  <node id="18582" lat="42.99283612193" lon="-78.79495754555">
    <tag k="local_x" v="-200.854882" />
    <tag k="local_y" v="24.228013" />
    <tag k="ele" v="0" />
  </node>
  <node id="18583" lat="42.99284512124" lon="-78.79495759594">
    <tag k="local_x" v="-200.858962" />
    <tag k="local_y" v="25.227770" />
    <tag k="ele" v="0" />
  </node>
  <node id="18584" lat="42.99285412055" lon="-78.79495764645">
    <tag k="local_x" v="-200.863052" />
    <tag k="local_y" v="26.227527" />
    <tag k="ele" v="0" />
  </node>
  <node id="18585" lat="42.99286311987" lon="-78.79495769690">
    <tag k="local_x" v="-200.867136" />
    <tag k="local_y" v="27.227284" />
    <tag k="ele" v="0" />
  </node>
  <node id="18586" lat="42.99287211918" lon="-78.79495774729">
    <tag k="local_x" v="-200.871217" />
    <tag k="local_y" v="28.227041" />
    <tag k="ele" v="0" />
  </node>
  <node id="18587" lat="42.99288111849" lon="-78.79495779781">
    <tag k="local_x" v="-200.875307" />
    <tag k="local_y" v="29.226798" />
    <tag k="ele" v="0" />
  </node>
  <node id="18588" lat="42.99289011780" lon="-78.79495784824">
    <tag k="local_x" v="-200.879391" />
    <tag k="local_y" v="30.226555" />
    <tag k="ele" v="0" />
  </node>
  <node id="18589" lat="42.99289911711" lon="-78.79495789865">
    <tag k="local_x" v="-200.883472" />
    <tag k="local_y" v="31.226312" />
    <tag k="ele" v="0" />
  </node>
  <node id="18590" lat="42.99290811643" lon="-78.79495794916">
    <tag k="local_x" v="-200.887562" />
    <tag k="local_y" v="32.226069" />
    <tag k="ele" v="0" />
  </node>
  <node id="18591" lat="42.99291711574" lon="-78.79495799958">
    <tag k="local_x" v="-200.891645" />
    <tag k="local_y" v="33.225826" />
    <tag k="ele" v="0" />
  </node>
  <node id="18592" lat="42.99292611505" lon="-78.79495804999">
    <tag k="local_x" v="-200.895726" />
    <tag k="local_y" v="34.225584" />
    <tag k="ele" v="0" />
  </node>
  <node id="18593" lat="42.99293511436" lon="-78.79495810050">
    <tag k="local_x" v="-200.899816" />
    <tag k="local_y" v="35.225341" />
    <tag k="ele" v="0" />
  </node>
  <node id="18594" lat="42.99294411367" lon="-78.79495815101">
    <tag k="local_x" v="-200.903906" />
    <tag k="local_y" v="36.225098" />
    <tag k="ele" v="0" />
  </node>
  <node id="18595" lat="42.99295311299" lon="-78.79495820142">
    <tag k="local_x" v="-200.907988" />
    <tag k="local_y" v="37.224855" />
    <tag k="ele" v="0" />
  </node>
  <node id="18596" lat="42.99296211230" lon="-78.79495825185">
    <tag k="local_x" v="-200.912071" />
    <tag k="local_y" v="38.224612" />
    <tag k="ele" v="0" />
  </node>
  <node id="18597" lat="42.99297111161" lon="-78.79495830237">
    <tag k="local_x" v="-200.916161" />
    <tag k="local_y" v="39.224369" />
    <tag k="ele" v="0" />
  </node>
  <node id="18598" lat="42.99298011092" lon="-78.79495835277">
    <tag k="local_x" v="-200.920242" />
    <tag k="local_y" v="40.224126" />
    <tag k="ele" v="0" />
  </node>
  <node id="18599" lat="42.99298911023" lon="-78.79495840321">
    <tag k="local_x" v="-200.924326" />
    <tag k="local_y" v="41.223883" />
    <tag k="ele" v="0" />
  </node>
  <node id="18600" lat="42.99299810955" lon="-78.79495845372">
    <tag k="local_x" v="-200.928416" />
    <tag k="local_y" v="42.223640" />
    <tag k="ele" v="0" />
  </node>
  <node id="18601" lat="42.99300710886" lon="-78.79495850411">
    <tag k="local_x" v="-200.932496" />
    <tag k="local_y" v="43.223397" />
    <tag k="ele" v="0" />
  </node>
  <node id="18602" lat="42.99301610817" lon="-78.79495855456">
    <tag k="local_x" v="-200.936581" />
    <tag k="local_y" v="44.223154" />
    <tag k="ele" v="0" />
  </node>
  <node id="18603" lat="42.99302510748" lon="-78.79495860508">
    <tag k="local_x" v="-200.940671" />
    <tag k="local_y" v="45.222911" />
    <tag k="ele" v="0" />
  </node>
  <node id="18604" lat="42.99303410679" lon="-78.79495865546">
    <tag k="local_x" v="-200.944750" />
    <tag k="local_y" v="46.222668" />
    <tag k="ele" v="0" />
  </node>
  <node id="18605" lat="42.99304310611" lon="-78.79495870592">
    <tag k="local_x" v="-200.948836" />
    <tag k="local_y" v="47.222426" />
    <tag k="ele" v="0" />
  </node>
  <node id="18606" lat="42.99305210542" lon="-78.79495875643">
    <tag k="local_x" v="-200.952926" />
    <tag k="local_y" v="48.222183" />
    <tag k="ele" v="0" />
  </node>
  <node id="18607" lat="42.99306110473" lon="-78.79495880680">
    <tag k="local_x" v="-200.957004" />
    <tag k="local_y" v="49.221940" />
    <tag k="ele" v="0" />
  </node>
  <node id="18608" lat="42.99307010404" lon="-78.79495885727">
    <tag k="local_x" v="-200.961091" />
    <tag k="local_y" v="50.221697" />
    <tag k="ele" v="0" />
  </node>
  <node id="18609" lat="42.99307910335" lon="-78.79495890778">
    <tag k="local_x" v="-200.965181" />
    <tag k="local_y" v="51.221454" />
    <tag k="ele" v="0" />
  </node>
  <node id="18610" lat="42.99308810266" lon="-78.79495895814">
    <tag k="local_x" v="-200.969259" />
    <tag k="local_y" v="52.221211" />
    <tag k="ele" v="0" />
  </node>
  <node id="18611" lat="42.99309710198" lon="-78.79495900863">
    <tag k="local_x" v="-200.973346" />
    <tag k="local_y" v="53.220968" />
    <tag k="ele" v="0" />
  </node>
  <node id="18612" lat="42.99310610129" lon="-78.79495905914">
    <tag k="local_x" v="-200.977436" />
    <tag k="local_y" v="54.220725" />
    <tag k="ele" v="0" />
  </node>
  <node id="18613" lat="42.99311510060" lon="-78.79495910949">
    <tag k="local_x" v="-200.981513" />
    <tag k="local_y" v="55.220482" />
    <tag k="ele" v="0" />
  </node>
  <node id="18614" lat="42.99312409991" lon="-78.79495915998">
    <tag k="local_x" v="-200.985601" />
    <tag k="local_y" v="56.220239" />
    <tag k="ele" v="0" />
  </node>
  <node id="18615" lat="42.99313309922" lon="-78.79495921049">
    <tag k="local_x" v="-200.989691" />
    <tag k="local_y" v="57.219996" />
    <tag k="ele" v="0" />
  </node>
  <node id="18616" lat="42.99314209853" lon="-78.79495926083">
    <tag k="local_x" v="-200.993767" />
    <tag k="local_y" v="58.219753" />
    <tag k="ele" v="0" />
  </node>
  <node id="18617" lat="42.99315109785" lon="-78.79495931134">
    <tag k="local_x" v="-200.997856" />
    <tag k="local_y" v="59.219510" />
    <tag k="ele" v="0" />
  </node>
  <node id="18618" lat="42.99316009716" lon="-78.79495936185">
    <tag k="local_x" v="-201.001946" />
    <tag k="local_y" v="60.219267" />
    <tag k="ele" v="0" />
  </node>
  <node id="18619" lat="42.99316909647" lon="-78.79495941218">
    <tag k="local_x" v="-201.006021" />
    <tag k="local_y" v="61.219025" />
    <tag k="ele" v="0" />
  </node>
  <node id="18620" lat="42.99317809578" lon="-78.79495946269">
    <tag k="local_x" v="-201.010111" />
    <tag k="local_y" v="62.218782" />
    <tag k="ele" v="0" />
  </node>
  <node id="18621" lat="42.99318709509" lon="-78.79495951320">
    <tag k="local_x" v="-201.014201" />
    <tag k="local_y" v="63.218539" />
    <tag k="ele" v="0" />
  </node>
  <node id="18622" lat="42.99319609440" lon="-78.79495956353">
    <tag k="local_x" v="-201.018276" />
    <tag k="local_y" v="64.218296" />
    <tag k="ele" v="0" />
  </node>
  <node id="18623" lat="42.99320509372" lon="-78.79495961405">
    <tag k="local_x" v="-201.022366" />
    <tag k="local_y" v="65.218053" />
    <tag k="ele" v="0" />
  </node>
  <node id="18624" lat="42.99321409303" lon="-78.79495966455">
    <tag k="local_x" v="-201.026455" />
    <tag k="local_y" v="66.217810" />
    <tag k="ele" v="0" />
  </node>
  <node id="18625" lat="42.99322309234" lon="-78.79495971489">
    <tag k="local_x" v="-201.030531" />
    <tag k="local_y" v="67.217567" />
    <tag k="ele" v="0" />
  </node>
  <node id="18626" lat="42.99323209165" lon="-78.79495976540">
    <tag k="local_x" v="-201.034621" />
    <tag k="local_y" v="68.217324" />
    <tag k="ele" v="0" />
  </node>
  <node id="18627" lat="42.99324109096" lon="-78.79495981589">
    <tag k="local_x" v="-201.038709" />
    <tag k="local_y" v="69.217081" />
    <tag k="ele" v="0" />
  </node>
  <node id="18628" lat="42.99325009027" lon="-78.79495986624">
    <tag k="local_x" v="-201.042786" />
    <tag k="local_y" v="70.216838" />
    <tag k="ele" v="0" />
  </node>
  <node id="18629" lat="42.99325908958" lon="-78.79495991676">
    <tag k="local_x" v="-201.046876" />
    <tag k="local_y" v="71.216595" />
    <tag k="ele" v="0" />
  </node>
  <node id="18630" lat="42.99326808890" lon="-78.79495996724">
    <tag k="local_x" v="-201.050963" />
    <tag k="local_y" v="72.216352" />
    <tag k="ele" v="0" />
  </node>
  <node id="18631" lat="42.99327708821" lon="-78.79496001760">
    <tag k="local_x" v="-201.055041" />
    <tag k="local_y" v="73.216109" />
    <tag k="ele" v="0" />
  </node>
  <node id="18632" lat="42.99328608752" lon="-78.79496006811">
    <tag k="local_x" v="-201.059131" />
    <tag k="local_y" v="74.215866" />
    <tag k="ele" v="0" />
  </node>
  <node id="18633" lat="42.99329508683" lon="-78.79496011863">
    <tag k="local_x" v="-201.063221" />
    <tag k="local_y" v="75.215624" />
    <tag k="ele" v="0" />
  </node>
  <node id="18634" lat="42.99330408614" lon="-78.79496016914">
    <tag k="local_x" v="-201.067311" />
    <tag k="local_y" v="76.215381" />
    <tag k="ele" v="0" />
  </node>
  <node id="18635" lat="42.99331308545" lon="-78.79496021960">
    <tag k="local_x" v="-201.071397" />
    <tag k="local_y" v="77.215138" />
    <tag k="ele" v="0" />
  </node>
  <node id="18636" lat="42.99332208476" lon="-78.79496026998">
    <tag k="local_x" v="-201.075476" />
    <tag k="local_y" v="78.214895" />
    <tag k="ele" v="0" />
  </node>
  <node id="18637" lat="42.99333108408" lon="-78.79496032049">
    <tag k="local_x" v="-201.079566" />
    <tag k="local_y" v="79.214652" />
    <tag k="ele" v="0" />
  </node>
  <node id="18638" lat="42.99334008339" lon="-78.79496037094">
    <tag k="local_x" v="-201.083651" />
    <tag k="local_y" v="80.214409" />
    <tag k="ele" v="0" />
  </node>
  <node id="18639" lat="42.99334908270" lon="-78.79496042133">
    <tag k="local_x" v="-201.087731" />
    <tag k="local_y" v="81.214166" />
    <tag k="ele" v="0" />
  </node>
  <node id="18640" lat="42.99335808201" lon="-78.79496047185">
    <tag k="local_x" v="-201.091821" />
    <tag k="local_y" v="82.213923" />
    <tag k="ele" v="0" />
  </node>
  <node id="18641" lat="42.99336708132" lon="-78.79496052229">
    <tag k="local_x" v="-201.095905" />
    <tag k="local_y" v="83.213680" />
    <tag k="ele" v="0" />
  </node>
  <node id="18642" lat="42.99337608063" lon="-78.79496057269">
    <tag k="local_x" v="-201.099986" />
    <tag k="local_y" v="84.213437" />
    <tag k="ele" v="0" />
  </node>
  <node id="18643" lat="42.99338507994" lon="-78.79496062320">
    <tag k="local_x" v="-201.104076" />
    <tag k="local_y" v="85.213194" />
    <tag k="ele" v="0" />
  </node>
  <node id="18644" lat="42.99339407925" lon="-78.79496067364">
    <tag k="local_x" v="-201.108159" />
    <tag k="local_y" v="86.212951" />
    <tag k="ele" v="0" />
  </node>
  <node id="18645" lat="42.99340307857" lon="-78.79496072405">
    <tag k="local_x" v="-201.112241" />
    <tag k="local_y" v="87.212708" />
    <tag k="ele" v="0" />
  </node>
  <node id="18646" lat="42.99341207788" lon="-78.79496077456">
    <tag k="local_x" v="-201.116331" />
    <tag k="local_y" v="88.212465" />
    <tag k="ele" v="0" />
  </node>
  <node id="18647" lat="42.99342107719" lon="-78.79496082498">
    <tag k="local_x" v="-201.120414" />
    <tag k="local_y" v="89.212223" />
    <tag k="ele" v="0" />
  </node>
  <node id="18648" lat="42.99343007650" lon="-78.79496087540">
    <tag k="local_x" v="-201.124496" />
    <tag k="local_y" v="90.211980" />
    <tag k="ele" v="0" />
  </node>
  <node id="18649" lat="42.99343907581" lon="-78.79496092592">
    <tag k="local_x" v="-201.128586" />
    <tag k="local_y" v="91.211737" />
    <tag k="ele" v="0" />
  </node>
  <node id="18650" lat="42.99344807512" lon="-78.79496097633">
    <tag k="local_x" v="-201.132668" />
    <tag k="local_y" v="92.211494" />
    <tag k="ele" v="0" />
  </node>
  <node id="18651" lat="42.99345707443" lon="-78.79496102676">
    <tag k="local_x" v="-201.136751" />
    <tag k="local_y" v="93.211251" />
    <tag k="ele" v="0" />
  </node>
  <node id="18652" lat="42.99346607374" lon="-78.79496107727">
    <tag k="local_x" v="-201.140841" />
    <tag k="local_y" v="94.211008" />
    <tag k="ele" v="0" />
  </node>
  <node id="18653" lat="42.99347507306" lon="-78.79496112768">
    <tag k="local_x" v="-201.144922" />
    <tag k="local_y" v="95.210765" />
    <tag k="ele" v="0" />
  </node>
  <node id="18654" lat="42.99348407237" lon="-78.79496117812">
    <tag k="local_x" v="-201.149006" />
    <tag k="local_y" v="96.210522" />
    <tag k="ele" v="0" />
  </node>
  <node id="18655" lat="42.99349307168" lon="-78.79496122863">
    <tag k="local_x" v="-201.153096" />
    <tag k="local_y" v="97.210279" />
    <tag k="ele" v="0" />
  </node>
  <node id="18656" lat="42.99350207099" lon="-78.79496127902">
    <tag k="local_x" v="-201.157176" />
    <tag k="local_y" v="98.210036" />
    <tag k="ele" v="0" />
  </node>
  <node id="18657" lat="42.99351107030" lon="-78.79496132947">
    <tag k="local_x" v="-201.161261" />
    <tag k="local_y" v="99.209793" />
    <tag k="ele" v="0" />
  </node>
  <node id="18658" lat="42.99352006961" lon="-78.79496137999">
    <tag k="local_x" v="-201.165351" />
    <tag k="local_y" v="100.209550" />
    <tag k="ele" v="0" />
  </node>
  <node id="18659" lat="42.99352906892" lon="-78.79496143037">
    <tag k="local_x" v="-201.169430" />
    <tag k="local_y" v="101.209307" />
    <tag k="ele" v="0" />
  </node>
  <node id="18660" lat="42.99353806823" lon="-78.79496148083">
    <tag k="local_x" v="-201.173516" />
    <tag k="local_y" v="102.209065" />
    <tag k="ele" v="0" />
  </node>
  <node id="18661" lat="42.99354706754" lon="-78.79496153133">
    <tag k="local_x" v="-201.177605" />
    <tag k="local_y" v="103.208822" />
    <tag k="ele" v="0" />
  </node>
  <node id="18662" lat="42.99355606685" lon="-78.79496158184">
    <tag k="local_x" v="-201.181695" />
    <tag k="local_y" v="104.208579" />
    <tag k="ele" v="0" />
  </node>
  <node id="18663" lat="42.99356506617" lon="-78.79496163221">
    <tag k="local_x" v="-201.185773" />
    <tag k="local_y" v="105.208336" />
    <tag k="ele" v="0" />
  </node>
  <node id="18664" lat="42.99357406548" lon="-78.79496168269">
    <tag k="local_x" v="-201.189860" />
    <tag k="local_y" v="106.208093" />
    <tag k="ele" v="0" />
  </node>
  <node id="18665" lat="42.99358306479" lon="-78.79496173320">
    <tag k="local_x" v="-201.193950" />
    <tag k="local_y" v="107.207850" />
    <tag k="ele" v="0" />
  </node>
  <node id="18666" lat="42.99359206410" lon="-78.79496178356">
    <tag k="local_x" v="-201.198027" />
    <tag k="local_y" v="108.207607" />
    <tag k="ele" v="0" />
  </node>
  <node id="18667" lat="42.99360106341" lon="-78.79496183404">
    <tag k="local_x" v="-201.202115" />
    <tag k="local_y" v="109.207364" />
    <tag k="ele" v="0" />
  </node>
  <node id="18668" lat="42.99361006272" lon="-78.79496188456">
    <tag k="local_x" v="-201.206205" />
    <tag k="local_y" v="110.207121" />
    <tag k="ele" v="0" />
  </node>
  <node id="18669" lat="42.99361906203" lon="-78.79496193491">
    <tag k="local_x" v="-201.210282" />
    <tag k="local_y" v="111.206878" />
    <tag k="ele" v="0" />
  </node>
  <node id="18670" lat="42.99362806134" lon="-78.79496198548">
    <tag k="local_x" v="-201.214376" />
    <tag k="local_y" v="112.206635" />
    <tag k="ele" v="0" />
  </node>
  <node id="18671" lat="42.99363706065" lon="-78.79496203582">
    <tag k="local_x" v="-201.218453" />
    <tag k="local_y" v="113.206392" />
    <tag k="ele" v="0" />
  </node>
  <node id="18672" lat="42.99364605996" lon="-78.79496208633">
    <tag k="local_x" v="-201.222542" />
    <tag k="local_y" v="114.206149" />
    <tag k="ele" v="0" />
  </node>
  <node id="18673" lat="42.99365505927" lon="-78.79496213684">
    <tag k="local_x" v="-201.226632" />
    <tag k="local_y" v="115.205906" />
    <tag k="ele" v="0" />
  </node>
  <node id="18674" lat="42.99366405859" lon="-78.79496218717">
    <tag k="local_x" v="-201.230707" />
    <tag k="local_y" v="116.205664" />
    <tag k="ele" v="0" />
  </node>
  <node id="18675" lat="42.99367305790" lon="-78.79496223769">
    <tag k="local_x" v="-201.234797" />
    <tag k="local_y" v="117.205421" />
    <tag k="ele" v="0" />
  </node>
  <node id="18676" lat="42.99368205721" lon="-78.79496228818">
    <tag k="local_x" v="-201.238886" />
    <tag k="local_y" v="118.205178" />
    <tag k="ele" v="0" />
  </node>
  <node id="18677" lat="42.99369105652" lon="-78.79496233869">
    <tag k="local_x" v="-201.242975" />
    <tag k="local_y" v="119.204935" />
    <tag k="ele" v="0" />
  </node>
  <node id="18678" lat="42.99370005583" lon="-78.79496238903">
    <tag k="local_x" v="-201.247051" />
    <tag k="local_y" v="120.204692" />
    <tag k="ele" v="0" />
  </node>
  <node id="18679" lat="42.99370905514" lon="-78.79496243954">
    <tag k="local_x" v="-201.251141" />
    <tag k="local_y" v="121.204449" />
    <tag k="ele" v="0" />
  </node>
  <node id="18680" lat="42.99371805445" lon="-78.79496249004">
    <tag k="local_x" v="-201.255229" />
    <tag k="local_y" v="122.204206" />
    <tag k="ele" v="0" />
  </node>
  <node id="18681" lat="42.99372705376" lon="-78.79496254039">
    <tag k="local_x" v="-201.259306" />
    <tag k="local_y" v="123.203963" />
    <tag k="ele" v="0" />
  </node>
  <node id="18682" lat="42.99373605307" lon="-78.79496259090">
    <tag k="local_x" v="-201.263396" />
    <tag k="local_y" v="124.203720" />
    <tag k="ele" v="0" />
  </node>
  <node id="18683" lat="42.99374505238" lon="-78.79496264139">
    <tag k="local_x" v="-201.267484" />
    <tag k="local_y" v="125.203477" />
    <tag k="ele" v="0" />
  </node>
  <node id="18684" lat="42.99375405169" lon="-78.79496269174">
    <tag k="local_x" v="-201.271561" />
    <tag k="local_y" v="126.203234" />
    <tag k="ele" v="0" />
  </node>
  <node id="18685" lat="42.99376305100" lon="-78.79496274226">
    <tag k="local_x" v="-201.275651" />
    <tag k="local_y" v="127.202991" />
    <tag k="ele" v="0" />
  </node>
  <node id="18686" lat="42.99377205031" lon="-78.79496279273">
    <tag k="local_x" v="-201.279738" />
    <tag k="local_y" v="128.202748" />
    <tag k="ele" v="0" />
  </node>
  <node id="18687" lat="42.99378104963" lon="-78.79496284310">
    <tag k="local_x" v="-201.283816" />
    <tag k="local_y" v="129.202505" />
    <tag k="ele" v="0" />
  </node>
  <node id="18688" lat="42.99379004894" lon="-78.79496289362">
    <tag k="local_x" v="-201.287906" />
    <tag k="local_y" v="130.202263" />
    <tag k="ele" v="0" />
  </node>
  <node id="18689" lat="42.99379904825" lon="-78.79496294408">
    <tag k="local_x" v="-201.291992" />
    <tag k="local_y" v="131.202020" />
    <tag k="ele" v="0" />
  </node>
  <node id="18690" lat="42.99380804756" lon="-78.79496299446">
    <tag k="local_x" v="-201.296071" />
    <tag k="local_y" v="132.201777" />
    <tag k="ele" v="0" />
  </node>
  <node id="18691" lat="42.99381704687" lon="-78.79496304498">
    <tag k="local_x" v="-201.300161" />
    <tag k="local_y" v="133.201534" />
    <tag k="ele" v="0" />
  </node>
  <node id="18692" lat="42.99382604618" lon="-78.79496309543">
    <tag k="local_x" v="-201.304246" />
    <tag k="local_y" v="134.201291" />
    <tag k="ele" v="0" />
  </node>
  <node id="18693" lat="42.99383504549" lon="-78.79496314582">
    <tag k="local_x" v="-201.308326" />
    <tag k="local_y" v="135.201048" />
    <tag k="ele" v="0" />
  </node>
  <node id="18694" lat="42.99384404480" lon="-78.79496319633">
    <tag k="local_x" v="-201.312416" />
    <tag k="local_y" v="136.200805" />
    <tag k="ele" v="0" />
  </node>
  <node id="18695" lat="42.99385304411" lon="-78.79496324678">
    <tag k="local_x" v="-201.316500" />
    <tag k="local_y" v="137.200562" />
    <tag k="ele" v="0" />
  </node>
  <node id="18696" lat="42.99386204342" lon="-78.79496329718">
    <tag k="local_x" v="-201.320581" />
    <tag k="local_y" v="138.200319" />
    <tag k="ele" v="0" />
  </node>
  <node id="18697" lat="42.99387104273" lon="-78.79496334769">
    <tag k="local_x" v="-201.324671" />
    <tag k="local_y" v="139.200076" />
    <tag k="ele" v="0" />
  </node>
  <node id="18698" lat="42.99388004204" lon="-78.79496339813">
    <tag k="local_x" v="-201.328755" />
    <tag k="local_y" v="140.199833" />
    <tag k="ele" v="0" />
  </node>
  <node id="18699" lat="42.99388904135" lon="-78.79496344854">
    <tag k="local_x" v="-201.332836" />
    <tag k="local_y" v="141.199590" />
    <tag k="ele" v="0" />
  </node>
  <node id="18700" lat="42.99389804066" lon="-78.79496349905">
    <tag k="local_x" v="-201.336926" />
    <tag k="local_y" v="142.199347" />
    <tag k="ele" v="0" />
  </node>
  <node id="18701" lat="42.99390703997" lon="-78.79496354948">
    <tag k="local_x" v="-201.341009" />
    <tag k="local_y" v="143.199105" />
    <tag k="ele" v="0" />
  </node>
  <node id="18702" lat="42.99391603928" lon="-78.79496359989">
    <tag k="local_x" v="-201.345091" />
    <tag k="local_y" v="144.198862" />
    <tag k="ele" v="0" />
  </node>
  <node id="18703" lat="42.99392503859" lon="-78.79496365041">
    <tag k="local_x" v="-201.349181" />
    <tag k="local_y" v="145.198619" />
    <tag k="ele" v="0" />
  </node>
  <node id="18704" lat="42.99393403790" lon="-78.79496370082">
    <tag k="local_x" v="-201.353263" />
    <tag k="local_y" v="146.198376" />
    <tag k="ele" v="0" />
  </node>
  <node id="18705" lat="42.99394303721" lon="-78.79496375125">
    <tag k="local_x" v="-201.357346" />
    <tag k="local_y" v="147.198133" />
    <tag k="ele" v="0" />
  </node>
  <node id="18706" lat="42.99395203653" lon="-78.79496380177">
    <tag k="local_x" v="-201.361436" />
    <tag k="local_y" v="148.197890" />
    <tag k="ele" v="0" />
  </node>
  <node id="18707" lat="42.99396103584" lon="-78.79496385217">
    <tag k="local_x" v="-201.365517" />
    <tag k="local_y" v="149.197647" />
    <tag k="ele" v="0" />
  </node>
  <node id="18708" lat="42.99397003515" lon="-78.79496390261">
    <tag k="local_x" v="-201.369601" />
    <tag k="local_y" v="150.197404" />
    <tag k="ele" v="0" />
  </node>
  <node id="18709" lat="42.99397903446" lon="-78.79496395313">
    <tag k="local_x" v="-201.373691" />
    <tag k="local_y" v="151.197161" />
    <tag k="ele" v="0" />
  </node>
  <node id="18710" lat="42.99398803377" lon="-78.79496400352">
    <tag k="local_x" v="-201.377771" />
    <tag k="local_y" v="152.196918" />
    <tag k="ele" v="0" />
  </node>
  <node id="18711" lat="42.99399703308" lon="-78.79496405397">
    <tag k="local_x" v="-201.381856" />
    <tag k="local_y" v="153.196675" />
    <tag k="ele" v="0" />
  </node>
  <node id="18712" lat="42.99400603239" lon="-78.79496410449">
    <tag k="local_x" v="-201.385946" />
    <tag k="local_y" v="154.196432" />
    <tag k="ele" v="0" />
  </node>
  <node id="18713" lat="42.99401503170" lon="-78.79496415500">
    <tag k="local_x" v="-201.390036" />
    <tag k="local_y" v="155.196189" />
    <tag k="ele" v="0" />
  </node>
  <node id="18714" lat="42.99402403101" lon="-78.79496420538">
    <tag k="local_x" v="-201.394115" />
    <tag k="local_y" v="156.195946" />
    <tag k="ele" v="0" />
  </node>
  <node id="18715" lat="42.99403303032" lon="-78.79496425585">
    <tag k="local_x" v="-201.398201" />
    <tag k="local_y" v="157.195704" />
    <tag k="ele" v="0" />
  </node>
  <node id="18716" lat="42.99404202963" lon="-78.79496430636">
    <tag k="local_x" v="-201.402291" />
    <tag k="local_y" v="158.195461" />
    <tag k="ele" v="0" />
  </node>
  <node id="18717" lat="42.99405102894" lon="-78.79496435673">
    <tag k="local_x" v="-201.406370" />
    <tag k="local_y" v="159.195218" />
    <tag k="ele" v="0" />
  </node>
  <node id="18718" lat="42.99406002825" lon="-78.79496440721">
    <tag k="local_x" v="-201.410456" />
    <tag k="local_y" v="160.194975" />
    <tag k="ele" v="0" />
  </node>
  <node id="18719" lat="42.99406902756" lon="-78.79496445744">
    <tag k="local_x" v="-201.414523" />
    <tag k="local_y" v="161.194732" />
    <tag k="ele" v="0" />
  </node>
  <node id="18720" lat="42.99407802687" lon="-78.79496450774">
    <tag k="local_x" v="-201.418595" />
    <tag k="local_y" v="162.194489" />
    <tag k="ele" v="0" />
  </node>
  <node id="18721" lat="42.99408702618" lon="-78.79496455790">
    <tag k="local_x" v="-201.422657" />
    <tag k="local_y" v="163.194246" />
    <tag k="ele" v="0" />
  </node>
  <node id="18722" lat="42.99409602549" lon="-78.79496460804">
    <tag k="local_x" v="-201.426716" />
    <tag k="local_y" v="164.194003" />
    <tag k="ele" v="0" />
  </node>
  <node id="18723" lat="42.99410502480" lon="-78.79496465817">
    <tag k="local_x" v="-201.430775" />
    <tag k="local_y" v="165.193761" />
    <tag k="ele" v="0" />
  </node>
  <node id="18724" lat="42.99411402411" lon="-78.79496470831">
    <tag k="local_x" v="-201.434835" />
    <tag k="local_y" v="166.193518" />
    <tag k="ele" v="0" />
  </node>
  <node id="18725" lat="42.99412302343" lon="-78.79496475845">
    <tag k="local_x" v="-201.438894" />
    <tag k="local_y" v="167.193275" />
    <tag k="ele" v="0" />
  </node>
  <node id="18726" lat="42.99413202274" lon="-78.79496480858">
    <tag k="local_x" v="-201.442953" />
    <tag k="local_y" v="168.193032" />
    <tag k="ele" v="0" />
  </node>
  <node id="18727" lat="42.99414102205" lon="-78.79496485890">
    <tag k="local_x" v="-201.447027" />
    <tag k="local_y" v="169.192789" />
    <tag k="ele" v="0" />
  </node>
  <node id="18728" lat="42.99415002136" lon="-78.79496490904">
    <tag k="local_x" v="-201.451086" />
    <tag k="local_y" v="170.192546" />
    <tag k="ele" v="0" />
  </node>
  <node id="18729" lat="42.99269181133" lon="-78.79517708352">
    <tag k="local_x" v="-218.758812" />
    <tag k="local_y" v="8.196722" />
    <tag k="ele" v="0" />
  </node>
  <node id="18730" lat="42.99270077983" lon="-78.79517727291">
    <tag k="local_x" v="-218.774224" />
    <tag k="local_y" v="9.193056" />
    <tag k="ele" v="0" />
  </node>
  <node id="18731" lat="42.99270974832" lon="-78.79517746237">
    <tag k="local_x" v="-218.789643" />
    <tag k="local_y" v="10.189389" />
    <tag k="ele" v="0" />
  </node>
  <node id="18732" lat="42.99271871681" lon="-78.79517765196">
    <tag k="local_x" v="-218.805073" />
    <tag k="local_y" v="11.185723" />
    <tag k="ele" v="0" />
  </node>
  <node id="18733" lat="42.99272768530" lon="-78.79517784140">
    <tag k="local_x" v="-218.820490" />
    <tag k="local_y" v="12.182056" />
    <tag k="ele" v="0" />
  </node>
  <node id="18734" lat="42.99273665379" lon="-78.79517803098">
    <tag k="local_x" v="-218.835919" />
    <tag k="local_y" v="13.178389" />
    <tag k="ele" v="0" />
  </node>
  <node id="18735" lat="42.99274562228" lon="-78.79517822040">
    <tag k="local_x" v="-218.851334" />
    <tag k="local_y" v="14.174723" />
    <tag k="ele" v="0" />
  </node>
  <node id="18736" lat="42.99275459077" lon="-78.79517840985">
    <tag k="local_x" v="-218.866752" />
    <tag k="local_y" v="15.171056" />
    <tag k="ele" v="0" />
  </node>
  <node id="18737" lat="42.99276355926" lon="-78.79517859942">
    <tag k="local_x" v="-218.882180" />
    <tag k="local_y" v="16.167389" />
    <tag k="ele" v="0" />
  </node>
  <node id="18738" lat="42.99277252776" lon="-78.79517878805">
    <tag k="local_x" v="-218.897531" />
    <tag k="local_y" v="17.163724" />
    <tag k="ele" v="0" />
  </node>
  <node id="18739" lat="42.99278149629" lon="-78.79517897421">
    <tag k="local_x" v="-218.912680" />
    <tag k="local_y" v="18.160061" />
    <tag k="ele" v="0" />
  </node>
  <node id="18740" lat="42.99279046482" lon="-78.79517916033">
    <tag k="local_x" v="-218.927827" />
    <tag k="local_y" v="19.156399" />
    <tag k="ele" v="0" />
  </node>
  <node id="18741" lat="42.99279943335" lon="-78.79517934631">
    <tag k="local_x" v="-218.942962" />
    <tag k="local_y" v="20.152737" />
    <tag k="ele" v="0" />
  </node>
  <node id="18742" lat="42.99280840188" lon="-78.79517953230">
    <tag k="local_x" v="-218.958097" />
    <tag k="local_y" v="21.149074" />
    <tag k="ele" v="0" />
  </node>
  <node id="18743" lat="42.99281737041" lon="-78.79517971829">
    <tag k="local_x" v="-218.973233" />
    <tag k="local_y" v="22.145412" />
    <tag k="ele" v="0" />
  </node>
  <node id="18744" lat="42.99282633893" lon="-78.79517990434">
    <tag k="local_x" v="-218.988374" />
    <tag k="local_y" v="23.141750" />
    <tag k="ele" v="0" />
  </node>
  <node id="18745" lat="42.99283530746" lon="-78.79518009044">
    <tag k="local_x" v="-219.003519" />
    <tag k="local_y" v="24.138088" />
    <tag k="ele" v="0" />
  </node>
  <node id="18746" lat="42.99284427599" lon="-78.79518027643">
    <tag k="local_x" v="-219.018654" />
    <tag k="local_y" v="25.134425" />
    <tag k="ele" v="0" />
  </node>
  <node id="18747" lat="42.99285324452" lon="-78.79518046241">
    <tag k="local_x" v="-219.033789" />
    <tag k="local_y" v="26.130763" />
    <tag k="ele" v="0" />
  </node>
  <node id="18748" lat="42.99286221305" lon="-78.79518064840">
    <tag k="local_x" v="-219.048925" />
    <tag k="local_y" v="27.127101" />
    <tag k="ele" v="0" />
  </node>
  <node id="18749" lat="42.99287118158" lon="-78.79518083448">
    <tag k="local_x" v="-219.064068" />
    <tag k="local_y" v="28.123438" />
    <tag k="ele" v="0" />
  </node>
  <node id="18750" lat="42.99288015011" lon="-78.79518102056">
    <tag k="local_x" v="-219.079211" />
    <tag k="local_y" v="29.119776" />
    <tag k="ele" v="0" />
  </node>
  <node id="18751" lat="42.99288911864" lon="-78.79518120654">
    <tag k="local_x" v="-219.094346" />
    <tag k="local_y" v="30.116114" />
    <tag k="ele" v="0" />
  </node>
  <node id="18752" lat="42.99289808717" lon="-78.79518139253">
    <tag k="local_x" v="-219.109481" />
    <tag k="local_y" v="31.112452" />
    <tag k="ele" v="0" />
  </node>
  <node id="18753" lat="42.99290705570" lon="-78.79518157851">
    <tag k="local_x" v="-219.124617" />
    <tag k="local_y" v="32.108789" />
    <tag k="ele" v="0" />
  </node>
  <node id="18754" lat="42.99291602423" lon="-78.79518176462">
    <tag k="local_x" v="-219.139762" />
    <tag k="local_y" v="33.105127" />
    <tag k="ele" v="0" />
  </node>
  <node id="18755" lat="42.99292499276" lon="-78.79518195067">
    <tag k="local_x" v="-219.154903" />
    <tag k="local_y" v="34.101465" />
    <tag k="ele" v="0" />
  </node>
  <node id="18756" lat="42.99293396129" lon="-78.79518213666">
    <tag k="local_x" v="-219.170038" />
    <tag k="local_y" v="35.097802" />
    <tag k="ele" v="0" />
  </node>
  <node id="18757" lat="42.99294292982" lon="-78.79518232264">
    <tag k="local_x" v="-219.185173" />
    <tag k="local_y" v="36.094140" />
    <tag k="ele" v="0" />
  </node>
  <node id="18758" lat="42.99295189835" lon="-78.79518250863">
    <tag k="local_x" v="-219.200309" />
    <tag k="local_y" v="37.090478" />
    <tag k="ele" v="0" />
  </node>
  <node id="18759" lat="42.99296086687" lon="-78.79518269476">
    <tag k="local_x" v="-219.215456" />
    <tag k="local_y" v="38.086816" />
    <tag k="ele" v="0" />
  </node>
  <node id="18760" lat="42.99296983540" lon="-78.79518288079">
    <tag k="local_x" v="-219.230595" />
    <tag k="local_y" v="39.083153" />
    <tag k="ele" v="0" />
  </node>
  <node id="18761" lat="42.99297880393" lon="-78.79518306678">
    <tag k="local_x" v="-219.245730" />
    <tag k="local_y" v="40.079491" />
    <tag k="ele" v="0" />
  </node>
  <node id="18762" lat="42.99298777246" lon="-78.79518325276">
    <tag k="local_x" v="-219.260865" />
    <tag k="local_y" v="41.075829" />
    <tag k="ele" v="0" />
  </node>
  <node id="18763" lat="42.99299674099" lon="-78.79518343875">
    <tag k="local_x" v="-219.276001" />
    <tag k="local_y" v="42.072167" />
    <tag k="ele" v="0" />
  </node>
  <node id="18764" lat="42.99300570952" lon="-78.79518362473">
    <tag k="local_x" v="-219.291136" />
    <tag k="local_y" v="43.068504" />
    <tag k="ele" v="0" />
  </node>
  <node id="18765" lat="42.99301467805" lon="-78.79518381089">
    <tag k="local_x" v="-219.306285" />
    <tag k="local_y" v="44.064842" />
    <tag k="ele" v="0" />
  </node>
  <node id="18766" lat="42.99302364658" lon="-78.79518399689">
    <tag k="local_x" v="-219.321422" />
    <tag k="local_y" v="45.061180" />
    <tag k="ele" v="0" />
  </node>
  <node id="18767" lat="42.99303261511" lon="-78.79518418288">
    <tag k="local_x" v="-219.336557" />
    <tag k="local_y" v="46.057517" />
    <tag k="ele" v="0" />
  </node>
  <node id="18768" lat="42.99304158364" lon="-78.79518436887">
    <tag k="local_x" v="-219.351693" />
    <tag k="local_y" v="47.053855" />
    <tag k="ele" v="0" />
  </node>
  <node id="18769" lat="42.99305055217" lon="-78.79518455485">
    <tag k="local_x" v="-219.366828" />
    <tag k="local_y" v="48.050193" />
    <tag k="ele" v="0" />
  </node>
  <node id="18770" lat="42.99305952070" lon="-78.79518474103">
    <tag k="local_x" v="-219.381978" />
    <tag k="local_y" v="49.046530" />
    <tag k="ele" v="0" />
  </node>
  <node id="18771" lat="42.99306848923" lon="-78.79518492701">
    <tag k="local_x" v="-219.397114" />
    <tag k="local_y" v="50.042868" />
    <tag k="ele" v="0" />
  </node>
  <node id="18772" lat="42.99307745775" lon="-78.79518511300">
    <tag k="local_x" v="-219.412249" />
    <tag k="local_y" v="51.039206" />
    <tag k="ele" v="0" />
  </node>
  <node id="18773" lat="42.99308642628" lon="-78.79518529899">
    <tag k="local_x" v="-219.427384" />
    <tag k="local_y" v="52.035544" />
    <tag k="ele" v="0" />
  </node>
  <node id="18774" lat="42.99309539481" lon="-78.79518548500">
    <tag k="local_x" v="-219.442522" />
    <tag k="local_y" v="53.031881" />
    <tag k="ele" v="0" />
  </node>
  <node id="18775" lat="42.99310436334" lon="-78.79518567115">
    <tag k="local_x" v="-219.457670" />
    <tag k="local_y" v="54.028219" />
    <tag k="ele" v="0" />
  </node>
  <node id="18776" lat="42.99311333187" lon="-78.79518585713">
    <tag k="local_x" v="-219.472806" />
    <tag k="local_y" v="55.024557" />
    <tag k="ele" v="0" />
  </node>
  <node id="18777" lat="42.99312230040" lon="-78.79518604313">
    <tag k="local_x" v="-219.487942" />
    <tag k="local_y" v="56.020894" />
    <tag k="ele" v="0" />
  </node>
  <node id="18778" lat="42.99313126893" lon="-78.79518622917">
    <tag k="local_x" v="-219.503082" />
    <tag k="local_y" v="57.017232" />
    <tag k="ele" v="0" />
  </node>
  <node id="18779" lat="42.99314023746" lon="-78.79518641516">
    <tag k="local_x" v="-219.518217" />
    <tag k="local_y" v="58.013570" />
    <tag k="ele" v="0" />
  </node>
  <node id="18780" lat="42.99314920599" lon="-78.79518660115">
    <tag k="local_x" v="-219.533352" />
    <tag k="local_y" v="59.009908" />
    <tag k="ele" v="0" />
  </node>
  <node id="18781" lat="42.99315817452" lon="-78.79518678719">
    <tag k="local_x" v="-219.548492" />
    <tag k="local_y" v="60.006245" />
    <tag k="ele" v="0" />
  </node>
  <node id="18782" lat="42.99316714304" lon="-78.79518697331">
    <tag k="local_x" v="-219.563638" />
    <tag k="local_y" v="61.002583" />
    <tag k="ele" v="0" />
  </node>
  <node id="18783" lat="42.99317611157" lon="-78.79518715930">
    <tag k="local_x" v="-219.578774" />
    <tag k="local_y" v="61.998921" />
    <tag k="ele" v="0" />
  </node>
  <node id="18784" lat="42.99318508010" lon="-78.79518734528">
    <tag k="local_x" v="-219.593909" />
    <tag k="local_y" v="62.995259" />
    <tag k="ele" v="0" />
  </node>
  <node id="18785" lat="42.99319404863" lon="-78.79518753127">
    <tag k="local_x" v="-219.609044" />
    <tag k="local_y" v="63.991596" />
    <tag k="ele" v="0" />
  </node>
  <node id="18786" lat="42.99320301716" lon="-78.79518771734">
    <tag k="local_x" v="-219.624186" />
    <tag k="local_y" v="64.987934" />
    <tag k="ele" v="0" />
  </node>
  <node id="18787" lat="42.99321198569" lon="-78.79518790343">
    <tag k="local_x" v="-219.639330" />
    <tag k="local_y" v="65.984272" />
    <tag k="ele" v="0" />
  </node>
  <node id="18788" lat="42.99322095422" lon="-78.79518808942">
    <tag k="local_x" v="-219.654465" />
    <tag k="local_y" v="66.980609" />
    <tag k="ele" v="0" />
  </node>
  <node id="18789" lat="42.99322992275" lon="-78.79518827541">
    <tag k="local_x" v="-219.669601" />
    <tag k="local_y" v="67.976947" />
    <tag k="ele" v="0" />
  </node>
  <node id="18790" lat="42.99323889128" lon="-78.79518846140">
    <tag k="local_x" v="-219.684736" />
    <tag k="local_y" v="68.973285" />
    <tag k="ele" v="0" />
  </node>
  <node id="18791" lat="42.99324785981" lon="-78.79518864749">
    <tag k="local_x" v="-219.699880" />
    <tag k="local_y" v="69.969622" />
    <tag k="ele" v="0" />
  </node>
  <node id="18792" lat="42.99325682833" lon="-78.79518883356">
    <tag k="local_x" v="-219.715022" />
    <tag k="local_y" v="70.965960" />
    <tag k="ele" v="0" />
  </node>
  <node id="18793" lat="42.99326579686" lon="-78.79518901955">
    <tag k="local_x" v="-219.730157" />
    <tag k="local_y" v="71.962298" />
    <tag k="ele" v="0" />
  </node>
  <node id="18794" lat="42.99327476539" lon="-78.79518920553">
    <tag k="local_x" v="-219.745293" />
    <tag k="local_y" v="72.958636" />
    <tag k="ele" v="0" />
  </node>
  <node id="18795" lat="42.99328373392" lon="-78.79518939152">
    <tag k="local_x" v="-219.760428" />
    <tag k="local_y" v="73.954973" />
    <tag k="ele" v="0" />
  </node>
  <node id="18796" lat="42.99329270245" lon="-78.79518957764">
    <tag k="local_x" v="-219.775574" />
    <tag k="local_y" v="74.951311" />
    <tag k="ele" v="0" />
  </node>
  <node id="18797" lat="42.99330167098" lon="-78.79518976368">
    <tag k="local_x" v="-219.790714" />
    <tag k="local_y" v="75.947649" />
    <tag k="ele" v="0" />
  </node>
  <node id="18798" lat="42.99331063951" lon="-78.79518994967">
    <tag k="local_x" v="-219.805849" />
    <tag k="local_y" v="76.943986" />
    <tag k="ele" v="0" />
  </node>
  <node id="18799" lat="42.99331960804" lon="-78.79519013566">
    <tag k="local_x" v="-219.820985" />
    <tag k="local_y" v="77.940324" />
    <tag k="ele" v="0" />
  </node>
  <node id="18800" lat="42.99332857656" lon="-78.79519032165">
    <tag k="local_x" v="-219.836120" />
    <tag k="local_y" v="78.936662" />
    <tag k="ele" v="0" />
  </node>
  <node id="18801" lat="42.99333754509" lon="-78.79519050779">
    <tag k="local_x" v="-219.851267" />
    <tag k="local_y" v="79.933000" />
    <tag k="ele" v="0" />
  </node>
  <node id="18802" lat="42.99334651362" lon="-78.79519069381">
    <tag k="local_x" v="-219.866406" />
    <tag k="local_y" v="80.929337" />
    <tag k="ele" v="0" />
  </node>
  <node id="18803" lat="42.99335548215" lon="-78.79519087980">
    <tag k="local_x" v="-219.881541" />
    <tag k="local_y" v="81.925675" />
    <tag k="ele" v="0" />
  </node>
  <node id="18804" lat="42.99336445068" lon="-78.79519106579">
    <tag k="local_x" v="-219.896677" />
    <tag k="local_y" v="82.922013" />
    <tag k="ele" v="0" />
  </node>
  <node id="18805" lat="42.99337341921" lon="-78.79519125178">
    <tag k="local_x" v="-219.911812" />
    <tag k="local_y" v="83.918351" />
    <tag k="ele" v="0" />
  </node>
  <node id="18806" lat="42.99338238774" lon="-78.79519143777">
    <tag k="local_x" v="-219.926947" />
    <tag k="local_y" v="84.914688" />
    <tag k="ele" v="0" />
  </node>
  <node id="18807" lat="42.99339135626" lon="-78.79519162393">
    <tag k="local_x" v="-219.942097" />
    <tag k="local_y" v="85.911026" />
    <tag k="ele" v="0" />
  </node>
  <node id="18808" lat="42.99340032479" lon="-78.79519180993">
    <tag k="local_x" v="-219.957233" />
    <tag k="local_y" v="86.907364" />
    <tag k="ele" v="0" />
  </node>
  <node id="18809" lat="42.99340929332" lon="-78.79519199592">
    <tag k="local_x" v="-219.972369" />
    <tag k="local_y" v="87.903701" />
    <tag k="ele" v="0" />
  </node>
  <node id="18810" lat="42.99341826185" lon="-78.79519218191">
    <tag k="local_x" v="-219.987504" />
    <tag k="local_y" v="88.900039" />
    <tag k="ele" v="0" />
  </node>
  <node id="18811" lat="42.99342723038" lon="-78.79519236791">
    <tag k="local_x" v="-220.002640" />
    <tag k="local_y" v="89.896377" />
    <tag k="ele" v="0" />
  </node>
  <node id="18812" lat="42.99343619891" lon="-78.79519255407">
    <tag k="local_x" v="-220.017790" />
    <tag k="local_y" v="90.892714" />
    <tag k="ele" v="0" />
  </node>
  <node id="18813" lat="42.99344516744" lon="-78.79519274006">
    <tag k="local_x" v="-220.032925" />
    <tag k="local_y" v="91.889052" />
    <tag k="ele" v="0" />
  </node>
  <node id="18814" lat="42.99345413596" lon="-78.79519292605">
    <tag k="local_x" v="-220.048061" />
    <tag k="local_y" v="92.885390" />
    <tag k="ele" v="0" />
  </node>
  <node id="18815" lat="42.99346310449" lon="-78.79519311204">
    <tag k="local_x" v="-220.063196" />
    <tag k="local_y" v="93.881728" />
    <tag k="ele" v="0" />
  </node>
  <node id="18816" lat="42.99347207302" lon="-78.79519329806">
    <tag k="local_x" v="-220.078334" />
    <tag k="local_y" v="94.878065" />
    <tag k="ele" v="0" />
  </node>
  <node id="18817" lat="42.99348104155" lon="-78.79519348421">
    <tag k="local_x" v="-220.093482" />
    <tag k="local_y" v="95.874403" />
    <tag k="ele" v="0" />
  </node>
  <node id="18818" lat="42.99349001008" lon="-78.79519367020">
    <tag k="local_x" v="-220.108617" />
    <tag k="local_y" v="96.870741" />
    <tag k="ele" v="0" />
  </node>
  <node id="18819" lat="42.99349897861" lon="-78.79519385619">
    <tag k="local_x" v="-220.123753" />
    <tag k="local_y" v="97.867079" />
    <tag k="ele" v="0" />
  </node>
  <node id="18820" lat="42.99350794714" lon="-78.79519404218">
    <tag k="local_x" v="-220.138889" />
    <tag k="local_y" v="98.863416" />
    <tag k="ele" v="0" />
  </node>
  <node id="18821" lat="42.99351691566" lon="-78.79519422822">
    <tag k="local_x" v="-220.154028" />
    <tag k="local_y" v="99.859754" />
    <tag k="ele" v="0" />
  </node>
  <node id="18822" lat="42.99352588419" lon="-78.79519441435">
    <tag k="local_x" v="-220.169174" />
    <tag k="local_y" v="100.856092" />
    <tag k="ele" v="0" />
  </node>
  <node id="18823" lat="42.99353485272" lon="-78.79519460034">
    <tag k="local_x" v="-220.184310" />
    <tag k="local_y" v="101.852429" />
    <tag k="ele" v="0" />
  </node>
  <node id="18824" lat="42.99354382125" lon="-78.79519478633">
    <tag k="local_x" v="-220.199445" />
    <tag k="local_y" v="102.848767" />
    <tag k="ele" v="0" />
  </node>
  <node id="18825" lat="42.99355278978" lon="-78.79519497232">
    <tag k="local_x" v="-220.214581" />
    <tag k="local_y" v="103.845105" />
    <tag k="ele" v="0" />
  </node>
  <node id="18826" lat="42.99356175831" lon="-78.79519515838">
    <tag k="local_x" v="-220.229722" />
    <tag k="local_y" v="104.841443" />
    <tag k="ele" v="0" />
  </node>
  <node id="18827" lat="42.99357072683" lon="-78.79519534448">
    <tag k="local_x" v="-220.244866" />
    <tag k="local_y" v="105.837780" />
    <tag k="ele" v="0" />
  </node>
  <node id="18828" lat="42.99357969536" lon="-78.79519553047">
    <tag k="local_x" v="-220.260002" />
    <tag k="local_y" v="106.834118" />
    <tag k="ele" v="0" />
  </node>
  <node id="18829" lat="42.99358866389" lon="-78.79519571651">
    <tag k="local_x" v="-220.275141" />
    <tag k="local_y" v="107.830456" />
    <tag k="ele" v="0" />
  </node>
  <node id="18830" lat="42.99359763242" lon="-78.79519590255">
    <tag k="local_x" v="-220.290280" />
    <tag k="local_y" v="108.826793" />
    <tag k="ele" v="0" />
  </node>
  <node id="18831" lat="42.99360660095" lon="-78.79519608854">
    <tag k="local_x" v="-220.305416" />
    <tag k="local_y" v="109.823131" />
    <tag k="ele" v="0" />
  </node>
  <node id="18832" lat="42.99361556948" lon="-78.79519627454">
    <tag k="local_x" v="-220.320552" />
    <tag k="local_y" v="110.819469" />
    <tag k="ele" v="0" />
  </node>
  <node id="18833" lat="42.99362453800" lon="-78.79519646064">
    <tag k="local_x" v="-220.335696" />
    <tag k="local_y" v="111.815806" />
    <tag k="ele" v="0" />
  </node>
  <node id="18834" lat="42.99363350653" lon="-78.79519664670">
    <tag k="local_x" v="-220.350838" />
    <tag k="local_y" v="112.812144" />
    <tag k="ele" v="0" />
  </node>
  <node id="18835" lat="42.99364247506" lon="-78.79519683270">
    <tag k="local_x" v="-220.365973" />
    <tag k="local_y" v="113.808482" />
    <tag k="ele" v="0" />
  </node>
  <node id="18836" lat="42.99365144359" lon="-78.79519701869">
    <tag k="local_x" v="-220.381108" />
    <tag k="local_y" v="114.804820" />
    <tag k="ele" v="0" />
  </node>
  <node id="18837" lat="42.99366041212" lon="-78.79519720468">
    <tag k="local_x" v="-220.396244" />
    <tag k="local_y" v="115.801157" />
    <tag k="ele" v="0" />
  </node>
  <node id="18838" lat="42.99366938064" lon="-78.79519739080">
    <tag k="local_x" v="-220.411390" />
    <tag k="local_y" v="116.797495" />
    <tag k="ele" v="0" />
  </node>
  <node id="18839" lat="42.99367834917" lon="-78.79519757684">
    <tag k="local_x" v="-220.426530" />
    <tag k="local_y" v="117.793833" />
    <tag k="ele" v="0" />
  </node>
  <node id="18840" lat="42.99368731770" lon="-78.79519776283">
    <tag k="local_x" v="-220.441665" />
    <tag k="local_y" v="118.790170" />
    <tag k="ele" v="0" />
  </node>
  <node id="18841" lat="42.99369628623" lon="-78.79519794882">
    <tag k="local_x" v="-220.456800" />
    <tag k="local_y" v="119.786508" />
    <tag k="ele" v="0" />
  </node>
  <node id="18842" lat="42.99370525476" lon="-78.79519813482">
    <tag k="local_x" v="-220.471936" />
    <tag k="local_y" v="120.782846" />
    <tag k="ele" v="0" />
  </node>
  <node id="18843" lat="42.99371422328" lon="-78.79519832096">
    <tag k="local_x" v="-220.487083" />
    <tag k="local_y" v="121.779184" />
    <tag k="ele" v="0" />
  </node>
  <node id="18844" lat="42.99372319181" lon="-78.79519850698">
    <tag k="local_x" v="-220.502221" />
    <tag k="local_y" v="122.775521" />
    <tag k="ele" v="0" />
  </node>
  <node id="18845" lat="42.99373216034" lon="-78.79519869297">
    <tag k="local_x" v="-220.517357" />
    <tag k="local_y" v="123.771859" />
    <tag k="ele" v="0" />
  </node>
  <node id="18846" lat="42.99374112887" lon="-78.79519887896">
    <tag k="local_x" v="-220.532492" />
    <tag k="local_y" v="124.768197" />
    <tag k="ele" v="0" />
  </node>
  <node id="18847" lat="42.99375009740" lon="-78.79519906496">
    <tag k="local_x" v="-220.547628" />
    <tag k="local_y" v="125.764535" />
    <tag k="ele" v="0" />
  </node>
  <node id="18848" lat="42.99375906593" lon="-78.79519925095">
    <tag k="local_x" v="-220.562763" />
    <tag k="local_y" v="126.760872" />
    <tag k="ele" v="0" />
  </node>
  <node id="18849" lat="42.99376803445" lon="-78.79519943712">
    <tag k="local_x" v="-220.577913" />
    <tag k="local_y" v="127.757210" />
    <tag k="ele" v="0" />
  </node>
  <node id="18850" lat="42.99377700298" lon="-78.79519962312">
    <tag k="local_x" v="-220.593049" />
    <tag k="local_y" v="128.753548" />
    <tag k="ele" v="0" />
  </node>
  <node id="18851" lat="42.99378597151" lon="-78.79519980911">
    <tag k="local_x" v="-220.608184" />
    <tag k="local_y" v="129.749885" />
    <tag k="ele" v="0" />
  </node>
  <node id="18852" lat="42.99379494004" lon="-78.79519999510">
    <tag k="local_x" v="-220.623320" />
    <tag k="local_y" v="130.746223" />
    <tag k="ele" v="0" />
  </node>
  <node id="18853" lat="42.99380390857" lon="-78.79520018110">
    <tag k="local_x" v="-220.638456" />
    <tag k="local_y" v="131.742561" />
    <tag k="ele" v="0" />
  </node>
  <node id="18854" lat="42.99381287709" lon="-78.79520036727">
    <tag k="local_x" v="-220.653606" />
    <tag k="local_y" v="132.738898" />
    <tag k="ele" v="0" />
  </node>
  <node id="18855" lat="42.99382184562" lon="-78.79520055327">
    <tag k="local_x" v="-220.668741" />
    <tag k="local_y" v="133.735236" />
    <tag k="ele" v="0" />
  </node>
  <node id="18856" lat="42.99383081415" lon="-78.79520073931">
    <tag k="local_x" v="-220.683881" />
    <tag k="local_y" v="134.731574" />
    <tag k="ele" v="0" />
  </node>
  <node id="18857" lat="42.99383978268" lon="-78.79520092530">
    <tag k="local_x" v="-220.699017" />
    <tag k="local_y" v="135.727912" />
    <tag k="ele" v="0" />
  </node>
  <node id="18858" lat="42.99384875120" lon="-78.79520111130">
    <tag k="local_x" v="-220.714152" />
    <tag k="local_y" v="136.724249" />
    <tag k="ele" v="0" />
  </node>
  <node id="18859" lat="42.99385771973" lon="-78.79520129729">
    <tag k="local_x" v="-220.729287" />
    <tag k="local_y" v="137.720587" />
    <tag k="ele" v="0" />
  </node>
  <node id="18860" lat="42.99386668826" lon="-78.79520148332">
    <tag k="local_x" v="-220.744426" />
    <tag k="local_y" v="138.716925" />
    <tag k="ele" v="0" />
  </node>
  <node id="18861" lat="42.99387565679" lon="-78.79520166946">
    <tag k="local_x" v="-220.759573" />
    <tag k="local_y" v="139.713262" />
    <tag k="ele" v="0" />
  </node>
  <node id="18862" lat="42.99388462532" lon="-78.79520185546">
    <tag k="local_x" v="-220.774709" />
    <tag k="local_y" v="140.709600" />
    <tag k="ele" v="0" />
  </node>
  <node id="18863" lat="42.99389359384" lon="-78.79520204145">
    <tag k="local_x" v="-220.789845" />
    <tag k="local_y" v="141.705938" />
    <tag k="ele" v="0" />
  </node>
  <node id="18864" lat="42.99390256237" lon="-78.79520222744">
    <tag k="local_x" v="-220.804980" />
    <tag k="local_y" v="142.702276" />
    <tag k="ele" v="0" />
  </node>
  <node id="18865" lat="42.99391153090" lon="-78.79520241350">
    <tag k="local_x" v="-220.820121" />
    <tag k="local_y" v="143.698613" />
    <tag k="ele" v="0" />
  </node>
  <node id="18866" lat="42.99392049943" lon="-78.79520259961">
    <tag k="local_x" v="-220.835266" />
    <tag k="local_y" v="144.694951" />
    <tag k="ele" v="0" />
  </node>
  <node id="18867" lat="42.99392946795" lon="-78.79520278560">
    <tag k="local_x" v="-220.850401" />
    <tag k="local_y" v="145.691289" />
    <tag k="ele" v="0" />
  </node>
  <node id="18868" lat="42.99393843648" lon="-78.79520297159">
    <tag k="local_x" v="-220.865537" />
    <tag k="local_y" v="146.687627" />
    <tag k="ele" v="0" />
  </node>
  <node id="18869" lat="42.99394740501" lon="-78.79520315759">
    <tag k="local_x" v="-220.880672" />
    <tag k="local_y" v="147.683964" />
    <tag k="ele" v="0" />
  </node>
  <node id="18870" lat="42.99395637354" lon="-78.79520334367">
    <tag k="local_x" v="-220.895815" />
    <tag k="local_y" v="148.680302" />
    <tag k="ele" v="0" />
  </node>
  <node id="18871" lat="42.99396534207" lon="-78.79520352976">
    <tag k="local_x" v="-220.910958" />
    <tag k="local_y" v="149.676640" />
    <tag k="ele" v="0" />
  </node>
  <node id="18872" lat="42.99397431059" lon="-78.79520371575">
    <tag k="local_x" v="-220.926093" />
    <tag k="local_y" v="150.672977" />
    <tag k="ele" v="0" />
  </node>
  <node id="18873" lat="42.99398327912" lon="-78.79520390174">
    <tag k="local_x" v="-220.941228" />
    <tag k="local_y" v="151.669315" />
    <tag k="ele" v="0" />
  </node>
  <node id="18874" lat="42.99399224765" lon="-78.79520408773">
    <tag k="local_x" v="-220.956364" />
    <tag k="local_y" v="152.665653" />
    <tag k="ele" v="0" />
  </node>
  <node id="18875" lat="42.99400121617" lon="-78.79520427470">
    <tag k="local_x" v="-220.971578" />
    <tag k="local_y" v="153.661989" />
    <tag k="ele" v="0" />
  </node>
  <node id="18876" lat="42.99401018466" lon="-78.79520446355">
    <tag k="local_x" v="-220.986947" />
    <tag k="local_y" v="154.658324" />
    <tag k="ele" v="0" />
  </node>
  <node id="18877" lat="42.99401915315" lon="-78.79520465305">
    <tag k="local_x" v="-221.002368" />
    <tag k="local_y" v="155.654657" />
    <tag k="ele" v="0" />
  </node>
  <node id="18878" lat="42.99402812164" lon="-78.79520484247">
    <tag k="local_x" v="-221.017783" />
    <tag k="local_y" v="156.650990" />
    <tag k="ele" v="0" />
  </node>
  <node id="18879" lat="42.99403709013" lon="-78.79520503203">
    <tag k="local_x" v="-221.033209" />
    <tag k="local_y" v="157.647324" />
    <tag k="ele" v="0" />
  </node>
  <node id="18880" lat="42.99404605862" lon="-78.79520522151">
    <tag k="local_x" v="-221.048629" />
    <tag k="local_y" v="158.643657" />
    <tag k="ele" v="0" />
  </node>
  <node id="18881" lat="42.99405502711" lon="-78.79520541094">
    <tag k="local_x" v="-221.064044" />
    <tag k="local_y" v="159.639991" />
    <tag k="ele" v="0" />
  </node>
  <node id="18882" lat="42.99406399559" lon="-78.79520560051">
    <tag k="local_x" v="-221.079472" />
    <tag k="local_y" v="160.636324" />
    <tag k="ele" v="0" />
  </node>
  <node id="18883" lat="42.99407296408" lon="-78.79520578998">
    <tag k="local_x" v="-221.094890" />
    <tag k="local_y" v="161.632657" />
    <tag k="ele" v="0" />
  </node>
  <node id="18884" lat="42.99408193256" lon="-78.79520598029">
    <tag k="local_x" v="-221.110378" />
    <tag k="local_y" v="162.628990" />
    <tag k="ele" v="0" />
  </node>
  <node id="18885" lat="42.99409090102" lon="-78.79520617275">
    <tag k="local_x" v="-221.126041" />
    <tag k="local_y" v="163.625319" />
    <tag k="ele" v="0" />
  </node>
  <node id="18886" lat="42.99409986946" lon="-78.79520636578">
    <tag k="local_x" v="-221.141750" />
    <tag k="local_y" v="164.621648" />
    <tag k="ele" v="0" />
  </node>
  <node id="18887" lat="42.99410883791" lon="-78.79520655866">
    <tag k="local_x" v="-221.157447" />
    <tag k="local_y" v="165.617977" />
    <tag k="ele" v="0" />
  </node>
  <node id="18888" lat="42.99411780636" lon="-78.79520675169">
    <tag k="local_x" v="-221.173156" />
    <tag k="local_y" v="166.614306" />
    <tag k="ele" v="0" />
  </node>
  <node id="18889" lat="42.99412677481" lon="-78.79520694451">
    <tag k="local_x" v="-221.188848" />
    <tag k="local_y" v="167.610635" />
    <tag k="ele" v="0" />
  </node>
  <node id="18890" lat="42.99413574326" lon="-78.79520713754">
    <tag k="local_x" v="-221.204558" />
    <tag k="local_y" v="168.606964" />
    <tag k="ele" v="0" />
  </node>
  <node id="18891" lat="42.99269070093" lon="-78.79527458176">
    <tag k="local_x" v="-226.709859" />
    <tag k="local_y" v="8.073623" />
    <tag k="ele" v="0" />
  </node>
  <node id="18892" lat="42.99269966930" lon="-78.79527477116">
    <tag k="local_x" v="-226.725271" />
    <tag k="local_y" v="9.069943" />
    <tag k="ele" v="0" />
  </node>
  <node id="18893" lat="42.99270863767" lon="-78.79527496063">
    <tag k="local_x" v="-226.740690" />
    <tag k="local_y" v="10.066263" />
    <tag k="ele" v="0" />
  </node>
  <node id="18894" lat="42.99271760604" lon="-78.79527515023">
    <tag k="local_x" v="-226.756119" />
    <tag k="local_y" v="11.062583" />
    <tag k="ele" v="0" />
  </node>
  <node id="18895" lat="42.99272657440" lon="-78.79527533969">
    <tag k="local_x" v="-226.771536" />
    <tag k="local_y" v="12.058903" />
    <tag k="ele" v="0" />
  </node>
  <node id="18896" lat="42.99273554277" lon="-78.79527552928">
    <tag k="local_x" v="-226.786965" />
    <tag k="local_y" v="13.055222" />
    <tag k="ele" v="0" />
  </node>
  <node id="18897" lat="42.99274451114" lon="-78.79527571871">
    <tag k="local_x" v="-226.802380" />
    <tag k="local_y" v="14.051542" />
    <tag k="ele" v="0" />
  </node>
  <node id="18898" lat="42.99275347951" lon="-78.79527590817">
    <tag k="local_x" v="-226.817798" />
    <tag k="local_y" v="15.047862" />
    <tag k="ele" v="0" />
  </node>
  <node id="18899" lat="42.99276244788" lon="-78.79527609775">
    <tag k="local_x" v="-226.833225" />
    <tag k="local_y" v="16.044182" />
    <tag k="ele" v="0" />
  </node>
  <node id="18900" lat="42.99277141626" lon="-78.79527628640">
    <tag k="local_x" v="-226.848577" />
    <tag k="local_y" v="17.040503" />
    <tag k="ele" v="0" />
  </node>
  <node id="18901" lat="42.99278038466" lon="-78.79527647257">
    <tag k="local_x" v="-226.863726" />
    <tag k="local_y" v="18.036827" />
    <tag k="ele" v="0" />
  </node>
  <node id="18902" lat="42.99278935307" lon="-78.79527665870">
    <tag k="local_x" v="-226.878872" />
    <tag k="local_y" v="19.033151" />
    <tag k="ele" v="0" />
  </node>
  <node id="18903" lat="42.99279832148" lon="-78.79527684470">
    <tag k="local_x" v="-226.894007" />
    <tag k="local_y" v="20.029475" />
    <tag k="ele" v="0" />
  </node>
  <node id="18904" lat="42.99280728989" lon="-78.79527703070">
    <tag k="local_x" v="-226.909142" />
    <tag k="local_y" v="21.025800" />
    <tag k="ele" v="0" />
  </node>
  <node id="18905" lat="42.99281625830" lon="-78.79527721669">
    <tag k="local_x" v="-226.924277" />
    <tag k="local_y" v="22.022124" />
    <tag k="ele" v="0" />
  </node>
  <node id="18906" lat="42.99282522670" lon="-78.79527740276">
    <tag k="local_x" v="-226.939419" />
    <tag k="local_y" v="23.018448" />
    <tag k="ele" v="0" />
  </node>
  <node id="18907" lat="42.99283419511" lon="-78.79527758887">
    <tag k="local_x" v="-226.954563" />
    <tag k="local_y" v="24.014772" />
    <tag k="ele" v="0" />
  </node>
  <node id="18908" lat="42.99284316352" lon="-78.79527777487">
    <tag k="local_x" v="-226.969698" />
    <tag k="local_y" v="25.011096" />
    <tag k="ele" v="0" />
  </node>
  <node id="18909" lat="42.99285213193" lon="-78.79527796087">
    <tag k="local_x" v="-226.984833" />
    <tag k="local_y" v="26.007421" />
    <tag k="ele" v="0" />
  </node>
  <node id="18910" lat="42.99286110034" lon="-78.79527814686">
    <tag k="local_x" v="-226.999968" />
    <tag k="local_y" v="27.003745" />
    <tag k="ele" v="0" />
  </node>
  <node id="18911" lat="42.99287006874" lon="-78.79527833296">
    <tag k="local_x" v="-227.015111" />
    <tag k="local_y" v="28.000069" />
    <tag k="ele" v="0" />
  </node>
  <node id="18912" lat="42.99287903715" lon="-78.79527851905">
    <tag k="local_x" v="-227.030254" />
    <tag k="local_y" v="28.996393" />
    <tag k="ele" v="0" />
  </node>
  <node id="18913" lat="42.99288800556" lon="-78.79527870504">
    <tag k="local_x" v="-227.045389" />
    <tag k="local_y" v="29.992718" />
    <tag k="ele" v="0" />
  </node>
  <node id="18914" lat="42.99289697397" lon="-78.79527889104">
    <tag k="local_x" v="-227.060524" />
    <tag k="local_y" v="30.989042" />
    <tag k="ele" v="0" />
  </node>
  <node id="18915" lat="42.99290594237" lon="-78.79527907704">
    <tag k="local_x" v="-227.075659" />
    <tag k="local_y" v="31.985366" />
    <tag k="ele" v="0" />
  </node>
  <node id="18916" lat="42.99291491078" lon="-78.79527926315">
    <tag k="local_x" v="-227.090804" />
    <tag k="local_y" v="32.981690" />
    <tag k="ele" v="0" />
  </node>
  <node id="18917" lat="42.99292387919" lon="-78.79527944922">
    <tag k="local_x" v="-227.105945" />
    <tag k="local_y" v="33.978014" />
    <tag k="ele" v="0" />
  </node>
  <node id="18918" lat="42.99293284760" lon="-78.79527963522">
    <tag k="local_x" v="-227.121080" />
    <tag k="local_y" v="34.974339" />
    <tag k="ele" v="0" />
  </node>
  <node id="18919" lat="42.99294181600" lon="-78.79527982122">
    <tag k="local_x" v="-227.136215" />
    <tag k="local_y" v="35.970663" />
    <tag k="ele" v="0" />
  </node>
  <node id="18920" lat="42.99295078441" lon="-78.79528000721">
    <tag k="local_x" v="-227.151350" />
    <tag k="local_y" v="36.966987" />
    <tag k="ele" v="0" />
  </node>
  <node id="18921" lat="42.99295975282" lon="-78.79528019335">
    <tag k="local_x" v="-227.166497" />
    <tag k="local_y" v="37.963311" />
    <tag k="ele" v="0" />
  </node>
  <node id="18922" lat="42.99296872123" lon="-78.79528037940">
    <tag k="local_x" v="-227.181636" />
    <tag k="local_y" v="38.959635" />
    <tag k="ele" v="0" />
  </node>
  <node id="18923" lat="42.99297768963" lon="-78.79528056539">
    <tag k="local_x" v="-227.196771" />
    <tag k="local_y" v="39.955960" />
    <tag k="ele" v="0" />
  </node>
  <node id="18924" lat="42.99298665804" lon="-78.79528075139">
    <tag k="local_x" v="-227.211906" />
    <tag k="local_y" v="40.952284" />
    <tag k="ele" v="0" />
  </node>
  <node id="18925" lat="42.99299562645" lon="-78.79528093739">
    <tag k="local_x" v="-227.227041" />
    <tag k="local_y" v="41.948608" />
    <tag k="ele" v="0" />
  </node>
  <node id="18926" lat="42.99300459486" lon="-78.79528112339">
    <tag k="local_x" v="-227.242176" />
    <tag k="local_y" v="42.944933" />
    <tag k="ele" v="0" />
  </node>
  <node id="18927" lat="42.99301356327" lon="-78.79528130955">
    <tag k="local_x" v="-227.257325" />
    <tag k="local_y" v="43.941257" />
    <tag k="ele" v="0" />
  </node>
  <node id="18928" lat="42.99302253167" lon="-78.79528149557">
    <tag k="local_x" v="-227.272462" />
    <tag k="local_y" v="44.937581" />
    <tag k="ele" v="0" />
  </node>
  <node id="18929" lat="42.99303150008" lon="-78.79528168157">
    <tag k="local_x" v="-227.287597" />
    <tag k="local_y" v="45.933905" />
    <tag k="ele" v="0" />
  </node>
  <node id="18930" lat="42.99304046849" lon="-78.79528186757">
    <tag k="local_x" v="-227.302732" />
    <tag k="local_y" v="46.930229" />
    <tag k="ele" v="0" />
  </node>
  <node id="18931" lat="42.99304943690" lon="-78.79528205357">
    <tag k="local_x" v="-227.317867" />
    <tag k="local_y" v="47.926554" />
    <tag k="ele" v="0" />
  </node>
  <node id="18932" lat="42.99305840530" lon="-78.79528223975">
    <tag k="local_x" v="-227.333018" />
    <tag k="local_y" v="48.922878" />
    <tag k="ele" v="0" />
  </node>
  <node id="18933" lat="42.99306737371" lon="-78.79528242575">
    <tag k="local_x" v="-227.348153" />
    <tag k="local_y" v="49.919202" />
    <tag k="ele" v="0" />
  </node>
  <node id="18934" lat="42.99307634212" lon="-78.79528261175">
    <tag k="local_x" v="-227.363288" />
    <tag k="local_y" v="50.915526" />
    <tag k="ele" v="0" />
  </node>
  <node id="18935" lat="42.99308531053" lon="-78.79528279774">
    <tag k="local_x" v="-227.378423" />
    <tag k="local_y" v="51.911850" />
    <tag k="ele" v="0" />
  </node>
  <node id="18936" lat="42.99309427893" lon="-78.79528298377">
    <tag k="local_x" v="-227.393560" />
    <tag k="local_y" v="52.908175" />
    <tag k="ele" v="0" />
  </node>
  <node id="18937" lat="42.99310324734" lon="-78.79528316993">
    <tag k="local_x" v="-227.408708" />
    <tag k="local_y" v="53.904499" />
    <tag k="ele" v="0" />
  </node>
  <node id="18938" lat="42.99311221575" lon="-78.79528335593">
    <tag k="local_x" v="-227.423844" />
    <tag k="local_y" v="54.900823" />
    <tag k="ele" v="0" />
  </node>
  <node id="18939" lat="42.99312118416" lon="-78.79528354194">
    <tag k="local_x" v="-227.438980" />
    <tag k="local_y" v="55.897147" />
    <tag k="ele" v="0" />
  </node>
  <node id="18940" lat="42.99313015256" lon="-78.79528372799">
    <tag k="local_x" v="-227.454119" />
    <tag k="local_y" v="56.893471" />
    <tag k="ele" v="0" />
  </node>
  <node id="18941" lat="42.99313912097" lon="-78.79528391399">
    <tag k="local_x" v="-227.469254" />
    <tag k="local_y" v="57.889796" />
    <tag k="ele" v="0" />
  </node>
  <node id="18942" lat="42.99314808938" lon="-78.79528409999">
    <tag k="local_x" v="-227.484389" />
    <tag k="local_y" v="58.886120" />
    <tag k="ele" v="0" />
  </node>
  <node id="18943" lat="42.99315705779" lon="-78.79528428604">
    <tag k="local_x" v="-227.499529" />
    <tag k="local_y" v="59.882444" />
    <tag k="ele" v="0" />
  </node>
  <node id="18944" lat="42.99316602619" lon="-78.79528447217">
    <tag k="local_x" v="-227.514675" />
    <tag k="local_y" v="60.878768" />
    <tag k="ele" v="0" />
  </node>
  <node id="18945" lat="42.99317499460" lon="-78.79528465817">
    <tag k="local_x" v="-227.529810" />
    <tag k="local_y" v="61.875093" />
    <tag k="ele" v="0" />
  </node>
  <node id="18946" lat="42.99318396301" lon="-78.79528484417">
    <tag k="local_x" v="-227.544945" />
    <tag k="local_y" v="62.871417" />
    <tag k="ele" v="0" />
  </node>
  <node id="18947" lat="42.99319293141" lon="-78.79528503017">
    <tag k="local_x" v="-227.560080" />
    <tag k="local_y" v="63.867741" />
    <tag k="ele" v="0" />
  </node>
  <node id="18948" lat="42.99320189982" lon="-78.79528521625">
    <tag k="local_x" v="-227.575222" />
    <tag k="local_y" v="64.864065" />
    <tag k="ele" v="0" />
  </node>
  <node id="18949" lat="42.99321086823" lon="-78.79528540235">
    <tag k="local_x" v="-227.590366" />
    <tag k="local_y" v="65.860389" />
    <tag k="ele" v="0" />
  </node>
  <node id="18950" lat="42.99321983664" lon="-78.79528558835">
    <tag k="local_x" v="-227.605501" />
    <tag k="local_y" v="66.856714" />
    <tag k="ele" v="0" />
  </node>
  <node id="18951" lat="42.99322880504" lon="-78.79528577435">
    <tag k="local_x" v="-227.620636" />
    <tag k="local_y" v="67.853038" />
    <tag k="ele" v="0" />
  </node>
  <node id="18952" lat="42.99323777345" lon="-78.79528596035">
    <tag k="local_x" v="-227.635771" />
    <tag k="local_y" v="68.849362" />
    <tag k="ele" v="0" />
  </node>
  <node id="18953" lat="42.99324674186" lon="-78.79528614645">
    <tag k="local_x" v="-227.650915" />
    <tag k="local_y" v="69.845686" />
    <tag k="ele" v="0" />
  </node>
  <node id="18954" lat="42.99325571026" lon="-78.79528633254">
    <tag k="local_x" v="-227.666057" />
    <tag k="local_y" v="70.842010" />
    <tag k="ele" v="0" />
  </node>
  <node id="18955" lat="42.99326467867" lon="-78.79528651854">
    <tag k="local_x" v="-227.681192" />
    <tag k="local_y" v="71.838335" />
    <tag k="ele" v="0" />
  </node>
  <node id="18956" lat="42.99327364708" lon="-78.79528670454">
    <tag k="local_x" v="-227.696327" />
    <tag k="local_y" v="72.834659" />
    <tag k="ele" v="0" />
  </node>
  <node id="18957" lat="42.99328261549" lon="-78.79528689054">
    <tag k="local_x" v="-227.711462" />
    <tag k="local_y" v="73.830983" />
    <tag k="ele" v="0" />
  </node>
  <node id="18958" lat="42.99329158389" lon="-78.79528707666">
    <tag k="local_x" v="-227.726607" />
    <tag k="local_y" v="74.827307" />
    <tag k="ele" v="0" />
  </node>
  <node id="18959" lat="42.99330055230" lon="-78.79528726272">
    <tag k="local_x" v="-227.741748" />
    <tag k="local_y" v="75.823632" />
    <tag k="ele" v="0" />
  </node>
  <node id="18960" lat="42.99330952071" lon="-78.79528744872">
    <tag k="local_x" v="-227.756883" />
    <tag k="local_y" v="76.819956" />
    <tag k="ele" v="0" />
  </node>
  <node id="18961" lat="42.99331848911" lon="-78.79528763472">
    <tag k="local_x" v="-227.772018" />
    <tag k="local_y" v="77.816280" />
    <tag k="ele" v="0" />
  </node>
  <node id="18962" lat="42.99332745752" lon="-78.79528782072">
    <tag k="local_x" v="-227.787153" />
    <tag k="local_y" v="78.812604" />
    <tag k="ele" v="0" />
  </node>
  <node id="18963" lat="42.99333642593" lon="-78.79528800687">
    <tag k="local_x" v="-227.802300" />
    <tag k="local_y" v="79.808928" />
    <tag k="ele" v="0" />
  </node>
  <node id="18964" lat="42.99334539433" lon="-78.79528819291">
    <tag k="local_x" v="-227.817438" />
    <tag k="local_y" v="80.805253" />
    <tag k="ele" v="0" />
  </node>
  <node id="18965" lat="42.99335436274" lon="-78.79528837891">
    <tag k="local_x" v="-227.832574" />
    <tag k="local_y" v="81.801577" />
    <tag k="ele" v="0" />
  </node>
  <node id="18966" lat="42.99336333115" lon="-78.79528856491">
    <tag k="local_x" v="-227.847709" />
    <tag k="local_y" v="82.797901" />
    <tag k="ele" v="0" />
  </node>
  <node id="18967" lat="42.99337229956" lon="-78.79528875091">
    <tag k="local_x" v="-227.862844" />
    <tag k="local_y" v="83.794225" />
    <tag k="ele" v="0" />
  </node>
  <node id="18968" lat="42.99338126796" lon="-78.79528893691">
    <tag k="local_x" v="-227.877979" />
    <tag k="local_y" v="84.790550" />
    <tag k="ele" v="0" />
  </node>
  <node id="18969" lat="42.99339023637" lon="-78.79528912308">
    <tag k="local_x" v="-227.893128" />
    <tag k="local_y" v="85.786874" />
    <tag k="ele" v="0" />
  </node>
  <node id="18970" lat="42.99339920478" lon="-78.79528930910">
    <tag k="local_x" v="-227.908265" />
    <tag k="local_y" v="86.783198" />
    <tag k="ele" v="0" />
  </node>
  <node id="18971" lat="42.99340817318" lon="-78.79528949510">
    <tag k="local_x" v="-227.923400" />
    <tag k="local_y" v="87.779522" />
    <tag k="ele" v="0" />
  </node>
  <node id="18972" lat="42.99341714159" lon="-78.79528968110">
    <tag k="local_x" v="-227.938535" />
    <tag k="local_y" v="88.775846" />
    <tag k="ele" v="0" />
  </node>
  <node id="18973" lat="42.99342611000" lon="-78.79528986711">
    <tag k="local_x" v="-227.953670" />
    <tag k="local_y" v="89.772171" />
    <tag k="ele" v="0" />
  </node>
  <node id="18974" lat="42.99343507840" lon="-78.79529005329">
    <tag k="local_x" v="-227.968820" />
    <tag k="local_y" v="90.768495" />
    <tag k="ele" v="0" />
  </node>
  <node id="18975" lat="42.99344404681" lon="-78.79529023929">
    <tag k="local_x" v="-227.983955" />
    <tag k="local_y" v="91.764819" />
    <tag k="ele" v="0" />
  </node>
  <node id="18976" lat="42.99345301522" lon="-78.79529042529">
    <tag k="local_x" v="-227.999091" />
    <tag k="local_y" v="92.761143" />
    <tag k="ele" v="0" />
  </node>
  <node id="18977" lat="42.99346198363" lon="-78.79529061129">
    <tag k="local_x" v="-228.014226" />
    <tag k="local_y" v="93.757468" />
    <tag k="ele" v="0" />
  </node>
  <node id="18978" lat="42.99347095203" lon="-78.79529079732">
    <tag k="local_x" v="-228.029363" />
    <tag k="local_y" v="94.753792" />
    <tag k="ele" v="0" />
  </node>
  <node id="18979" lat="42.99347992044" lon="-78.79529098348">
    <tag k="local_x" v="-228.044511" />
    <tag k="local_y" v="95.750116" />
    <tag k="ele" v="0" />
  </node>
  <node id="18980" lat="42.99348888885" lon="-78.79529116948">
    <tag k="local_x" v="-228.059647" />
    <tag k="local_y" v="96.746440" />
    <tag k="ele" v="0" />
  </node>
  <node id="18981" lat="42.99349785725" lon="-78.79529135549">
    <tag k="local_x" v="-228.074782" />
    <tag k="local_y" v="97.742764" />
    <tag k="ele" v="0" />
  </node>
  <node id="18982" lat="42.99350682566" lon="-78.79529154149">
    <tag k="local_x" v="-228.089917" />
    <tag k="local_y" v="98.739089" />
    <tag k="ele" v="0" />
  </node>
  <node id="18983" lat="42.99351579407" lon="-78.79529172754">
    <tag k="local_x" v="-228.105057" />
    <tag k="local_y" v="99.735413" />
    <tag k="ele" v="0" />
  </node>
  <node id="18984" lat="42.99352476247" lon="-78.79529191368">
    <tag k="local_x" v="-228.120203" />
    <tag k="local_y" v="100.731737" />
    <tag k="ele" v="0" />
  </node>
  <node id="18985" lat="42.99353373088" lon="-78.79529209968">
    <tag k="local_x" v="-228.135338" />
    <tag k="local_y" v="101.728061" />
    <tag k="ele" v="0" />
  </node>
  <node id="18986" lat="42.99354269929" lon="-78.79529228568">
    <tag k="local_x" v="-228.150473" />
    <tag k="local_y" v="102.724385" />
    <tag k="ele" v="0" />
  </node>
  <node id="18987" lat="42.99355166769" lon="-78.79529247168">
    <tag k="local_x" v="-228.165608" />
    <tag k="local_y" v="103.720710" />
    <tag k="ele" v="0" />
  </node>
  <node id="18988" lat="42.99356063610" lon="-78.79529265776">
    <tag k="local_x" v="-228.180750" />
    <tag k="local_y" v="104.717034" />
    <tag k="ele" v="0" />
  </node>
  <node id="18989" lat="42.99356960451" lon="-78.79529284387">
    <tag k="local_x" v="-228.195894" />
    <tag k="local_y" v="105.713358" />
    <tag k="ele" v="0" />
  </node>
  <node id="18990" lat="42.99357857291" lon="-78.79529302987">
    <tag k="local_x" v="-228.211029" />
    <tag k="local_y" v="106.709682" />
    <tag k="ele" v="0" />
  </node>
  <node id="18991" lat="42.99358754132" lon="-78.79529321592">
    <tag k="local_x" v="-228.226168" />
    <tag k="local_y" v="107.706007" />
    <tag k="ele" v="0" />
  </node>
  <node id="18992" lat="42.99359650973" lon="-78.79529340197">
    <tag k="local_x" v="-228.241307" />
    <tag k="local_y" v="108.702331" />
    <tag k="ele" v="0" />
  </node>
  <node id="18993" lat="42.99360547813" lon="-78.79529358798">
    <tag k="local_x" v="-228.256443" />
    <tag k="local_y" v="109.698655" />
    <tag k="ele" v="0" />
  </node>
  <node id="18994" lat="42.99361444654" lon="-78.79529377398">
    <tag k="local_x" v="-228.271578" />
    <tag k="local_y" v="110.694979" />
    <tag k="ele" v="0" />
  </node>
  <node id="18995" lat="42.99362341495" lon="-78.79529396009">
    <tag k="local_x" v="-228.286722" />
    <tag k="local_y" v="111.691303" />
    <tag k="ele" v="0" />
  </node>
  <node id="18996" lat="42.99363238335" lon="-78.79529414617">
    <tag k="local_x" v="-228.301864" />
    <tag k="local_y" v="112.687628" />
    <tag k="ele" v="0" />
  </node>
  <node id="18997" lat="42.99364135176" lon="-78.79529433218">
    <tag k="local_x" v="-228.316999" />
    <tag k="local_y" v="113.683952" />
    <tag k="ele" v="0" />
  </node>
  <node id="18998" lat="42.99365032017" lon="-78.79529451818">
    <tag k="local_x" v="-228.332134" />
    <tag k="local_y" v="114.680276" />
    <tag k="ele" v="0" />
  </node>
  <node id="18999" lat="42.99365928857" lon="-78.79529470418">
    <tag k="local_x" v="-228.347269" />
    <tag k="local_y" v="115.676600" />
    <tag k="ele" v="0" />
  </node>
  <node id="19000" lat="42.99366825698" lon="-78.79529489031">
    <tag k="local_x" v="-228.362415" />
    <tag k="local_y" v="116.672924" />
    <tag k="ele" v="0" />
  </node>
  <node id="19001" lat="42.99367722538" lon="-78.79529507637">
    <tag k="local_x" v="-228.377554" />
    <tag k="local_y" v="117.669249" />
    <tag k="ele" v="0" />
  </node>
  <node id="19002" lat="42.99368619379" lon="-78.79529526237">
    <tag k="local_x" v="-228.392690" />
    <tag k="local_y" v="118.665573" />
    <tag k="ele" v="0" />
  </node>
  <node id="19003" lat="42.99369516220" lon="-78.79529544837">
    <tag k="local_x" v="-228.407825" />
    <tag k="local_y" v="119.661897" />
    <tag k="ele" v="0" />
  </node>
  <node id="19004" lat="42.99370413060" lon="-78.79529563438">
    <tag k="local_x" v="-228.422960" />
    <tag k="local_y" v="120.658221" />
    <tag k="ele" v="0" />
  </node>
  <node id="19005" lat="42.99371309901" lon="-78.79529582053">
    <tag k="local_x" v="-228.438108" />
    <tag k="local_y" v="121.654545" />
    <tag k="ele" v="0" />
  </node>
  <node id="19006" lat="42.99372206742" lon="-78.79529600657">
    <tag k="local_x" v="-228.453245" />
    <tag k="local_y" v="122.650870" />
    <tag k="ele" v="0" />
  </node>
  <node id="19007" lat="42.99373103582" lon="-78.79529619257">
    <tag k="local_x" v="-228.468380" />
    <tag k="local_y" v="123.647194" />
    <tag k="ele" v="0" />
  </node>
  <node id="19008" lat="42.99374000423" lon="-78.79529637857">
    <tag k="local_x" v="-228.483516" />
    <tag k="local_y" v="124.643518" />
    <tag k="ele" v="0" />
  </node>
  <node id="19009" lat="42.99374897264" lon="-78.79529656458">
    <tag k="local_x" v="-228.498651" />
    <tag k="local_y" v="125.639842" />
    <tag k="ele" v="0" />
  </node>
  <node id="19010" lat="42.99375794104" lon="-78.79529675058">
    <tag k="local_x" v="-228.513786" />
    <tag k="local_y" v="126.636167" />
    <tag k="ele" v="0" />
  </node>
  <node id="19011" lat="42.99376690945" lon="-78.79529693676">
    <tag k="local_x" v="-228.528936" />
    <tag k="local_y" v="127.632491" />
    <tag k="ele" v="0" />
  </node>
  <node id="19012" lat="42.99377587786" lon="-78.79529712277">
    <tag k="local_x" v="-228.544071" />
    <tag k="local_y" v="128.628815" />
    <tag k="ele" v="0" />
  </node>
  <node id="19013" lat="42.99378484626" lon="-78.79529730877">
    <tag k="local_x" v="-228.559207" />
    <tag k="local_y" v="129.625139" />
    <tag k="ele" v="0" />
  </node>
  <node id="19014" lat="42.99379381467" lon="-78.79529749478">
    <tag k="local_x" v="-228.574342" />
    <tag k="local_y" v="130.621464" />
    <tag k="ele" v="0" />
  </node>
  <node id="19015" lat="42.99380278308" lon="-78.79529768079">
    <tag k="local_x" v="-228.589478" />
    <tag k="local_y" v="131.617788" />
    <tag k="ele" v="0" />
  </node>
  <node id="19016" lat="42.99381175148" lon="-78.79529786697">
    <tag k="local_x" v="-228.604627" />
    <tag k="local_y" v="132.614112" />
    <tag k="ele" v="0" />
  </node>
  <node id="19017" lat="42.99382071989" lon="-78.79529805298">
    <tag k="local_x" v="-228.619763" />
    <tag k="local_y" v="133.610436" />
    <tag k="ele" v="0" />
  </node>
  <node id="19018" lat="42.99382968829" lon="-78.79529823904">
    <tag k="local_x" v="-228.634903" />
    <tag k="local_y" v="134.606760" />
    <tag k="ele" v="0" />
  </node>
  <node id="19019" lat="42.99383865670" lon="-78.79529842504">
    <tag k="local_x" v="-228.650038" />
    <tag k="local_y" v="135.603085" />
    <tag k="ele" v="0" />
  </node>
  <node id="19020" lat="42.99384762511" lon="-78.79529861104">
    <tag k="local_x" v="-228.665173" />
    <tag k="local_y" v="136.599409" />
    <tag k="ele" v="0" />
  </node>
  <node id="19021" lat="42.99385659351" lon="-78.79529879705">
    <tag k="local_x" v="-228.680308" />
    <tag k="local_y" v="137.595733" />
    <tag k="ele" v="0" />
  </node>
  <node id="19022" lat="42.99386556192" lon="-78.79529898309">
    <tag k="local_x" v="-228.695447" />
    <tag k="local_y" v="138.592057" />
    <tag k="ele" v="0" />
  </node>
  <node id="19023" lat="42.99387453032" lon="-78.79529916924">
    <tag k="local_x" v="-228.710594" />
    <tag k="local_y" v="139.588381" />
    <tag k="ele" v="0" />
  </node>
  <node id="19024" lat="42.99388349873" lon="-78.79529935525">
    <tag k="local_x" v="-228.725730" />
    <tag k="local_y" v="140.584706" />
    <tag k="ele" v="0" />
  </node>
  <node id="19025" lat="42.99389246714" lon="-78.79529954126">
    <tag k="local_x" v="-228.740865" />
    <tag k="local_y" v="141.581030" />
    <tag k="ele" v="0" />
  </node>
  <node id="19026" lat="42.99390143554" lon="-78.79529972726">
    <tag k="local_x" v="-228.756000" />
    <tag k="local_y" v="142.577354" />
    <tag k="ele" v="0" />
  </node>
  <node id="19027" lat="42.99391040395" lon="-78.79529991333">
    <tag k="local_x" v="-228.771140" />
    <tag k="local_y" v="143.573678" />
    <tag k="ele" v="0" />
  </node>
  <node id="19028" lat="42.99391937235" lon="-78.79530009945">
    <tag k="local_x" v="-228.786285" />
    <tag k="local_y" v="144.570002" />
    <tag k="ele" v="0" />
  </node>
  <node id="19029" lat="42.99392834076" lon="-78.79530028546">
    <tag k="local_x" v="-228.801420" />
    <tag k="local_y" v="145.566327" />
    <tag k="ele" v="0" />
  </node>
  <node id="19030" lat="42.99393730917" lon="-78.79530047146">
    <tag k="local_x" v="-228.816555" />
    <tag k="local_y" v="146.562651" />
    <tag k="ele" v="0" />
  </node>
  <node id="19031" lat="42.99394627757" lon="-78.79530065746">
    <tag k="local_x" v="-228.831691" />
    <tag k="local_y" v="147.558975" />
    <tag k="ele" v="0" />
  </node>
  <node id="19032" lat="42.99395524598" lon="-78.79530084356">
    <tag k="local_x" v="-228.846833" />
    <tag k="local_y" v="148.555299" />
    <tag k="ele" v="0" />
  </node>
  <node id="19033" lat="42.99396421438" lon="-78.79530102966">
    <tag k="local_x" v="-228.861976" />
    <tag k="local_y" v="149.551624" />
    <tag k="ele" v="0" />
  </node>
  <node id="19034" lat="42.99397318279" lon="-78.79530121566">
    <tag k="local_x" v="-228.877111" />
    <tag k="local_y" v="150.547948" />
    <tag k="ele" v="0" />
  </node>
  <node id="19035" lat="42.99398215120" lon="-78.79530140167">
    <tag k="local_x" v="-228.892246" />
    <tag k="local_y" v="151.544272" />
    <tag k="ele" v="0" />
  </node>
  <node id="19036" lat="42.99399111960" lon="-78.79530158767">
    <tag k="local_x" v="-228.907382" />
    <tag k="local_y" v="152.540596" />
    <tag k="ele" v="0" />
  </node>
  <node id="19037" lat="42.99400008800" lon="-78.79530177464">
    <tag k="local_x" v="-228.922595" />
    <tag k="local_y" v="153.536919" />
    <tag k="ele" v="0" />
  </node>
  <node id="19038" lat="42.99400905637" lon="-78.79530196350">
    <tag k="local_x" v="-228.937964" />
    <tag k="local_y" v="154.533240" />
    <tag k="ele" v="0" />
  </node>
  <node id="19039" lat="42.99401802474" lon="-78.79530215301">
    <tag k="local_x" v="-228.953384" />
    <tag k="local_y" v="155.529560" />
    <tag k="ele" v="0" />
  </node>
  <node id="19040" lat="42.99402699311" lon="-78.79530234244">
    <tag k="local_x" v="-228.968799" />
    <tag k="local_y" v="156.525880" />
    <tag k="ele" v="0" />
  </node>
  <node id="19041" lat="42.99403596147" lon="-78.79530253201">
    <tag k="local_x" v="-228.984225" />
    <tag k="local_y" v="157.522200" />
    <tag k="ele" v="0" />
  </node>
  <node id="19042" lat="42.99404492984" lon="-78.79530272150">
    <tag k="local_x" v="-228.999645" />
    <tag k="local_y" v="158.518520" />
    <tag k="ele" v="0" />
  </node>
  <node id="19043" lat="42.99405389821" lon="-78.79530291094">
    <tag k="local_x" v="-229.015060" />
    <tag k="local_y" v="159.514840" />
    <tag k="ele" v="0" />
  </node>
  <node id="19044" lat="42.99406286657" lon="-78.79530310052">
    <tag k="local_x" v="-229.030487" />
    <tag k="local_y" v="160.511159" />
    <tag k="ele" v="0" />
  </node>
  <node id="19045" lat="42.99407183494" lon="-78.79530329000">
    <tag k="local_x" v="-229.045905" />
    <tag k="local_y" v="161.507479" />
    <tag k="ele" v="0" />
  </node>
  <node id="19046" lat="42.99408080330" lon="-78.79530348032">
    <tag k="local_x" v="-229.061392" />
    <tag k="local_y" v="162.503798" />
    <tag k="ele" v="0" />
  </node>
  <node id="19047" lat="42.99408977163" lon="-78.79530367280">
    <tag k="local_x" v="-229.077055" />
    <tag k="local_y" v="163.500114" />
    <tag k="ele" v="0" />
  </node>
  <node id="19048" lat="42.99409873996" lon="-78.79530386584">
    <tag k="local_x" v="-229.092764" />
    <tag k="local_y" v="164.496430" />
    <tag k="ele" v="0" />
  </node>
  <node id="19049" lat="42.99410770829" lon="-78.79530405873">
    <tag k="local_x" v="-229.108461" />
    <tag k="local_y" v="165.492745" />
    <tag k="ele" v="0" />
  </node>
  <node id="19050" lat="42.99411667661" lon="-78.79530425177">
    <tag k="local_x" v="-229.124170" />
    <tag k="local_y" v="166.489061" />
    <tag k="ele" v="0" />
  </node>
  <node id="19051" lat="42.99412564494" lon="-78.79530444460">
    <tag k="local_x" v="-229.139861" />
    <tag k="local_y" v="167.485376" />
    <tag k="ele" v="0" />
  </node>
  <node id="19052" lat="42.99413461327" lon="-78.79530463765">
    <tag k="local_x" v="-229.155571" />
    <tag k="local_y" v="168.481692" />
    <tag k="ele" v="0" />
  </node>
  <node id="19053" lat="42.99272245132" lon="-78.79781780375">
    <tag k="local_x" v="-434.110997" />
    <tag k="local_y" v="11.610858" />
    <tag k="ele" v="0" />
  </node>
  <node id="19054" lat="42.99273144094" lon="-78.79781784187">
    <tag k="local_x" v="-434.114043" />
    <tag k="local_y" v="12.609538" />
    <tag k="ele" v="0" />
  </node>
  <node id="19055" lat="42.99274043056" lon="-78.79781787999">
    <tag k="local_x" v="-434.117088" />
    <tag k="local_y" v="13.608218" />
    <tag k="ele" v="0" />
  </node>
  <node id="19056" lat="42.99274942018" lon="-78.79781791811">
    <tag k="local_x" v="-434.120134" />
    <tag k="local_y" v="14.606899" />
    <tag k="ele" v="0" />
  </node>
  <node id="19057" lat="42.99275840980" lon="-78.79781795624">
    <tag k="local_x" v="-434.123180" />
    <tag k="local_y" v="15.605579" />
    <tag k="ele" v="0" />
  </node>
  <node id="19058" lat="42.99276739942" lon="-78.79781799439">
    <tag k="local_x" v="-434.126228" />
    <tag k="local_y" v="16.604260" />
    <tag k="ele" v="0" />
  </node>
  <node id="19059" lat="42.99277638904" lon="-78.79781803243">
    <tag k="local_x" v="-434.129267" />
    <tag k="local_y" v="17.602940" />
    <tag k="ele" v="0" />
  </node>
  <node id="19060" lat="42.99278537866" lon="-78.79781807051">
    <tag k="local_x" v="-434.132309" />
    <tag k="local_y" v="18.601620" />
    <tag k="ele" v="0" />
  </node>
  <node id="19061" lat="42.99279436828" lon="-78.79781810874">
    <tag k="local_x" v="-434.135364" />
    <tag k="local_y" v="19.600301" />
    <tag k="ele" v="0" />
  </node>
  <node id="19062" lat="42.99280335790" lon="-78.79781814694">
    <tag k="local_x" v="-434.138416" />
    <tag k="local_y" v="20.598981" />
    <tag k="ele" v="0" />
  </node>
  <node id="19063" lat="42.99281234752" lon="-78.79781818499">
    <tag k="local_x" v="-434.141455" />
    <tag k="local_y" v="21.597662" />
    <tag k="ele" v="0" />
  </node>
  <node id="19064" lat="42.99282133714" lon="-78.79781822304">
    <tag k="local_x" v="-434.144494" />
    <tag k="local_y" v="22.596342" />
    <tag k="ele" v="0" />
  </node>
  <node id="19065" lat="42.99283032676" lon="-78.79781826113">
    <tag k="local_x" v="-434.147538" />
    <tag k="local_y" v="23.595022" />
    <tag k="ele" v="0" />
  </node>
  <node id="19066" lat="42.99283931638" lon="-78.79781829936">
    <tag k="local_x" v="-434.150592" />
    <tag k="local_y" v="24.593703" />
    <tag k="ele" v="0" />
  </node>
  <node id="19067" lat="42.99284830600" lon="-78.79781833751">
    <tag k="local_x" v="-434.153640" />
    <tag k="local_y" v="25.592383" />
    <tag k="ele" v="0" />
  </node>
  <node id="19068" lat="42.99285729562" lon="-78.79781837556">
    <tag k="local_x" v="-434.156680" />
    <tag k="local_y" v="26.591064" />
    <tag k="ele" v="0" />
  </node>
  <node id="19069" lat="42.99286628524" lon="-78.79781841360">
    <tag k="local_x" v="-434.159719" />
    <tag k="local_y" v="27.589744" />
    <tag k="ele" v="0" />
  </node>
  <node id="19070" lat="42.99287527486" lon="-78.79781845165">
    <tag k="local_x" v="-434.162758" />
    <tag k="local_y" v="28.588424" />
    <tag k="ele" v="0" />
  </node>
  <node id="19071" lat="42.99288426448" lon="-78.79781848983">
    <tag k="local_x" v="-434.165809" />
    <tag k="local_y" v="29.587105" />
    <tag k="ele" v="0" />
  </node>
  <node id="19072" lat="42.99289325410" lon="-78.79781852812">
    <tag k="local_x" v="-434.168868" />
    <tag k="local_y" v="30.585785" />
    <tag k="ele" v="0" />
  </node>
  <node id="19073" lat="42.99290224372" lon="-78.79781856616">
    <tag k="local_x" v="-434.171907" />
    <tag k="local_y" v="31.584465" />
    <tag k="ele" v="0" />
  </node>
  <node id="19074" lat="42.99291123334" lon="-78.79781860421">
    <tag k="local_x" v="-434.174947" />
    <tag k="local_y" v="32.583146" />
    <tag k="ele" v="0" />
  </node>
  <node id="19075" lat="42.99292022296" lon="-78.79781864226">
    <tag k="local_x" v="-434.177986" />
    <tag k="local_y" v="33.581826" />
    <tag k="ele" v="0" />
  </node>
  <node id="19076" lat="42.99292921258" lon="-78.79781868047">
    <tag k="local_x" v="-434.181039" />
    <tag k="local_y" v="34.580507" />
    <tag k="ele" v="0" />
  </node>
  <node id="19077" lat="42.99293820220" lon="-78.79781871872">
    <tag k="local_x" v="-434.184095" />
    <tag k="local_y" v="35.579187" />
    <tag k="ele" v="0" />
  </node>
  <node id="19078" lat="42.99294719182" lon="-78.79781875677">
    <tag k="local_x" v="-434.187135" />
    <tag k="local_y" v="36.577867" />
    <tag k="ele" v="0" />
  </node>
  <node id="19079" lat="42.99295618144" lon="-78.79781879482">
    <tag k="local_x" v="-434.190174" />
    <tag k="local_y" v="37.576548" />
    <tag k="ele" v="0" />
  </node>
  <node id="19080" lat="42.99296517106" lon="-78.79781883280">
    <tag k="local_x" v="-434.193209" />
    <tag k="local_y" v="38.575228" />
    <tag k="ele" v="0" />
  </node>
  <node id="19081" lat="42.99297416068" lon="-78.79781887080">
    <tag k="local_x" v="-434.196244" />
    <tag k="local_y" v="39.573909" />
    <tag k="ele" v="0" />
  </node>
  <node id="19082" lat="42.99298315030" lon="-78.79781890885">
    <tag k="local_x" v="-434.199284" />
    <tag k="local_y" v="40.572589" />
    <tag k="ele" v="0" />
  </node>
  <node id="19083" lat="42.99299213991" lon="-78.79781894711">
    <tag k="local_x" v="-434.202341" />
    <tag k="local_y" v="41.571270" />
    <tag k="ele" v="0" />
  </node>
  <node id="19084" lat="42.99300112953" lon="-78.79781898531">
    <tag k="local_x" v="-434.205393" />
    <tag k="local_y" v="42.569950" />
    <tag k="ele" v="0" />
  </node>
  <node id="19085" lat="42.99301011915" lon="-78.79781902336">
    <tag k="local_x" v="-434.208432" />
    <tag k="local_y" v="43.568630" />
    <tag k="ele" v="0" />
  </node>
  <node id="19086" lat="42.99301910877" lon="-78.79781906141">
    <tag k="local_x" v="-434.211472" />
    <tag k="local_y" v="44.567311" />
    <tag k="ele" v="0" />
  </node>
  <node id="19087" lat="42.99302809839" lon="-78.79781909945">
    <tag k="local_x" v="-434.214511" />
    <tag k="local_y" v="45.565991" />
    <tag k="ele" v="0" />
  </node>
  <node id="19088" lat="42.99303708801" lon="-78.79781913776">
    <tag k="local_x" v="-434.217571" />
    <tag k="local_y" v="46.564671" />
    <tag k="ele" v="0" />
  </node>
  <node id="19089" lat="42.99304607763" lon="-78.79781917592">
    <tag k="local_x" v="-434.220620" />
    <tag k="local_y" v="47.563352" />
    <tag k="ele" v="0" />
  </node>
  <node id="19090" lat="42.99305506725" lon="-78.79781921397">
    <tag k="local_x" v="-434.223660" />
    <tag k="local_y" v="48.562032" />
    <tag k="ele" v="0" />
  </node>
  <node id="19091" lat="42.99306405687" lon="-78.79781925201">
    <tag k="local_x" v="-434.226699" />
    <tag k="local_y" v="49.560713" />
    <tag k="ele" v="0" />
  </node>
  <node id="19092" lat="42.99307304649" lon="-78.79781929006">
    <tag k="local_x" v="-434.229739" />
    <tag k="local_y" v="50.559393" />
    <tag k="ele" v="0" />
  </node>
  <node id="19093" lat="42.99308203611" lon="-78.79781932837">
    <tag k="local_x" v="-434.232799" />
    <tag k="local_y" v="51.558073" />
    <tag k="ele" v="0" />
  </node>
  <node id="19094" lat="42.99309102573" lon="-78.79781936649">
    <tag k="local_x" v="-434.235845" />
    <tag k="local_y" v="52.556754" />
    <tag k="ele" v="0" />
  </node>
  <node id="19095" lat="42.99310001535" lon="-78.79781940454">
    <tag k="local_x" v="-434.238884" />
    <tag k="local_y" v="53.555434" />
    <tag k="ele" v="0" />
  </node>
  <node id="19096" lat="42.99310900497" lon="-78.79781944258">
    <tag k="local_x" v="-434.241924" />
    <tag k="local_y" v="54.554115" />
    <tag k="ele" v="0" />
  </node>
  <node id="19097" lat="42.99311799459" lon="-78.79781948079">
    <tag k="local_x" v="-434.244976" />
    <tag k="local_y" v="55.552795" />
    <tag k="ele" v="0" />
  </node>
  <node id="19098" lat="42.99312698420" lon="-78.79781951903">
    <tag k="local_x" v="-434.248031" />
    <tag k="local_y" v="56.551475" />
    <tag k="ele" v="0" />
  </node>
  <node id="19099" lat="42.99313597382" lon="-78.79781955710">
    <tag k="local_x" v="-434.251072" />
    <tag k="local_y" v="57.550156" />
    <tag k="ele" v="0" />
  </node>
  <node id="19100" lat="42.99314496344" lon="-78.79781959514">
    <tag k="local_x" v="-434.254112" />
    <tag k="local_y" v="58.548836" />
    <tag k="ele" v="0" />
  </node>
  <node id="19101" lat="42.99315395306" lon="-78.79781963319">
    <tag k="local_x" v="-434.257151" />
    <tag k="local_y" v="59.547517" />
    <tag k="ele" v="0" />
  </node>
  <node id="19102" lat="42.99316294268" lon="-78.79781967141">
    <tag k="local_x" v="-434.260205" />
    <tag k="local_y" v="60.546197" />
    <tag k="ele" v="0" />
  </node>
  <node id="19103" lat="42.99317193230" lon="-78.79781970965">
    <tag k="local_x" v="-434.263260" />
    <tag k="local_y" v="61.544877" />
    <tag k="ele" v="0" />
  </node>
  <node id="19104" lat="42.99318092192" lon="-78.79781974770">
    <tag k="local_x" v="-434.266300" />
    <tag k="local_y" v="62.543558" />
    <tag k="ele" v="0" />
  </node>
  <node id="19105" lat="42.99318991154" lon="-78.79781978571">
    <tag k="local_x" v="-434.269336" />
    <tag k="local_y" v="63.542238" />
    <tag k="ele" v="0" />
  </node>
  <node id="19106" lat="42.99319890116" lon="-78.79781982377">
    <tag k="local_x" v="-434.272376" />
    <tag k="local_y" v="64.540919" />
    <tag k="ele" v="0" />
  </node>
  <node id="19107" lat="42.99320789078" lon="-78.79781986218">
    <tag k="local_x" v="-434.275446" />
    <tag k="local_y" v="65.539599" />
    <tag k="ele" v="0" />
  </node>
  <node id="19108" lat="42.99321688040" lon="-78.79781990023">
    <tag k="local_x" v="-434.278485" />
    <tag k="local_y" v="66.538279" />
    <tag k="ele" v="0" />
  </node>
  <node id="19109" lat="42.99322587002" lon="-78.79781993827">
    <tag k="local_x" v="-434.281524" />
    <tag k="local_y" v="67.536960" />
    <tag k="ele" v="0" />
  </node>
  <node id="19110" lat="42.99323485964" lon="-78.79781997632">
    <tag k="local_x" v="-434.284564" />
    <tag k="local_y" v="68.535640" />
    <tag k="ele" v="0" />
  </node>
  <node id="19111" lat="42.99324384925" lon="-78.79782001437">
    <tag k="local_x" v="-434.287603" />
    <tag k="local_y" v="69.534321" />
    <tag k="ele" v="0" />
  </node>
  <node id="19112" lat="42.99325283887" lon="-78.79782005246">
    <tag k="local_x" v="-434.290647" />
    <tag k="local_y" v="70.533001" />
    <tag k="ele" v="0" />
  </node>
  <node id="19113" lat="42.99326182849" lon="-78.79782009083">
    <tag k="local_x" v="-434.293713" />
    <tag k="local_y" v="71.531681" />
    <tag k="ele" v="0" />
  </node>
  <node id="19114" lat="42.99327081811" lon="-78.79782012888">
    <tag k="local_x" v="-434.296752" />
    <tag k="local_y" v="72.530362" />
    <tag k="ele" v="0" />
  </node>
  <node id="19115" lat="42.99327980773" lon="-78.79782016693">
    <tag k="local_x" v="-434.299791" />
    <tag k="local_y" v="73.529042" />
    <tag k="ele" v="0" />
  </node>
  <node id="19116" lat="42.99328879735" lon="-78.79782020497">
    <tag k="local_x" v="-434.302831" />
    <tag k="local_y" v="74.527723" />
    <tag k="ele" v="0" />
  </node>
  <node id="19117" lat="42.99329778697" lon="-78.79782024311">
    <tag k="local_x" v="-434.305877" />
    <tag k="local_y" v="75.526403" />
    <tag k="ele" v="0" />
  </node>
  <node id="19118" lat="42.99330677659" lon="-78.79782028144">
    <tag k="local_x" v="-434.308940" />
    <tag k="local_y" v="76.525083" />
    <tag k="ele" v="0" />
  </node>
  <node id="19119" lat="42.99331576621" lon="-78.79782031949">
    <tag k="local_x" v="-434.311979" />
    <tag k="local_y" v="77.523764" />
    <tag k="ele" v="0" />
  </node>
  <node id="19120" lat="42.99332475583" lon="-78.79782035753">
    <tag k="local_x" v="-434.315019" />
    <tag k="local_y" v="78.522444" />
    <tag k="ele" v="0" />
  </node>
  <node id="19121" lat="42.99333374544" lon="-78.79782039558">
    <tag k="local_x" v="-434.318058" />
    <tag k="local_y" v="79.521125" />
    <tag k="ele" v="0" />
  </node>
  <node id="19122" lat="42.99334273506" lon="-78.79782043375">
    <tag k="local_x" v="-434.321108" />
    <tag k="local_y" v="80.519805" />
    <tag k="ele" v="0" />
  </node>
  <node id="19123" lat="42.99335172468" lon="-78.79782047205">
    <tag k="local_x" v="-434.324168" />
    <tag k="local_y" v="81.518485" />
    <tag k="ele" v="0" />
  </node>
  <node id="19124" lat="42.99336071430" lon="-78.79782051010">
    <tag k="local_x" v="-434.327207" />
    <tag k="local_y" v="82.517166" />
    <tag k="ele" v="0" />
  </node>
  <node id="19125" lat="42.99336970392" lon="-78.79782054814">
    <tag k="local_x" v="-434.330246" />
    <tag k="local_y" v="83.515846" />
    <tag k="ele" v="0" />
  </node>
  <node id="19126" lat="42.99337869354" lon="-78.79782058619">
    <tag k="local_x" v="-434.333286" />
    <tag k="local_y" v="84.514527" />
    <tag k="ele" v="0" />
  </node>
  <node id="19127" lat="42.99338768316" lon="-78.79782062440">
    <tag k="local_x" v="-434.336338" />
    <tag k="local_y" v="85.513207" />
    <tag k="ele" v="0" />
  </node>
  <node id="19128" lat="42.99339667278" lon="-78.79782066266">
    <tag k="local_x" v="-434.339395" />
    <tag k="local_y" v="86.511887" />
    <tag k="ele" v="0" />
  </node>
  <node id="19129" lat="42.99340566240" lon="-78.79782070070">
    <tag k="local_x" v="-434.342435" />
    <tag k="local_y" v="87.510568" />
    <tag k="ele" v="0" />
  </node>
  <node id="19130" lat="42.99341465201" lon="-78.79782073875">
    <tag k="local_x" v="-434.345474" />
    <tag k="local_y" v="88.509248" />
    <tag k="ele" v="0" />
  </node>
  <node id="19131" lat="42.99342364163" lon="-78.79782077680">
    <tag k="local_x" v="-434.348513" />
    <tag k="local_y" v="89.507929" />
    <tag k="ele" v="0" />
  </node>
  <node id="19132" lat="42.99343263125" lon="-78.79782081504">
    <tag k="local_x" v="-434.351569" />
    <tag k="local_y" v="90.506609" />
    <tag k="ele" v="0" />
  </node>
  <node id="19133" lat="42.99344162087" lon="-78.79782085325">
    <tag k="local_x" v="-434.354621" />
    <tag k="local_y" v="91.505289" />
    <tag k="ele" v="0" />
  </node>
  <node id="19134" lat="42.99345061049" lon="-78.79782089128">
    <tag k="local_x" v="-434.357659" />
    <tag k="local_y" v="92.503970" />
    <tag k="ele" v="0" />
  </node>
  <node id="19135" lat="42.99345960011" lon="-78.79782092932">
    <tag k="local_x" v="-434.360698" />
    <tag k="local_y" v="93.502650" />
    <tag k="ele" v="0" />
  </node>
  <node id="19136" lat="42.99346858973" lon="-78.79782096737">
    <tag k="local_x" v="-434.363738" />
    <tag k="local_y" v="94.501331" />
    <tag k="ele" v="0" />
  </node>
  <node id="19137" lat="42.99347757935" lon="-78.79782100553">
    <tag k="local_x" v="-434.366787" />
    <tag k="local_y" v="95.500011" />
    <tag k="ele" v="0" />
  </node>
  <node id="19138" lat="42.99348656896" lon="-78.79782104377">
    <tag k="local_x" v="-434.369842" />
    <tag k="local_y" v="96.498691" />
    <tag k="ele" v="0" />
  </node>
  <node id="19139" lat="42.99349555858" lon="-78.79782108188">
    <tag k="local_x" v="-434.372887" />
    <tag k="local_y" v="97.497372" />
    <tag k="ele" v="0" />
  </node>
  <node id="19140" lat="42.99350454820" lon="-78.79782111993">
    <tag k="local_x" v="-434.375926" />
    <tag k="local_y" v="98.496052" />
    <tag k="ele" v="0" />
  </node>
  <node id="19141" lat="42.99351353782" lon="-78.79782115798">
    <tag k="local_x" v="-434.378965" />
    <tag k="local_y" v="99.494733" />
    <tag k="ele" v="0" />
  </node>
  <node id="19142" lat="42.99352252744" lon="-78.79782119616">
    <tag k="local_x" v="-434.382016" />
    <tag k="local_y" v="100.493413" />
    <tag k="ele" v="0" />
  </node>
  <node id="19143" lat="42.99353151706" lon="-78.79782123440">
    <tag k="local_x" v="-434.385071" />
    <tag k="local_y" v="101.492093" />
    <tag k="ele" v="0" />
  </node>
  <node id="19144" lat="42.99354050668" lon="-78.79782127247">
    <tag k="local_x" v="-434.388112" />
    <tag k="local_y" v="102.490774" />
    <tag k="ele" v="0" />
  </node>
  <node id="19145" lat="42.99354949630" lon="-78.79782131050">
    <tag k="local_x" v="-434.391150" />
    <tag k="local_y" v="103.489454" />
    <tag k="ele" v="0" />
  </node>
  <node id="19146" lat="42.99355848591" lon="-78.79782134855">
    <tag k="local_x" v="-434.394190" />
    <tag k="local_y" v="104.488135" />
    <tag k="ele" v="0" />
  </node>
  <node id="19147" lat="42.99356747553" lon="-78.79782138690">
    <tag k="local_x" v="-434.397254" />
    <tag k="local_y" v="105.486815" />
    <tag k="ele" v="0" />
  </node>
  <node id="19148" lat="42.99357646515" lon="-78.79782142502">
    <tag k="local_x" v="-434.400299" />
    <tag k="local_y" v="106.485495" />
    <tag k="ele" v="0" />
  </node>
  <node id="19149" lat="42.99358545477" lon="-78.79782146307">
    <tag k="local_x" v="-434.403339" />
    <tag k="local_y" v="107.484176" />
    <tag k="ele" v="0" />
  </node>
  <node id="19150" lat="42.99359444439" lon="-78.79782150111">
    <tag k="local_x" v="-434.406378" />
    <tag k="local_y" v="108.482856" />
    <tag k="ele" v="0" />
  </node>
  <node id="19151" lat="42.99360343401" lon="-78.79782153916">
    <tag k="local_x" v="-434.409417" />
    <tag k="local_y" v="109.481536" />
    <tag k="ele" v="0" />
  </node>
  <node id="19152" lat="42.99361242363" lon="-78.79782157754">
    <tag k="local_x" v="-434.412484" />
    <tag k="local_y" v="110.480217" />
    <tag k="ele" v="0" />
  </node>
  <node id="19153" lat="42.99362141324" lon="-78.79782161563">
    <tag k="local_x" v="-434.415527" />
    <tag k="local_y" v="111.478897" />
    <tag k="ele" v="0" />
  </node>
  <node id="19154" lat="42.99363040286" lon="-78.79782165368">
    <tag k="local_x" v="-434.418566" />
    <tag k="local_y" v="112.477578" />
    <tag k="ele" v="0" />
  </node>
  <node id="19155" lat="42.99363939248" lon="-78.79782169172">
    <tag k="local_x" v="-434.421606" />
    <tag k="local_y" v="113.476258" />
    <tag k="ele" v="0" />
  </node>
  <node id="19156" lat="42.99364838210" lon="-78.79782172977">
    <tag k="local_x" v="-434.424645" />
    <tag k="local_y" v="114.474938" />
    <tag k="ele" v="0" />
  </node>
  <node id="19157" lat="42.99365737172" lon="-78.79782176819">
    <tag k="local_x" v="-434.427715" />
    <tag k="local_y" v="115.473619" />
    <tag k="ele" v="0" />
  </node>
  <node id="19158" lat="42.99366636134" lon="-78.79782180624">
    <tag k="local_x" v="-434.430754" />
    <tag k="local_y" v="116.472299" />
    <tag k="ele" v="0" />
  </node>
  <node id="19159" lat="42.99367535095" lon="-78.79782184429">
    <tag k="local_x" v="-434.433794" />
    <tag k="local_y" v="117.470980" />
    <tag k="ele" v="0" />
  </node>
  <node id="19160" lat="42.99368434057" lon="-78.79782188178">
    <tag k="local_x" v="-434.436788" />
    <tag k="local_y" v="118.469660" />
    <tag k="ele" v="0" />
  </node>
  <node id="19161" lat="42.99369333022" lon="-78.79782190815">
    <tag k="local_x" v="-434.438875" />
    <tag k="local_y" v="119.468343" />
    <tag k="ele" v="0" />
  </node>
  <node id="19162" lat="42.99370231987" lon="-78.79782192760">
    <tag k="local_x" v="-434.440398" />
    <tag k="local_y" v="120.467027" />
    <tag k="ele" v="0" />
  </node>
  <node id="19163" lat="42.99371130952" lon="-78.79782194673">
    <tag k="local_x" v="-434.441895" />
    <tag k="local_y" v="121.465711" />
    <tag k="ele" v="0" />
  </node>
  <node id="19164" lat="42.99372029917" lon="-78.79782196621">
    <tag k="local_x" v="-434.443420" />
    <tag k="local_y" v="122.464395" />
    <tag k="ele" v="0" />
  </node>
  <node id="19165" lat="42.99372928882" lon="-78.79782198563">
    <tag k="local_x" v="-434.444941" />
    <tag k="local_y" v="123.463079" />
    <tag k="ele" v="0" />
  </node>
  <node id="19166" lat="42.99373827847" lon="-78.79782200479">
    <tag k="local_x" v="-434.446440" />
    <tag k="local_y" v="124.461762" />
    <tag k="ele" v="0" />
  </node>
  <node id="19167" lat="42.99374726812" lon="-78.79782202427">
    <tag k="local_x" v="-434.447965" />
    <tag k="local_y" v="125.460446" />
    <tag k="ele" v="0" />
  </node>
  <node id="19168" lat="42.99375625777" lon="-78.79782204367">
    <tag k="local_x" v="-434.449484" />
    <tag k="local_y" v="126.459130" />
    <tag k="ele" v="0" />
  </node>
  <node id="19169" lat="42.99376524742" lon="-78.79782206285">
    <tag k="local_x" v="-434.450984" />
    <tag k="local_y" v="127.457814" />
    <tag k="ele" v="0" />
  </node>
  <node id="19170" lat="42.99377423707" lon="-78.79782208233">
    <tag k="local_x" v="-434.452510" />
    <tag k="local_y" v="128.456498" />
    <tag k="ele" v="0" />
  </node>
  <node id="19171" lat="42.99378322672" lon="-78.79782210171">
    <tag k="local_x" v="-434.454027" />
    <tag k="local_y" v="129.455182" />
    <tag k="ele" v="0" />
  </node>
  <node id="19172" lat="42.99379221637" lon="-78.79782212091">
    <tag k="local_x" v="-434.455529" />
    <tag k="local_y" v="130.453866" />
    <tag k="ele" v="0" />
  </node>
  <node id="19173" lat="42.99380120602" lon="-78.79782214030">
    <tag k="local_x" v="-434.457047" />
    <tag k="local_y" v="131.452550" />
    <tag k="ele" v="0" />
  </node>
  <node id="19174" lat="42.99381019567" lon="-78.79782215957">
    <tag k="local_x" v="-434.458555" />
    <tag k="local_y" v="132.451234" />
    <tag k="ele" v="0" />
  </node>
  <node id="19175" lat="42.99381918532" lon="-78.79782217899">
    <tag k="local_x" v="-434.460075" />
    <tag k="local_y" v="133.449917" />
    <tag k="ele" v="0" />
  </node>
  <node id="19176" lat="42.99382817497" lon="-78.79782219827">
    <tag k="local_x" v="-434.461585" />
    <tag k="local_y" v="134.448601" />
    <tag k="ele" v="0" />
  </node>
  <node id="19177" lat="42.99383716462" lon="-78.79782221763">
    <tag k="local_x" v="-434.463100" />
    <tag k="local_y" v="135.447285" />
    <tag k="ele" v="0" />
  </node>
  <node id="19178" lat="42.99384615428" lon="-78.79782223704">
    <tag k="local_x" v="-434.464619" />
    <tag k="local_y" v="136.445969" />
    <tag k="ele" v="0" />
  </node>
  <node id="19179" lat="42.99385514393" lon="-78.79782225632">
    <tag k="local_x" v="-434.466129" />
    <tag k="local_y" v="137.444653" />
    <tag k="ele" v="0" />
  </node>
  <node id="19180" lat="42.99386413358" lon="-78.79782227569">
    <tag k="local_x" v="-434.467645" />
    <tag k="local_y" v="138.443337" />
    <tag k="ele" v="0" />
  </node>
  <node id="19181" lat="42.99387312323" lon="-78.79782229509">
    <tag k="local_x" v="-434.469163" />
    <tag k="local_y" v="139.442021" />
    <tag k="ele" v="0" />
  </node>
  <node id="19182" lat="42.99388211288" lon="-78.79782231437">
    <tag k="local_x" v="-434.470672" />
    <tag k="local_y" v="140.440705" />
    <tag k="ele" v="0" />
  </node>
  <node id="19183" lat="42.99389110253" lon="-78.79782233375">
    <tag k="local_x" v="-434.472189" />
    <tag k="local_y" v="141.439389" />
    <tag k="ele" v="0" />
  </node>
  <node id="19184" lat="42.99390009218" lon="-78.79782235308">
    <tag k="local_x" v="-434.473702" />
    <tag k="local_y" v="142.438073" />
    <tag k="ele" v="0" />
  </node>
  <node id="19185" lat="42.99390908183" lon="-78.79782237241">
    <tag k="local_x" v="-434.475215" />
    <tag k="local_y" v="143.436756" />
    <tag k="ele" v="0" />
  </node>
  <node id="19186" lat="42.99391807148" lon="-78.79782239189">
    <tag k="local_x" v="-434.476741" />
    <tag k="local_y" v="144.435440" />
    <tag k="ele" v="0" />
  </node>
  <node id="19187" lat="42.99392706113" lon="-78.79782241116">
    <tag k="local_x" v="-434.478248" />
    <tag k="local_y" v="145.434124" />
    <tag k="ele" v="0" />
  </node>
  <node id="19188" lat="42.99393605078" lon="-78.79782243043">
    <tag k="local_x" v="-434.479757" />
    <tag k="local_y" v="146.432808" />
    <tag k="ele" v="0" />
  </node>
  <node id="19189" lat="42.99394504043" lon="-78.79782244981">
    <tag k="local_x" v="-434.481274" />
    <tag k="local_y" v="147.431492" />
    <tag k="ele" v="0" />
  </node>
  <node id="19190" lat="42.99395403008" lon="-78.79782246915">
    <tag k="local_x" v="-434.482788" />
    <tag k="local_y" v="148.430176" />
    <tag k="ele" v="0" />
  </node>
  <node id="19191" lat="42.99396301973" lon="-78.79782248850">
    <tag k="local_x" v="-434.484302" />
    <tag k="local_y" v="149.428860" />
    <tag k="ele" v="0" />
  </node>
  <node id="19192" lat="42.99397200938" lon="-78.79782250785">
    <tag k="local_x" v="-434.485817" />
    <tag k="local_y" v="150.427544" />
    <tag k="ele" v="0" />
  </node>
  <node id="19193" lat="42.99398099903" lon="-78.79782252719">
    <tag k="local_x" v="-434.487331" />
    <tag k="local_y" v="151.426228" />
    <tag k="ele" v="0" />
  </node>
  <node id="19194" lat="42.99398998868" lon="-78.79782254654">
    <tag k="local_x" v="-434.488845" />
    <tag k="local_y" v="152.424911" />
    <tag k="ele" v="0" />
  </node>
  <node id="19195" lat="42.99399897833" lon="-78.79782256538">
    <tag k="local_x" v="-434.490318" />
    <tag k="local_y" v="153.423595" />
    <tag k="ele" v="0" />
  </node>
  <node id="19196" lat="42.99400796798" lon="-78.79782258388">
    <tag k="local_x" v="-434.491764" />
    <tag k="local_y" v="154.422279" />
    <tag k="ele" v="0" />
  </node>
  <node id="19197" lat="42.99401695763" lon="-78.79782260234">
    <tag k="local_x" v="-434.493206" />
    <tag k="local_y" v="155.420963" />
    <tag k="ele" v="0" />
  </node>
  <node id="19198" lat="42.99402594729" lon="-78.79782262080">
    <tag k="local_x" v="-434.494648" />
    <tag k="local_y" v="156.419647" />
    <tag k="ele" v="0" />
  </node>
  <node id="19199" lat="42.99403493694" lon="-78.79782263926">
    <tag k="local_x" v="-434.496090" />
    <tag k="local_y" v="157.418331" />
    <tag k="ele" v="0" />
  </node>
  <node id="19200" lat="42.99404392659" lon="-78.79782265772">
    <tag k="local_x" v="-434.497532" />
    <tag k="local_y" v="158.417015" />
    <tag k="ele" v="0" />
  </node>
  <node id="19201" lat="42.99405291624" lon="-78.79782267618">
    <tag k="local_x" v="-434.498974" />
    <tag k="local_y" v="159.415699" />
    <tag k="ele" v="0" />
  </node>
  <node id="19202" lat="42.99406190589" lon="-78.79782269475">
    <tag k="local_x" v="-434.500425" />
    <tag k="local_y" v="160.414383" />
    <tag k="ele" v="0" />
  </node>
  <node id="19203" lat="42.99407089554" lon="-78.79782271313">
    <tag k="local_x" v="-434.501860" />
    <tag k="local_y" v="161.413067" />
    <tag k="ele" v="0" />
  </node>
  <node id="19204" lat="42.99407988519" lon="-78.79782273180">
    <tag k="local_x" v="-434.503320" />
    <tag k="local_y" v="162.411751" />
    <tag k="ele" v="0" />
  </node>
  <node id="19205" lat="42.99408887484" lon="-78.79782275018">
    <tag k="local_x" v="-434.504756" />
    <tag k="local_y" v="163.410435" />
    <tag k="ele" v="0" />
  </node>
  <node id="19206" lat="42.99409786449" lon="-78.79782276852">
    <tag k="local_x" v="-434.506188" />
    <tag k="local_y" v="164.409119" />
    <tag k="ele" v="0" />
  </node>
  <node id="19207" lat="42.99410685415" lon="-78.79782278721">
    <tag k="local_x" v="-434.507649" />
    <tag k="local_y" v="165.407803" />
    <tag k="ele" v="0" />
  </node>
  <node id="19208" lat="42.99411584380" lon="-78.79782280557">
    <tag k="local_x" v="-434.509083" />
    <tag k="local_y" v="166.406487" />
    <tag k="ele" v="0" />
  </node>
  <node id="19209" lat="42.99412483345" lon="-78.79782282403">
    <tag k="local_x" v="-434.510524" />
    <tag k="local_y" v="167.405171" />
    <tag k="ele" v="0" />
  </node>
  <node id="19210" lat="42.99268671663" lon="-78.79623125923">
    <tag k="local_x" v="-304.727531" />
    <tag k="local_y" v="7.634022" />
    <tag k="ele" v="0" />
  </node>
  <node id="19211" lat="42.99269566480" lon="-78.79623138337">
    <tag k="local_x" v="-304.737611" />
    <tag k="local_y" v="8.628099" />
    <tag k="ele" v="0" />
  </node>
  <node id="19212" lat="42.99270461298" lon="-78.79623150787">
    <tag k="local_x" v="-304.747720" />
    <tag k="local_y" v="9.622175" />
    <tag k="ele" v="0" />
  </node>
  <node id="19213" lat="42.99271356116" lon="-78.79623163202">
    <tag k="local_x" v="-304.757800" />
    <tag k="local_y" v="10.616252" />
    <tag k="ele" v="0" />
  </node>
  <node id="19214" lat="42.99272250933" lon="-78.79623175651">
    <tag k="local_x" v="-304.767908" />
    <tag k="local_y" v="11.610328" />
    <tag k="ele" v="0" />
  </node>
  <node id="19215" lat="42.99273145751" lon="-78.79623188067">
    <tag k="local_x" v="-304.777989" />
    <tag k="local_y" v="12.604405" />
    <tag k="ele" v="0" />
  </node>
  <node id="19216" lat="42.99274040568" lon="-78.79623200515">
    <tag k="local_x" v="-304.788096" />
    <tag k="local_y" v="13.598481" />
    <tag k="ele" v="0" />
  </node>
  <node id="19217" lat="42.99274935386" lon="-78.79623212931">
    <tag k="local_x" v="-304.798178" />
    <tag k="local_y" v="14.592558" />
    <tag k="ele" v="0" />
  </node>
  <node id="19218" lat="42.99275830203" lon="-78.79623225378">
    <tag k="local_x" v="-304.808284" />
    <tag k="local_y" v="15.586634" />
    <tag k="ele" v="0" />
  </node>
  <node id="19219" lat="42.99276725021" lon="-78.79623237796">
    <tag k="local_x" v="-304.818367" />
    <tag k="local_y" v="16.580711" />
    <tag k="ele" v="0" />
  </node>
  <node id="19220" lat="42.99277619839" lon="-78.79623250242">
    <tag k="local_x" v="-304.828472" />
    <tag k="local_y" v="17.574787" />
    <tag k="ele" v="0" />
  </node>
  <node id="19221" lat="42.99278514656" lon="-78.79623262661">
    <tag k="local_x" v="-304.838556" />
    <tag k="local_y" v="18.568864" />
    <tag k="ele" v="0" />
  </node>
  <node id="19222" lat="42.99279409474" lon="-78.79623275106">
    <tag k="local_x" v="-304.848661" />
    <tag k="local_y" v="19.562940" />
    <tag k="ele" v="0" />
  </node>
  <node id="19223" lat="42.99280304292" lon="-78.79623287526">
    <tag k="local_x" v="-304.858745" />
    <tag k="local_y" v="20.557017" />
    <tag k="ele" v="0" />
  </node>
  <node id="19224" lat="42.99281199109" lon="-78.79623299970">
    <tag k="local_x" v="-304.868849" />
    <tag k="local_y" v="21.551094" />
    <tag k="ele" v="0" />
  </node>
  <node id="19225" lat="42.99282093927" lon="-78.79623312391">
    <tag k="local_x" v="-304.878934" />
    <tag k="local_y" v="22.545170" />
    <tag k="ele" v="0" />
  </node>
  <node id="19226" lat="42.99282988744" lon="-78.79623324834">
    <tag k="local_x" v="-304.889037" />
    <tag k="local_y" v="23.539247" />
    <tag k="ele" v="0" />
  </node>
  <node id="19227" lat="42.99283883562" lon="-78.79623337256">
    <tag k="local_x" v="-304.899123" />
    <tag k="local_y" v="24.533323" />
    <tag k="ele" v="0" />
  </node>
  <node id="19228" lat="42.99284778379" lon="-78.79623349698">
    <tag k="local_x" v="-304.909225" />
    <tag k="local_y" v="25.527400" />
    <tag k="ele" v="0" />
  </node>
  <node id="19229" lat="42.99285673197" lon="-78.79623362121">
    <tag k="local_x" v="-304.919312" />
    <tag k="local_y" v="26.521476" />
    <tag k="ele" v="0" />
  </node>
  <node id="19230" lat="42.99286568014" lon="-78.79623374562">
    <tag k="local_x" v="-304.929413" />
    <tag k="local_y" v="27.515553" />
    <tag k="ele" v="0" />
  </node>
  <node id="19231" lat="42.99287462832" lon="-78.79623386986">
    <tag k="local_x" v="-304.939501" />
    <tag k="local_y" v="28.509629" />
    <tag k="ele" v="0" />
  </node>
  <node id="19232" lat="42.99288357650" lon="-78.79623399426">
    <tag k="local_x" v="-304.949602" />
    <tag k="local_y" v="29.503706" />
    <tag k="ele" v="0" />
  </node>
  <node id="19233" lat="42.99289252467" lon="-78.79623411850">
    <tag k="local_x" v="-304.959690" />
    <tag k="local_y" v="30.497782" />
    <tag k="ele" v="0" />
  </node>
  <node id="19234" lat="42.99290147285" lon="-78.79623424290">
    <tag k="local_x" v="-304.969790" />
    <tag k="local_y" v="31.491859" />
    <tag k="ele" v="0" />
  </node>
  <node id="19235" lat="42.99291042102" lon="-78.79623436717">
    <tag k="local_x" v="-304.979880" />
    <tag k="local_y" v="32.485935" />
    <tag k="ele" v="0" />
  </node>
  <node id="19236" lat="42.99291936920" lon="-78.79623449159">
    <tag k="local_x" v="-304.989982" />
    <tag k="local_y" v="33.480012" />
    <tag k="ele" v="0" />
  </node>
  <node id="19237" lat="42.99292831738" lon="-78.79623461585">
    <tag k="local_x" v="-305.000071" />
    <tag k="local_y" v="34.474089" />
    <tag k="ele" v="0" />
  </node>
  <node id="19238" lat="42.99293726555" lon="-78.79623474023">
    <tag k="local_x" v="-305.010170" />
    <tag k="local_y" v="35.468165" />
    <tag k="ele" v="0" />
  </node>
  <node id="19239" lat="42.99294621373" lon="-78.79623486450">
    <tag k="local_x" v="-305.020260" />
    <tag k="local_y" v="36.462242" />
    <tag k="ele" v="0" />
  </node>
  <node id="19240" lat="42.99295516190" lon="-78.79623498887">
    <tag k="local_x" v="-305.030358" />
    <tag k="local_y" v="37.456318" />
    <tag k="ele" v="0" />
  </node>
  <node id="19241" lat="42.99296411008" lon="-78.79623511315">
    <tag k="local_x" v="-305.040449" />
    <tag k="local_y" v="38.450395" />
    <tag k="ele" v="0" />
  </node>
  <node id="19242" lat="42.99297305825" lon="-78.79623523751">
    <tag k="local_x" v="-305.050547" />
    <tag k="local_y" v="39.444471" />
    <tag k="ele" v="0" />
  </node>
  <node id="19243" lat="42.99298200643" lon="-78.79623536180">
    <tag k="local_x" v="-305.060638" />
    <tag k="local_y" v="40.438548" />
    <tag k="ele" v="0" />
  </node>
  <node id="19244" lat="42.99299095460" lon="-78.79623548615">
    <tag k="local_x" v="-305.070735" />
    <tag k="local_y" v="41.432624" />
    <tag k="ele" v="0" />
  </node>
  <node id="19245" lat="42.99299990278" lon="-78.79623561045">
    <tag k="local_x" v="-305.080827" />
    <tag k="local_y" v="42.426701" />
    <tag k="ele" v="0" />
  </node>
  <node id="19246" lat="42.99300885096" lon="-78.79623573479">
    <tag k="local_x" v="-305.090923" />
    <tag k="local_y" v="43.420777" />
    <tag k="ele" v="0" />
  </node>
  <node id="19247" lat="42.99301779913" lon="-78.79623585910">
    <tag k="local_x" v="-305.101016" />
    <tag k="local_y" v="44.414854" />
    <tag k="ele" v="0" />
  </node>
  <node id="19248" lat="42.99302674731" lon="-78.79623598344">
    <tag k="local_x" v="-305.111111" />
    <tag k="local_y" v="45.408930" />
    <tag k="ele" v="0" />
  </node>
  <node id="19249" lat="42.99303569548" lon="-78.79623610775">
    <tag k="local_x" v="-305.121205" />
    <tag k="local_y" v="46.403007" />
    <tag k="ele" v="0" />
  </node>
  <node id="19250" lat="42.99304464366" lon="-78.79623623208">
    <tag k="local_x" v="-305.131300" />
    <tag k="local_y" v="47.397083" />
    <tag k="ele" v="0" />
  </node>
  <node id="19251" lat="42.99305359183" lon="-78.79623635640">
    <tag k="local_x" v="-305.141394" />
    <tag k="local_y" v="48.391160" />
    <tag k="ele" v="0" />
  </node>
  <node id="19252" lat="42.99306254001" lon="-78.79623648072">
    <tag k="local_x" v="-305.151488" />
    <tag k="local_y" v="49.385237" />
    <tag k="ele" v="0" />
  </node>
  <node id="19253" lat="42.99307148818" lon="-78.79623660505">
    <tag k="local_x" v="-305.161583" />
    <tag k="local_y" v="50.379313" />
    <tag k="ele" v="0" />
  </node>
  <node id="19254" lat="42.99308043636" lon="-78.79623672936">
    <tag k="local_x" v="-305.171676" />
    <tag k="local_y" v="51.373390" />
    <tag k="ele" v="0" />
  </node>
  <node id="19255" lat="42.99308938453" lon="-78.79623685371">
    <tag k="local_x" v="-305.181772" />
    <tag k="local_y" v="52.367466" />
    <tag k="ele" v="0" />
  </node>
  <node id="19256" lat="42.99309833271" lon="-78.79623697800">
    <tag k="local_x" v="-305.191864" />
    <tag k="local_y" v="53.361543" />
    <tag k="ele" v="0" />
  </node>
  <node id="19257" lat="42.99310728089" lon="-78.79623710236">
    <tag k="local_x" v="-305.201961" />
    <tag k="local_y" v="54.355619" />
    <tag k="ele" v="0" />
  </node>
  <node id="19258" lat="42.99311622906" lon="-78.79623722664">
    <tag k="local_x" v="-305.212052" />
    <tag k="local_y" v="55.349696" />
    <tag k="ele" v="0" />
  </node>
  <node id="19259" lat="42.99312517724" lon="-78.79623735101">
    <tag k="local_x" v="-305.222150" />
    <tag k="local_y" v="56.343772" />
    <tag k="ele" v="0" />
  </node>
  <node id="19260" lat="42.99313412541" lon="-78.79623747529">
    <tag k="local_x" v="-305.232241" />
    <tag k="local_y" v="57.337849" />
    <tag k="ele" v="0" />
  </node>
  <node id="19261" lat="42.99314307359" lon="-78.79623759966">
    <tag k="local_x" v="-305.242339" />
    <tag k="local_y" v="58.331925" />
    <tag k="ele" v="0" />
  </node>
  <node id="19262" lat="42.99315202176" lon="-78.79623772393">
    <tag k="local_x" v="-305.252429" />
    <tag k="local_y" v="59.326002" />
    <tag k="ele" v="0" />
  </node>
  <node id="19263" lat="42.99316096994" lon="-78.79623784831">
    <tag k="local_x" v="-305.262528" />
    <tag k="local_y" v="60.320078" />
    <tag k="ele" v="0" />
  </node>
  <node id="19264" lat="42.99316991811" lon="-78.79623797282">
    <tag k="local_x" v="-305.272638" />
    <tag k="local_y" v="61.314155" />
    <tag k="ele" v="0" />
  </node>
  <node id="19265" lat="42.99317886629" lon="-78.79623809708">
    <tag k="local_x" v="-305.282727" />
    <tag k="local_y" v="62.308231" />
    <tag k="ele" v="0" />
  </node>
  <node id="19266" lat="42.99318781446" lon="-78.79623822148">
    <tag k="local_x" v="-305.292827" />
    <tag k="local_y" v="63.302308" />
    <tag k="ele" v="0" />
  </node>
  <node id="19267" lat="42.99319676264" lon="-78.79623834572">
    <tag k="local_x" v="-305.302915" />
    <tag k="local_y" v="64.296384" />
    <tag k="ele" v="0" />
  </node>
  <node id="19268" lat="42.99320571081" lon="-78.79623847013">
    <tag k="local_x" v="-305.313016" />
    <tag k="local_y" v="65.290461" />
    <tag k="ele" v="0" />
  </node>
  <node id="19269" lat="42.99321465899" lon="-78.79623859436">
    <tag k="local_x" v="-305.323103" />
    <tag k="local_y" v="66.284538" />
    <tag k="ele" v="0" />
  </node>
  <node id="19270" lat="42.99322360716" lon="-78.79623871878">
    <tag k="local_x" v="-305.333205" />
    <tag k="local_y" v="67.278614" />
    <tag k="ele" v="0" />
  </node>
  <node id="19271" lat="42.99323255534" lon="-78.79623884301">
    <tag k="local_x" v="-305.343291" />
    <tag k="local_y" v="68.272691" />
    <tag k="ele" v="0" />
  </node>
  <node id="19272" lat="42.99324150351" lon="-78.79623896743">
    <tag k="local_x" v="-305.353394" />
    <tag k="local_y" v="69.266767" />
    <tag k="ele" v="0" />
  </node>
  <node id="19273" lat="42.99325045169" lon="-78.79623909165">
    <tag k="local_x" v="-305.363479" />
    <tag k="local_y" v="70.260844" />
    <tag k="ele" v="0" />
  </node>
  <node id="19274" lat="42.99325939986" lon="-78.79623921608">
    <tag k="local_x" v="-305.373582" />
    <tag k="local_y" v="71.254920" />
    <tag k="ele" v="0" />
  </node>
  <node id="19275" lat="42.99326834804" lon="-78.79623934057">
    <tag k="local_x" v="-305.383690" />
    <tag k="local_y" v="72.248997" />
    <tag k="ele" v="0" />
  </node>
  <node id="19276" lat="42.99327729621" lon="-78.79623946538">
    <tag k="local_x" v="-305.393824" />
    <tag k="local_y" v="73.243073" />
    <tag k="ele" v="0" />
  </node>
  <node id="19277" lat="42.99328624438" lon="-78.79623959035">
    <tag k="local_x" v="-305.403971" />
    <tag k="local_y" v="74.237149" />
    <tag k="ele" v="0" />
  </node>
  <node id="19278" lat="42.99329519255" lon="-78.79623971527">
    <tag k="local_x" v="-305.414114" />
    <tag k="local_y" v="75.231225" />
    <tag k="ele" v="0" />
  </node>
  <node id="19279" lat="42.99330414072" lon="-78.79623984018">
    <tag k="local_x" v="-305.424256" />
    <tag k="local_y" v="76.225301" />
    <tag k="ele" v="0" />
  </node>
  <node id="19280" lat="42.99331308889" lon="-78.79623996508">
    <tag k="local_x" v="-305.434397" />
    <tag k="local_y" v="77.219377" />
    <tag k="ele" v="0" />
  </node>
  <node id="19281" lat="42.99332203706" lon="-78.79624008999">
    <tag k="local_x" v="-305.444539" />
    <tag k="local_y" v="78.213453" />
    <tag k="ele" v="0" />
  </node>
  <node id="19282" lat="42.99333098523" lon="-78.79624021461">
    <tag k="local_x" v="-305.454657" />
    <tag k="local_y" v="79.207529" />
    <tag k="ele" v="0" />
  </node>
  <node id="19283" lat="42.99333993341" lon="-78.79624033894">
    <tag k="local_x" v="-305.464753" />
    <tag k="local_y" v="80.201606" />
    <tag k="ele" v="0" />
  </node>
  <node id="19284" lat="42.99334888158" lon="-78.79624046325">
    <tag k="local_x" v="-305.474845" />
    <tag k="local_y" v="81.195682" />
    <tag k="ele" v="0" />
  </node>
  <node id="19285" lat="42.99335782976" lon="-78.79624058756">
    <tag k="local_x" v="-305.484938" />
    <tag k="local_y" v="82.189759" />
    <tag k="ele" v="0" />
  </node>
  <node id="19286" lat="42.99336677793" lon="-78.79624071186">
    <tag k="local_x" v="-305.495031" />
    <tag k="local_y" v="83.183835" />
    <tag k="ele" v="0" />
  </node>
  <node id="19287" lat="42.99337572611" lon="-78.79624083590">
    <tag k="local_x" v="-305.505102" />
    <tag k="local_y" v="84.177912" />
    <tag k="ele" v="0" />
  </node>
  <node id="19288" lat="42.99338467429" lon="-78.79624096039">
    <tag k="local_x" v="-305.515210" />
    <tag k="local_y" v="85.171989" />
    <tag k="ele" v="0" />
  </node>
  <node id="19289" lat="42.99339362246" lon="-78.79624108454">
    <tag k="local_x" v="-305.525290" />
    <tag k="local_y" v="86.166065" />
    <tag k="ele" v="0" />
  </node>
  <node id="19290" lat="42.99340257063" lon="-78.79624120904">
    <tag k="local_x" v="-305.535399" />
    <tag k="local_y" v="87.160142" />
    <tag k="ele" v="0" />
  </node>
  <node id="19291" lat="42.99341151881" lon="-78.79624133318">
    <tag k="local_x" v="-305.545478" />
    <tag k="local_y" v="88.154218" />
    <tag k="ele" v="0" />
  </node>
  <node id="19292" lat="42.99342046698" lon="-78.79624145770">
    <tag k="local_x" v="-305.555588" />
    <tag k="local_y" v="89.148295" />
    <tag k="ele" v="0" />
  </node>
  <node id="19293" lat="42.99342941516" lon="-78.79624158220">
    <tag k="local_x" v="-305.565697" />
    <tag k="local_y" v="90.142371" />
    <tag k="ele" v="0" />
  </node>
  <node id="19294" lat="42.99343836333" lon="-78.79624170635">
    <tag k="local_x" v="-305.575777" />
    <tag k="local_y" v="91.136448" />
    <tag k="ele" v="0" />
  </node>
  <node id="19295" lat="42.99344731151" lon="-78.79624183085">
    <tag k="local_x" v="-305.585885" />
    <tag k="local_y" v="92.130524" />
    <tag k="ele" v="0" />
  </node>
  <node id="19296" lat="42.99345625968" lon="-78.79624195501">
    <tag k="local_x" v="-305.595966" />
    <tag k="local_y" v="93.124601" />
    <tag k="ele" v="0" />
  </node>
  <node id="19297" lat="42.99346520786" lon="-78.79624207949">
    <tag k="local_x" v="-305.606073" />
    <tag k="local_y" v="94.118677" />
    <tag k="ele" v="0" />
  </node>
  <node id="19298" lat="42.99347415603" lon="-78.79624220366">
    <tag k="local_x" v="-305.616155" />
    <tag k="local_y" v="95.112754" />
    <tag k="ele" v="0" />
  </node>
  <node id="19299" lat="42.99348310421" lon="-78.79624232817">
    <tag k="local_x" v="-305.626265" />
    <tag k="local_y" v="96.106830" />
    <tag k="ele" v="0" />
  </node>
  <node id="19300" lat="42.99349205238" lon="-78.79624245265">
    <tag k="local_x" v="-305.636371" />
    <tag k="local_y" v="97.100907" />
    <tag k="ele" v="0" />
  </node>
  <node id="19301" lat="42.99350100056" lon="-78.79624257683">
    <tag k="local_x" v="-305.646454" />
    <tag k="local_y" v="98.094983" />
    <tag k="ele" v="0" />
  </node>
  <node id="19302" lat="42.99350994873" lon="-78.79624270129">
    <tag k="local_x" v="-305.656559" />
    <tag k="local_y" v="99.089060" />
    <tag k="ele" v="0" />
  </node>
  <node id="19303" lat="42.99351889691" lon="-78.79624282548">
    <tag k="local_x" v="-305.666643" />
    <tag k="local_y" v="100.083136" />
    <tag k="ele" v="0" />
  </node>
  <node id="19304" lat="42.99352784508" lon="-78.79624294994">
    <tag k="local_x" v="-305.676747" />
    <tag k="local_y" v="101.077213" />
    <tag k="ele" v="0" />
  </node>
  <node id="19305" lat="42.99353679326" lon="-78.79624307414">
    <tag k="local_x" v="-305.686832" />
    <tag k="local_y" v="102.071290" />
    <tag k="ele" v="0" />
  </node>
  <node id="19306" lat="42.99354574143" lon="-78.79624319865">
    <tag k="local_x" v="-305.696941" />
    <tag k="local_y" v="103.065366" />
    <tag k="ele" v="0" />
  </node>
  <node id="19307" lat="42.99355468960" lon="-78.79624332309">
    <tag k="local_x" v="-305.707045" />
    <tag k="local_y" v="104.059442" />
    <tag k="ele" v="0" />
  </node>
  <node id="19308" lat="42.99356363778" lon="-78.79624344731">
    <tag k="local_x" v="-305.717130" />
    <tag k="local_y" v="105.053519" />
    <tag k="ele" v="0" />
  </node>
  <node id="19309" lat="42.99357258595" lon="-78.79624357174">
    <tag k="local_x" v="-305.727233" />
    <tag k="local_y" v="106.047595" />
    <tag k="ele" v="0" />
  </node>
  <node id="19310" lat="42.99358153413" lon="-78.79624369596">
    <tag k="local_x" v="-305.737319" />
    <tag k="local_y" v="107.041672" />
    <tag k="ele" v="0" />
  </node>
  <node id="19311" lat="42.99359048230" lon="-78.79624382038">
    <tag k="local_x" v="-305.747421" />
    <tag k="local_y" v="108.035748" />
    <tag k="ele" v="0" />
  </node>
  <node id="19312" lat="42.99359943048" lon="-78.79624394462">
    <tag k="local_x" v="-305.757508" />
    <tag k="local_y" v="109.029825" />
    <tag k="ele" v="0" />
  </node>
  <node id="19313" lat="42.99360837865" lon="-78.79624406903">
    <tag k="local_x" v="-305.767610" />
    <tag k="local_y" v="110.023902" />
    <tag k="ele" v="0" />
  </node>
  <node id="19314" lat="42.99361732683" lon="-78.79624419327">
    <tag k="local_x" v="-305.777697" />
    <tag k="local_y" v="111.017978" />
    <tag k="ele" v="0" />
  </node>
  <node id="19315" lat="42.99362627500" lon="-78.79624431779">
    <tag k="local_x" v="-305.787807" />
    <tag k="local_y" v="112.012055" />
    <tag k="ele" v="0" />
  </node>
  <node id="19316" lat="42.99363522317" lon="-78.79624444218">
    <tag k="local_x" v="-305.797907" />
    <tag k="local_y" v="113.006131" />
    <tag k="ele" v="0" />
  </node>
  <node id="19317" lat="42.99364417135" lon="-78.79624456644">
    <tag k="local_x" v="-305.807996" />
    <tag k="local_y" v="114.000208" />
    <tag k="ele" v="0" />
  </node>
  <node id="19318" lat="42.99365311952" lon="-78.79624469083">
    <tag k="local_x" v="-305.818095" />
    <tag k="local_y" v="114.994284" />
    <tag k="ele" v="0" />
  </node>
  <node id="19319" lat="42.99366206770" lon="-78.79624481510">
    <tag k="local_x" v="-305.828185" />
    <tag k="local_y" v="115.988361" />
    <tag k="ele" v="0" />
  </node>
  <node id="19320" lat="42.99367101587" lon="-78.79624493948">
    <tag k="local_x" v="-305.838283" />
    <tag k="local_y" v="116.982437" />
    <tag k="ele" v="0" />
  </node>
  <node id="19321" lat="42.99367996405" lon="-78.79624506375">
    <tag k="local_x" v="-305.848374" />
    <tag k="local_y" v="117.976514" />
    <tag k="ele" v="0" />
  </node>
  <node id="19322" lat="42.99368891222" lon="-78.79624518827">
    <tag k="local_x" v="-305.858483" />
    <tag k="local_y" v="118.970590" />
    <tag k="ele" v="0" />
  </node>
  <node id="19323" lat="42.99369786039" lon="-78.79624531263">
    <tag k="local_x" v="-305.868581" />
    <tag k="local_y" v="119.964667" />
    <tag k="ele" v="0" />
  </node>
  <node id="19324" lat="42.99370680857" lon="-78.79624543692">
    <tag k="local_x" v="-305.878672" />
    <tag k="local_y" v="120.958743" />
    <tag k="ele" v="0" />
  </node>
  <node id="19325" lat="42.99371575674" lon="-78.79624556128">
    <tag k="local_x" v="-305.888769" />
    <tag k="local_y" v="121.952820" />
    <tag k="ele" v="0" />
  </node>
  <node id="19326" lat="42.99372470492" lon="-78.79624568558">
    <tag k="local_x" v="-305.898861" />
    <tag k="local_y" v="122.946896" />
    <tag k="ele" v="0" />
  </node>
  <node id="19327" lat="42.99373365309" lon="-78.79624580993">
    <tag k="local_x" v="-305.908958" />
    <tag k="local_y" v="123.940973" />
    <tag k="ele" v="0" />
  </node>
  <node id="19328" lat="42.99374260127" lon="-78.79624593424">
    <tag k="local_x" v="-305.919050" />
    <tag k="local_y" v="124.935049" />
    <tag k="ele" v="0" />
  </node>
  <node id="19329" lat="42.99375154944" lon="-78.79624605857">
    <tag k="local_x" v="-305.929146" />
    <tag k="local_y" v="125.929126" />
    <tag k="ele" v="0" />
  </node>
  <node id="19330" lat="42.99376049761" lon="-78.79624618289">
    <tag k="local_x" v="-305.939239" />
    <tag k="local_y" v="126.923202" />
    <tag k="ele" v="0" />
  </node>
  <node id="19331" lat="42.99376944579" lon="-78.79624630741">
    <tag k="local_x" v="-305.949349" />
    <tag k="local_y" v="127.917279" />
    <tag k="ele" v="0" />
  </node>
  <node id="19332" lat="42.99377839396" lon="-78.79624643173">
    <tag k="local_x" v="-305.959443" />
    <tag k="local_y" v="128.911355" />
    <tag k="ele" v="0" />
  </node>
  <node id="19333" lat="42.99378734214" lon="-78.79624655606">
    <tag k="local_x" v="-305.969538" />
    <tag k="local_y" v="129.905432" />
    <tag k="ele" v="0" />
  </node>
  <node id="19334" lat="42.99379629031" lon="-78.79624668038">
    <tag k="local_x" v="-305.979631" />
    <tag k="local_y" v="130.899508" />
    <tag k="ele" v="0" />
  </node>
  <node id="19335" lat="42.99380523848" lon="-78.79624680472">
    <tag k="local_x" v="-305.989727" />
    <tag k="local_y" v="131.893585" />
    <tag k="ele" v="0" />
  </node>
  <node id="19336" lat="42.99381418666" lon="-78.79624692903">
    <tag k="local_x" v="-305.999820" />
    <tag k="local_y" v="132.887661" />
    <tag k="ele" v="0" />
  </node>
  <node id="19337" lat="42.99382313483" lon="-78.79624705338">
    <tag k="local_x" v="-306.009916" />
    <tag k="local_y" v="133.881738" />
    <tag k="ele" v="0" />
  </node>
  <node id="19338" lat="42.99383208301" lon="-78.79624717789">
    <tag k="local_x" v="-306.020026" />
    <tag k="local_y" v="134.875814" />
    <tag k="ele" v="0" />
  </node>
  <node id="19339" lat="42.99384103118" lon="-78.79624730219">
    <tag k="local_x" v="-306.030117" />
    <tag k="local_y" v="135.869891" />
    <tag k="ele" v="0" />
  </node>
  <node id="19340" lat="42.99384997935" lon="-78.79624742658">
    <tag k="local_x" v="-306.040217" />
    <tag k="local_y" v="136.863967" />
    <tag k="ele" v="0" />
  </node>
  <node id="19341" lat="42.99385892753" lon="-78.79624755089">
    <tag k="local_x" v="-306.050310" />
    <tag k="local_y" v="137.858044" />
    <tag k="ele" v="0" />
  </node>
  <node id="19342" lat="42.99386787570" lon="-78.79624767526">
    <tag k="local_x" v="-306.060408" />
    <tag k="local_y" v="138.852120" />
    <tag k="ele" v="0" />
  </node>
  <node id="19343" lat="42.99387682388" lon="-78.79624779953">
    <tag k="local_x" v="-306.070498" />
    <tag k="local_y" v="139.846197" />
    <tag k="ele" v="0" />
  </node>
  <node id="19344" lat="42.99388577205" lon="-78.79624792392">
    <tag k="local_x" v="-306.080597" />
    <tag k="local_y" v="140.840274" />
    <tag k="ele" v="0" />
  </node>
  <node id="19345" lat="42.99389472022" lon="-78.79624804818">
    <tag k="local_x" v="-306.090686" />
    <tag k="local_y" v="141.834350" />
    <tag k="ele" v="0" />
  </node>
  <node id="19346" lat="42.99390366840" lon="-78.79624817257">
    <tag k="local_x" v="-306.100786" />
    <tag k="local_y" v="142.828427" />
    <tag k="ele" v="0" />
  </node>
  <node id="19347" lat="42.99391261657" lon="-78.79624829683">
    <tag k="local_x" v="-306.110874" />
    <tag k="local_y" v="143.822503" />
    <tag k="ele" v="0" />
  </node>
  <node id="19348" lat="42.99392156475" lon="-78.79624842123">
    <tag k="local_x" v="-306.120975" />
    <tag k="local_y" v="144.816580" />
    <tag k="ele" v="0" />
  </node>
  <node id="19349" lat="42.99393051292" lon="-78.79624854575">
    <tag k="local_x" v="-306.131084" />
    <tag k="local_y" v="145.810656" />
    <tag k="ele" v="0" />
  </node>
  <node id="19350" lat="42.99393946109" lon="-78.79624866999">
    <tag k="local_x" v="-306.141172" />
    <tag k="local_y" v="146.804733" />
    <tag k="ele" v="0" />
  </node>
  <node id="19351" lat="42.99394840927" lon="-78.79624879440">
    <tag k="local_x" v="-306.151273" />
    <tag k="local_y" v="147.798809" />
    <tag k="ele" v="0" />
  </node>
  <node id="19352" lat="42.99395735744" lon="-78.79624891864">
    <tag k="local_x" v="-306.161360" />
    <tag k="local_y" v="148.792886" />
    <tag k="ele" v="0" />
  </node>
  <node id="19353" lat="42.99396630561" lon="-78.79624904306">
    <tag k="local_x" v="-306.171462" />
    <tag k="local_y" v="149.786962" />
    <tag k="ele" v="0" />
  </node>
  <node id="19354" lat="42.99397525379" lon="-78.79624916729">
    <tag k="local_x" v="-306.181548" />
    <tag k="local_y" v="150.781039" />
    <tag k="ele" v="0" />
  </node>
  <node id="19355" lat="42.99398420196" lon="-78.79624929172">
    <tag k="local_x" v="-306.191651" />
    <tag k="local_y" v="151.775115" />
    <tag k="ele" v="0" />
  </node>
  <node id="19356" lat="42.99399315014" lon="-78.79624941624">
    <tag k="local_x" v="-306.201761" />
    <tag k="local_y" v="152.769192" />
    <tag k="ele" v="0" />
  </node>
  <node id="19357" lat="42.99400209831" lon="-78.79624954045">
    <tag k="local_x" v="-306.211846" />
    <tag k="local_y" v="153.763268" />
    <tag k="ele" v="0" />
  </node>
  <node id="19358" lat="42.99401104648" lon="-78.79624966490">
    <tag k="local_x" v="-306.221950" />
    <tag k="local_y" v="154.757345" />
    <tag k="ele" v="0" />
  </node>
  <node id="19359" lat="42.99401999466" lon="-78.79624978910">
    <tag k="local_x" v="-306.232034" />
    <tag k="local_y" v="155.751421" />
    <tag k="ele" v="0" />
  </node>
  <node id="19360" lat="42.99402894283" lon="-78.79624991355">
    <tag k="local_x" v="-306.242139" />
    <tag k="local_y" v="156.745498" />
    <tag k="ele" v="0" />
  </node>
  <node id="19361" lat="42.99403789101" lon="-78.79625003775">
    <tag k="local_x" v="-306.252222" />
    <tag k="local_y" v="157.739574" />
    <tag k="ele" v="0" />
  </node>
  <node id="19362" lat="42.99404683918" lon="-78.79625016221">
    <tag k="local_x" v="-306.262328" />
    <tag k="local_y" v="158.733651" />
    <tag k="ele" v="0" />
  </node>
  <node id="19363" lat="42.99405578735" lon="-78.79625028673">
    <tag k="local_x" v="-306.272438" />
    <tag k="local_y" v="159.727727" />
    <tag k="ele" v="0" />
  </node>
  <node id="19364" lat="42.99406473553" lon="-78.79625041091">
    <tag k="local_x" v="-306.282520" />
    <tag k="local_y" v="160.721804" />
    <tag k="ele" v="0" />
  </node>
  <node id="19365" lat="42.99407368370" lon="-78.79625053539">
    <tag k="local_x" v="-306.292626" />
    <tag k="local_y" v="161.715880" />
    <tag k="ele" v="0" />
  </node>
  <node id="19366" lat="42.99408263187" lon="-78.79625065956">
    <tag k="local_x" v="-306.302708" />
    <tag k="local_y" v="162.709957" />
    <tag k="ele" v="0" />
  </node>
  <node id="19367" lat="42.99409158005" lon="-78.79625078405">
    <tag k="local_x" v="-306.312816" />
    <tag k="local_y" v="163.704033" />
    <tag k="ele" v="0" />
  </node>
  <node id="19368" lat="42.99410052822" lon="-78.79625090821">
    <tag k="local_x" v="-306.322896" />
    <tag k="local_y" v="164.698110" />
    <tag k="ele" v="0" />
  </node>
  <node id="19369" lat="42.99410947639" lon="-78.79625103270">
    <tag k="local_x" v="-306.333004" />
    <tag k="local_y" v="165.692186" />
    <tag k="ele" v="0" />
  </node>
  <node id="19370" lat="42.99411842458" lon="-78.79625115593">
    <tag k="local_x" v="-306.343009" />
    <tag k="local_y" v="166.686264" />
    <tag k="ele" v="0" />
  </node>
  <node id="19371" lat="42.99412737283" lon="-78.79625126943">
    <tag k="local_x" v="-306.352220" />
    <tag k="local_y" v="167.680349" />
    <tag k="ele" v="0" />
  </node>
  <node id="19372" lat="42.99268617001" lon="-78.79637170274">
    <tag k="local_x" v="-316.180792" />
    <tag k="local_y" v="7.573816" />
    <tag k="ele" v="0" />
  </node>
  <node id="19373" lat="42.99269514070" lon="-78.79637182708">
    <tag k="local_x" v="-316.190886" />
    <tag k="local_y" v="8.570394" />
    <tag k="ele" v="0" />
  </node>
  <node id="19374" lat="42.99270411139" lon="-78.79637195178">
    <tag k="local_x" v="-316.201009" />
    <tag k="local_y" v="9.566972" />
    <tag k="ele" v="0" />
  </node>
  <node id="19375" lat="42.99271308208" lon="-78.79637207613">
    <tag k="local_x" v="-316.211104" />
    <tag k="local_y" v="10.563549" />
    <tag k="ele" v="0" />
  </node>
  <node id="19376" lat="42.99272205277" lon="-78.79637220081">
    <tag k="local_x" v="-316.221226" />
    <tag k="local_y" v="11.560127" />
    <tag k="ele" v="0" />
  </node>
  <node id="19377" lat="42.99273102346" lon="-78.79637232517">
    <tag k="local_x" v="-316.231321" />
    <tag k="local_y" v="12.556704" />
    <tag k="ele" v="0" />
  </node>
  <node id="19378" lat="42.99273999415" lon="-78.79637244984">
    <tag k="local_x" v="-316.241443" />
    <tag k="local_y" v="13.553282" />
    <tag k="ele" v="0" />
  </node>
  <node id="19379" lat="42.99274896484" lon="-78.79637257421">
    <tag k="local_x" v="-316.251539" />
    <tag k="local_y" v="14.549860" />
    <tag k="ele" v="0" />
  </node>
  <node id="19380" lat="42.99275793553" lon="-78.79637269888">
    <tag k="local_x" v="-316.261660" />
    <tag k="local_y" v="15.546437" />
    <tag k="ele" v="0" />
  </node>
  <node id="19381" lat="42.99276690622" lon="-78.79637282325">
    <tag k="local_x" v="-316.271756" />
    <tag k="local_y" v="16.543015" />
    <tag k="ele" v="0" />
  </node>
  <node id="19382" lat="42.99277587691" lon="-78.79637294791">
    <tag k="local_x" v="-316.281876" />
    <tag k="local_y" v="17.539592" />
    <tag k="ele" v="0" />
  </node>
  <node id="19383" lat="42.99278484760" lon="-78.79637307229">
    <tag k="local_x" v="-316.291974" />
    <tag k="local_y" v="18.536170" />
    <tag k="ele" v="0" />
  </node>
  <node id="19384" lat="42.99279381828" lon="-78.79637319694">
    <tag k="local_x" v="-316.302093" />
    <tag k="local_y" v="19.532748" />
    <tag k="ele" v="0" />
  </node>
  <node id="19385" lat="42.99280278897" lon="-78.79637332133">
    <tag k="local_x" v="-316.312191" />
    <tag k="local_y" v="20.529325" />
    <tag k="ele" v="0" />
  </node>
  <node id="19386" lat="42.99281175966" lon="-78.79637344598">
    <tag k="local_x" v="-316.322310" />
    <tag k="local_y" v="21.525903" />
    <tag k="ele" v="0" />
  </node>
  <node id="19387" lat="42.99282073035" lon="-78.79637357037">
    <tag k="local_x" v="-316.332409" />
    <tag k="local_y" v="22.522481" />
    <tag k="ele" v="0" />
  </node>
  <node id="19388" lat="42.99282970104" lon="-78.79637369501">
    <tag k="local_x" v="-316.342527" />
    <tag k="local_y" v="23.519058" />
    <tag k="ele" v="0" />
  </node>
  <node id="19389" lat="42.99283867173" lon="-78.79637381942">
    <tag k="local_x" v="-316.352626" />
    <tag k="local_y" v="24.515636" />
    <tag k="ele" v="0" />
  </node>
  <node id="19390" lat="42.99284764242" lon="-78.79637394405">
    <tag k="local_x" v="-316.362744" />
    <tag k="local_y" v="25.512213" />
    <tag k="ele" v="0" />
  </node>
  <node id="19391" lat="42.99285661311" lon="-78.79637406846">
    <tag k="local_x" v="-316.372844" />
    <tag k="local_y" v="26.508791" />
    <tag k="ele" v="0" />
  </node>
  <node id="19392" lat="42.99286558380" lon="-78.79637419308">
    <tag k="local_x" v="-316.382961" />
    <tag k="local_y" v="27.505368" />
    <tag k="ele" v="0" />
  </node>
  <node id="19393" lat="42.99287455449" lon="-78.79637431750">
    <tag k="local_x" v="-316.393061" />
    <tag k="local_y" v="28.501946" />
    <tag k="ele" v="0" />
  </node>
  <node id="19394" lat="42.99288352517" lon="-78.79637444212">
    <tag k="local_x" v="-316.403178" />
    <tag k="local_y" v="29.498524" />
    <tag k="ele" v="0" />
  </node>
  <node id="19395" lat="42.99289249586" lon="-78.79637456654">
    <tag k="local_x" v="-316.413278" />
    <tag k="local_y" v="30.495101" />
    <tag k="ele" v="0" />
  </node>
  <node id="19396" lat="42.99290146655" lon="-78.79637469115">
    <tag k="local_x" v="-316.423394" />
    <tag k="local_y" v="31.491679" />
    <tag k="ele" v="0" />
  </node>
  <node id="19397" lat="42.99291043724" lon="-78.79637481558">
    <tag k="local_x" v="-316.433496" />
    <tag k="local_y" v="32.488257" />
    <tag k="ele" v="0" />
  </node>
  <node id="19398" lat="42.99291940793" lon="-78.79637494019">
    <tag k="local_x" v="-316.443611" />
    <tag k="local_y" v="33.484834" />
    <tag k="ele" v="0" />
  </node>
  <node id="19399" lat="42.99292837862" lon="-78.79637506463">
    <tag k="local_x" v="-316.453713" />
    <tag k="local_y" v="34.481412" />
    <tag k="ele" v="0" />
  </node>
  <node id="19400" lat="42.99293734931" lon="-78.79637518922">
    <tag k="local_x" v="-316.463828" />
    <tag k="local_y" v="35.477989" />
    <tag k="ele" v="0" />
  </node>
  <node id="19401" lat="42.99294632000" lon="-78.79637531367">
    <tag k="local_x" v="-316.473931" />
    <tag k="local_y" v="36.474567" />
    <tag k="ele" v="0" />
  </node>
  <node id="19402" lat="42.99295529069" lon="-78.79637543828">
    <tag k="local_x" v="-316.484046" />
    <tag k="local_y" v="37.471145" />
    <tag k="ele" v="0" />
  </node>
  <node id="19403" lat="42.99296426138" lon="-78.79637556276">
    <tag k="local_x" v="-316.494152" />
    <tag k="local_y" v="38.467722" />
    <tag k="ele" v="0" />
  </node>
  <node id="19404" lat="42.99297323206" lon="-78.79637568734">
    <tag k="local_x" v="-316.504266" />
    <tag k="local_y" v="39.464300" />
    <tag k="ele" v="0" />
  </node>
  <node id="19405" lat="42.99298220275" lon="-78.79637581180">
    <tag k="local_x" v="-316.514369" />
    <tag k="local_y" v="40.460877" />
    <tag k="ele" v="0" />
  </node>
  <node id="19406" lat="42.99299117344" lon="-78.79637593638">
    <tag k="local_x" v="-316.524483" />
    <tag k="local_y" v="41.457455" />
    <tag k="ele" v="0" />
  </node>
  <node id="19407" lat="42.99300014413" lon="-78.79637606084">
    <tag k="local_x" v="-316.534587" />
    <tag k="local_y" v="42.454033" />
    <tag k="ele" v="0" />
  </node>
  <node id="19408" lat="42.99300911482" lon="-78.79637618542">
    <tag k="local_x" v="-316.544700" />
    <tag k="local_y" v="43.450610" />
    <tag k="ele" v="0" />
  </node>
  <node id="19409" lat="42.99301808551" lon="-78.79637630988">
    <tag k="local_x" v="-316.554804" />
    <tag k="local_y" v="44.447188" />
    <tag k="ele" v="0" />
  </node>
  <node id="19410" lat="42.99302705620" lon="-78.79637643445">
    <tag k="local_x" v="-316.564917" />
    <tag k="local_y" v="45.443765" />
    <tag k="ele" v="0" />
  </node>
  <node id="19411" lat="42.99303602689" lon="-78.79637655892">
    <tag k="local_x" v="-316.575021" />
    <tag k="local_y" v="46.440343" />
    <tag k="ele" v="0" />
  </node>
  <node id="19412" lat="42.99304499757" lon="-78.79637668349">
    <tag k="local_x" v="-316.585134" />
    <tag k="local_y" v="47.436921" />
    <tag k="ele" v="0" />
  </node>
  <node id="19413" lat="42.99305396826" lon="-78.79637680797">
    <tag k="local_x" v="-316.595239" />
    <tag k="local_y" v="48.433498" />
    <tag k="ele" v="0" />
  </node>
  <node id="19414" lat="42.99306293895" lon="-78.79637693253">
    <tag k="local_x" v="-316.605351" />
    <tag k="local_y" v="49.430076" />
    <tag k="ele" v="0" />
  </node>
  <node id="19415" lat="42.99307190964" lon="-78.79637705701">
    <tag k="local_x" v="-316.615456" />
    <tag k="local_y" v="50.426653" />
    <tag k="ele" v="0" />
  </node>
  <node id="19416" lat="42.99308088033" lon="-78.79637718157">
    <tag k="local_x" v="-316.625568" />
    <tag k="local_y" v="51.423231" />
    <tag k="ele" v="0" />
  </node>
  <node id="19417" lat="42.99308985102" lon="-78.79637730605">
    <tag k="local_x" v="-316.635673" />
    <tag k="local_y" v="52.419809" />
    <tag k="ele" v="0" />
  </node>
  <node id="19418" lat="42.99309882171" lon="-78.79637743061">
    <tag k="local_x" v="-316.645785" />
    <tag k="local_y" v="53.416386" />
    <tag k="ele" v="0" />
  </node>
  <node id="19419" lat="42.99310779239" lon="-78.79637755509">
    <tag k="local_x" v="-316.655891" />
    <tag k="local_y" v="54.412964" />
    <tag k="ele" v="0" />
  </node>
  <node id="19420" lat="42.99311676308" lon="-78.79637767964">
    <tag k="local_x" v="-316.666002" />
    <tag k="local_y" v="55.409541" />
    <tag k="ele" v="0" />
  </node>
  <node id="19421" lat="42.99312573377" lon="-78.79637780414">
    <tag k="local_x" v="-316.676108" />
    <tag k="local_y" v="56.406119" />
    <tag k="ele" v="0" />
  </node>
  <node id="19422" lat="42.99313470446" lon="-78.79637792868">
    <tag k="local_x" v="-316.686219" />
    <tag k="local_y" v="57.402697" />
    <tag k="ele" v="0" />
  </node>
  <node id="19423" lat="42.99314367515" lon="-78.79637805318">
    <tag k="local_x" v="-316.696325" />
    <tag k="local_y" v="58.399274" />
    <tag k="ele" v="0" />
  </node>
  <node id="19424" lat="42.99315264584" lon="-78.79637817772">
    <tag k="local_x" v="-316.706436" />
    <tag k="local_y" v="59.395852" />
    <tag k="ele" v="0" />
  </node>
  <node id="19425" lat="42.99316161653" lon="-78.79637830226">
    <tag k="local_x" v="-316.716546" />
    <tag k="local_y" v="60.392429" />
    <tag k="ele" v="0" />
  </node>
  <node id="19426" lat="42.99317058721" lon="-78.79637842693">
    <tag k="local_x" v="-316.726666" />
    <tag k="local_y" v="61.389007" />
    <tag k="ele" v="0" />
  </node>
  <node id="19427" lat="42.99317955790" lon="-78.79637855147">
    <tag k="local_x" v="-316.736776" />
    <tag k="local_y" v="62.385585" />
    <tag k="ele" v="0" />
  </node>
  <node id="19428" lat="42.99318852859" lon="-78.79637867597">
    <tag k="local_x" v="-316.746884" />
    <tag k="local_y" v="63.382162" />
    <tag k="ele" v="0" />
  </node>
  <node id="19429" lat="42.99319749928" lon="-78.79637880051">
    <tag k="local_x" v="-316.756994" />
    <tag k="local_y" v="64.378740" />
    <tag k="ele" v="0" />
  </node>
  <node id="19430" lat="42.99320646997" lon="-78.79637892501">
    <tag k="local_x" v="-316.767101" />
    <tag k="local_y" v="65.375317" />
    <tag k="ele" v="0" />
  </node>
  <node id="19431" lat="42.99321544065" lon="-78.79637904955">
    <tag k="local_x" v="-316.777211" />
    <tag k="local_y" v="66.371895" />
    <tag k="ele" v="0" />
  </node>
  <node id="19432" lat="42.99322441134" lon="-78.79637917405">
    <tag k="local_x" v="-316.787318" />
    <tag k="local_y" v="67.368473" />
    <tag k="ele" v="0" />
  </node>
  <node id="19433" lat="42.99323338203" lon="-78.79637929859">
    <tag k="local_x" v="-316.797428" />
    <tag k="local_y" v="68.365050" />
    <tag k="ele" v="0" />
  </node>
  <node id="19434" lat="42.99324235272" lon="-78.79637942310">
    <tag k="local_x" v="-316.807535" />
    <tag k="local_y" v="69.361628" />
    <tag k="ele" v="0" />
  </node>
  <node id="19435" lat="42.99325132341" lon="-78.79637954763">
    <tag k="local_x" v="-316.817645" />
    <tag k="local_y" v="70.358205" />
    <tag k="ele" v="0" />
  </node>
  <node id="19436" lat="42.99326029410" lon="-78.79637967220">
    <tag k="local_x" v="-316.827757" />
    <tag k="local_y" v="71.354783" />
    <tag k="ele" v="0" />
  </node>
  <node id="19437" lat="42.99326926478" lon="-78.79637979696">
    <tag k="local_x" v="-316.837885" />
    <tag k="local_y" v="72.351360" />
    <tag k="ele" v="0" />
  </node>
  <node id="19438" lat="42.99327823547" lon="-78.79637992192">
    <tag k="local_x" v="-316.848030" />
    <tag k="local_y" v="73.347938" />
    <tag k="ele" v="0" />
  </node>
  <node id="19439" lat="42.99328720615" lon="-78.79638004706">
    <tag k="local_x" v="-316.858189" />
    <tag k="local_y" v="74.344515" />
    <tag k="ele" v="0" />
  </node>
  <node id="19440" lat="42.99329617684" lon="-78.79638017219">
    <tag k="local_x" v="-316.868347" />
    <tag k="local_y" v="75.341092" />
    <tag k="ele" v="0" />
  </node>
  <node id="19441" lat="42.99330514752" lon="-78.79638029729">
    <tag k="local_x" v="-316.878503" />
    <tag k="local_y" v="76.337669" />
    <tag k="ele" v="0" />
  </node>
  <node id="19442" lat="42.99331411820" lon="-78.79638042240">
    <tag k="local_x" v="-316.888659" />
    <tag k="local_y" v="77.334246" />
    <tag k="ele" v="0" />
  </node>
  <node id="19443" lat="42.99332308889" lon="-78.79638054743">
    <tag k="local_x" v="-316.898810" />
    <tag k="local_y" v="78.330823" />
    <tag k="ele" v="0" />
  </node>
  <node id="19444" lat="42.99333205957" lon="-78.79638067225">
    <tag k="local_x" v="-316.908942" />
    <tag k="local_y" v="79.327401" />
    <tag k="ele" v="0" />
  </node>
  <node id="19445" lat="42.99334103026" lon="-78.79638079683">
    <tag k="local_x" v="-316.919056" />
    <tag k="local_y" v="80.323978" />
    <tag k="ele" v="0" />
  </node>
  <node id="19446" lat="42.99335000095" lon="-78.79638092133">
    <tag k="local_x" v="-316.929163" />
    <tag k="local_y" v="81.320556" />
    <tag k="ele" v="0" />
  </node>
  <node id="19447" lat="42.99335897164" lon="-78.79638104583">
    <tag k="local_x" v="-316.939270" />
    <tag k="local_y" v="82.317133" />
    <tag k="ele" v="0" />
  </node>
  <node id="19448" lat="42.99336794233" lon="-78.79638117027">
    <tag k="local_x" v="-316.949372" />
    <tag k="local_y" v="83.313711" />
    <tag k="ele" v="0" />
  </node>
  <node id="19449" lat="42.99337691302" lon="-78.79638129468">
    <tag k="local_x" v="-316.959471" />
    <tag k="local_y" v="84.310289" />
    <tag k="ele" v="0" />
  </node>
  <node id="19450" lat="42.99338588370" lon="-78.79638141917">
    <tag k="local_x" v="-316.969577" />
    <tag k="local_y" v="85.306866" />
    <tag k="ele" v="0" />
  </node>
  <node id="19451" lat="42.99339485439" lon="-78.79638154369">
    <tag k="local_x" v="-316.979686" />
    <tag k="local_y" v="86.303444" />
    <tag k="ele" v="0" />
  </node>
  <node id="19452" lat="42.99340382508" lon="-78.79638166822">
    <tag k="local_x" v="-316.989795" />
    <tag k="local_y" v="87.300022" />
    <tag k="ele" v="0" />
  </node>
  <node id="19453" lat="42.99341279577" lon="-78.79638179274">
    <tag k="local_x" v="-316.999903" />
    <tag k="local_y" v="88.296599" />
    <tag k="ele" v="0" />
  </node>
  <node id="19454" lat="42.99342176646" lon="-78.79638191736">
    <tag k="local_x" v="-317.010020" />
    <tag k="local_y" v="89.293177" />
    <tag k="ele" v="0" />
  </node>
  <node id="19455" lat="42.99343073714" lon="-78.79638204197">
    <tag k="local_x" v="-317.020136" />
    <tag k="local_y" v="90.289754" />
    <tag k="ele" v="0" />
  </node>
  <node id="19456" lat="42.99343970783" lon="-78.79638216649">
    <tag k="local_x" v="-317.030244" />
    <tag k="local_y" v="91.286332" />
    <tag k="ele" v="0" />
  </node>
  <node id="19457" lat="42.99344867852" lon="-78.79638229101">
    <tag k="local_x" v="-317.040353" />
    <tag k="local_y" v="92.282910" />
    <tag k="ele" v="0" />
  </node>
  <node id="19458" lat="42.99345764921" lon="-78.79638241554">
    <tag k="local_x" v="-317.050462" />
    <tag k="local_y" v="93.279487" />
    <tag k="ele" v="0" />
  </node>
  <node id="19459" lat="42.99346661990" lon="-78.79638254005">
    <tag k="local_x" v="-317.060570" />
    <tag k="local_y" v="94.276065" />
    <tag k="ele" v="0" />
  </node>
  <node id="19460" lat="42.99347559058" lon="-78.79638266458">
    <tag k="local_x" v="-317.070679" />
    <tag k="local_y" v="95.272642" />
    <tag k="ele" v="0" />
  </node>
  <node id="19461" lat="42.99348456127" lon="-78.79638278921">
    <tag k="local_x" v="-317.080796" />
    <tag k="local_y" v="96.269220" />
    <tag k="ele" v="0" />
  </node>
  <node id="19462" lat="42.99349353196" lon="-78.79638291381">
    <tag k="local_x" v="-317.090911" />
    <tag k="local_y" v="97.265797" />
    <tag k="ele" v="0" />
  </node>
  <node id="19463" lat="42.99350250265" lon="-78.79638303833">
    <tag k="local_x" v="-317.101020" />
    <tag k="local_y" v="98.262375" />
    <tag k="ele" v="0" />
  </node>
  <node id="19464" lat="42.99351147333" lon="-78.79638316285">
    <tag k="local_x" v="-317.111128" />
    <tag k="local_y" v="99.258953" />
    <tag k="ele" v="0" />
  </node>
  <node id="19465" lat="42.99352044402" lon="-78.79638328738">
    <tag k="local_x" v="-317.121237" />
    <tag k="local_y" v="100.255530" />
    <tag k="ele" v="0" />
  </node>
  <node id="19466" lat="42.99352941471" lon="-78.79638341189">
    <tag k="local_x" v="-317.131345" />
    <tag k="local_y" v="101.252108" />
    <tag k="ele" v="0" />
  </node>
  <node id="19467" lat="42.99353838540" lon="-78.79638353642">
    <tag k="local_x" v="-317.141454" />
    <tag k="local_y" v="102.248685" />
    <tag k="ele" v="0" />
  </node>
  <node id="19468" lat="42.99354735609" lon="-78.79638366107">
    <tag k="local_x" v="-317.151573" />
    <tag k="local_y" v="103.245263" />
    <tag k="ele" v="0" />
  </node>
  <node id="19469" lat="42.99355632677" lon="-78.79638378564">
    <tag k="local_x" v="-317.161686" />
    <tag k="local_y" v="104.241841" />
    <tag k="ele" v="0" />
  </node>
  <node id="19470" lat="42.99356529746" lon="-78.79638391017">
    <tag k="local_x" v="-317.171795" />
    <tag k="local_y" v="105.238418" />
    <tag k="ele" v="0" />
  </node>
  <node id="19471" lat="42.99357426815" lon="-78.79638403469">
    <tag k="local_x" v="-317.181903" />
    <tag k="local_y" v="106.234996" />
    <tag k="ele" v="0" />
  </node>
  <node id="19472" lat="42.99358323884" lon="-78.79638415922">
    <tag k="local_x" v="-317.192012" />
    <tag k="local_y" v="107.231573" />
    <tag k="ele" v="0" />
  </node>
  <node id="19473" lat="42.99359220952" lon="-78.79638428373">
    <tag k="local_x" v="-317.202120" />
    <tag k="local_y" v="108.228151" />
    <tag k="ele" v="0" />
  </node>
  <node id="19474" lat="42.99360118021" lon="-78.79638440826">
    <tag k="local_x" v="-317.212230" />
    <tag k="local_y" v="109.224729" />
    <tag k="ele" v="0" />
  </node>
  <node id="19475" lat="42.99361015090" lon="-78.79638453277">
    <tag k="local_x" v="-317.222337" />
    <tag k="local_y" v="110.221306" />
    <tag k="ele" v="0" />
  </node>
  <node id="19476" lat="42.99361912159" lon="-78.79638465731">
    <tag k="local_x" v="-317.232447" />
    <tag k="local_y" v="111.217884" />
    <tag k="ele" v="0" />
  </node>
  <node id="19477" lat="42.99362809227" lon="-78.79638478197">
    <tag k="local_x" v="-317.242567" />
    <tag k="local_y" v="112.214461" />
    <tag k="ele" v="0" />
  </node>
  <node id="19478" lat="42.99363706296" lon="-78.79638490652">
    <tag k="local_x" v="-317.252678" />
    <tag k="local_y" v="113.211039" />
    <tag k="ele" v="0" />
  </node>
  <node id="19479" lat="42.99364603365" lon="-78.79638503107">
    <tag k="local_x" v="-317.262788" />
    <tag k="local_y" v="114.207616" />
    <tag k="ele" v="0" />
  </node>
  <node id="19480" lat="42.99365500434" lon="-78.79638515557">
    <tag k="local_x" v="-317.272895" />
    <tag k="local_y" v="115.204194" />
    <tag k="ele" v="0" />
  </node>
  <node id="19481" lat="42.99366397502" lon="-78.79638528014">
    <tag k="local_x" v="-317.283007" />
    <tag k="local_y" v="116.200772" />
    <tag k="ele" v="0" />
  </node>
  <node id="19482" lat="42.99367294571" lon="-78.79638540465">
    <tag k="local_x" v="-317.293116" />
    <tag k="local_y" v="117.197349" />
    <tag k="ele" v="0" />
  </node>
  <node id="19483" lat="42.99368191640" lon="-78.79638552921">
    <tag k="local_x" v="-317.303227" />
    <tag k="local_y" v="118.193927" />
    <tag k="ele" v="0" />
  </node>
  <node id="19484" lat="42.99369088709" lon="-78.79638565370">
    <tag k="local_x" v="-317.313333" />
    <tag k="local_y" v="119.190504" />
    <tag k="ele" v="0" />
  </node>
  <node id="19485" lat="42.99369985778" lon="-78.79638577826">
    <tag k="local_x" v="-317.323444" />
    <tag k="local_y" v="120.187082" />
    <tag k="ele" v="0" />
  </node>
  <node id="19486" lat="42.99370882846" lon="-78.79638590293">
    <tag k="local_x" v="-317.333565" />
    <tag k="local_y" v="121.183659" />
    <tag k="ele" v="0" />
  </node>
  <node id="19487" lat="42.99371779915" lon="-78.79638602746">
    <tag k="local_x" v="-317.343674" />
    <tag k="local_y" v="122.180237" />
    <tag k="ele" v="0" />
  </node>
  <node id="19488" lat="42.99372676984" lon="-78.79638615201">
    <tag k="local_x" v="-317.353785" />
    <tag k="local_y" v="123.176815" />
    <tag k="ele" v="0" />
  </node>
  <node id="19489" lat="42.99373574052" lon="-78.79638627650">
    <tag k="local_x" v="-317.363891" />
    <tag k="local_y" v="124.173392" />
    <tag k="ele" v="0" />
  </node>
  <node id="19490" lat="42.99374471121" lon="-78.79638640106">
    <tag k="local_x" v="-317.374003" />
    <tag k="local_y" v="125.169970" />
    <tag k="ele" v="0" />
  </node>
  <node id="19491" lat="42.99375368190" lon="-78.79638652554">
    <tag k="local_x" v="-317.384108" />
    <tag k="local_y" v="126.166548" />
    <tag k="ele" v="0" />
  </node>
  <node id="19492" lat="42.99376265259" lon="-78.79638665011">
    <tag k="local_x" v="-317.394220" />
    <tag k="local_y" v="127.163125" />
    <tag k="ele" v="0" />
  </node>
  <node id="19493" lat="42.99377162328" lon="-78.79638677459">
    <tag k="local_x" v="-317.404325" />
    <tag k="local_y" v="128.159703" />
    <tag k="ele" v="0" />
  </node>
  <node id="19494" lat="42.99378059396" lon="-78.79638689916">
    <tag k="local_x" v="-317.414437" />
    <tag k="local_y" v="129.156280" />
    <tag k="ele" v="0" />
  </node>
  <node id="19495" lat="42.99378956465" lon="-78.79638702385">
    <tag k="local_x" v="-317.424559" />
    <tag k="local_y" v="130.152858" />
    <tag k="ele" v="0" />
  </node>
  <node id="19496" lat="42.99379853534" lon="-78.79638714834">
    <tag k="local_x" v="-317.434665" />
    <tag k="local_y" v="131.149435" />
    <tag k="ele" v="0" />
  </node>
  <node id="19497" lat="42.99380750602" lon="-78.79638727292">
    <tag k="local_x" v="-317.444779" />
    <tag k="local_y" v="132.146013" />
    <tag k="ele" v="0" />
  </node>
  <node id="19498" lat="42.99381647671" lon="-78.79638739738">
    <tag k="local_x" v="-317.454882" />
    <tag k="local_y" v="133.142591" />
    <tag k="ele" v="0" />
  </node>
  <node id="19499" lat="42.99382544740" lon="-78.79638752197">
    <tag k="local_x" v="-317.464996" />
    <tag k="local_y" v="134.139168" />
    <tag k="ele" v="0" />
  </node>
  <node id="19500" lat="42.99383441809" lon="-78.79638764642">
    <tag k="local_x" v="-317.475099" />
    <tag k="local_y" v="135.135746" />
    <tag k="ele" v="0" />
  </node>
  <node id="19501" lat="42.99384338877" lon="-78.79638777101">
    <tag k="local_x" v="-317.485213" />
    <tag k="local_y" v="136.132323" />
    <tag k="ele" v="0" />
  </node>
  <node id="19502" lat="42.99385235946" lon="-78.79638789571">
    <tag k="local_x" v="-317.495336" />
    <tag k="local_y" v="137.128901" />
    <tag k="ele" v="0" />
  </node>
  <node id="19503" lat="42.99386133015" lon="-78.79638802018">
    <tag k="local_x" v="-317.505440" />
    <tag k="local_y" v="138.125479" />
    <tag k="ele" v="0" />
  </node>
  <node id="19504" lat="42.99387030083" lon="-78.79638814477">
    <tag k="local_x" v="-317.515555" />
    <tag k="local_y" v="139.122056" />
    <tag k="ele" v="0" />
  </node>
  <node id="19505" lat="42.99387927152" lon="-78.79638826922">
    <tag k="local_x" v="-317.525657" />
    <tag k="local_y" v="140.118634" />
    <tag k="ele" v="0" />
  </node>
  <node id="19506" lat="42.99388824221" lon="-78.79638839382">
    <tag k="local_x" v="-317.535772" />
    <tag k="local_y" v="141.115211" />
    <tag k="ele" v="0" />
  </node>
  <node id="19507" lat="42.99389721290" lon="-78.79638851826">
    <tag k="local_x" v="-317.545874" />
    <tag k="local_y" v="142.111789" />
    <tag k="ele" v="0" />
  </node>
  <node id="19508" lat="42.99390618358" lon="-78.79638864287">
    <tag k="local_x" v="-317.555989" />
    <tag k="local_y" v="143.108366" />
    <tag k="ele" v="0" />
  </node>
  <node id="19509" lat="42.99391515427" lon="-78.79638876731">
    <tag k="local_x" v="-317.566090" />
    <tag k="local_y" v="144.104944" />
    <tag k="ele" v="0" />
  </node>
  <node id="19510" lat="42.99392412496" lon="-78.79638889192">
    <tag k="local_x" v="-317.576207" />
    <tag k="local_y" v="145.101522" />
    <tag k="ele" v="0" />
  </node>
  <node id="19511" lat="42.99393309564" lon="-78.79638901663">
    <tag k="local_x" v="-317.586330" />
    <tag k="local_y" v="146.098099" />
    <tag k="ele" v="0" />
  </node>
  <node id="19512" lat="42.99394206633" lon="-78.79638914106">
    <tag k="local_x" v="-317.596431" />
    <tag k="local_y" v="147.094677" />
    <tag k="ele" v="0" />
  </node>
  <node id="19513" lat="42.99395103702" lon="-78.79638926568">
    <tag k="local_x" v="-317.606548" />
    <tag k="local_y" v="148.091254" />
    <tag k="ele" v="0" />
  </node>
  <node id="19514" lat="42.99396000771" lon="-78.79638939010">
    <tag k="local_x" v="-317.616648" />
    <tag k="local_y" v="149.087832" />
    <tag k="ele" v="0" />
  </node>
  <node id="19515" lat="42.99396897839" lon="-78.79638951474">
    <tag k="local_x" v="-317.626765" />
    <tag k="local_y" v="150.084410" />
    <tag k="ele" v="0" />
  </node>
  <node id="19516" lat="42.99397794908" lon="-78.79638963915">
    <tag k="local_x" v="-317.636865" />
    <tag k="local_y" v="151.080987" />
    <tag k="ele" v="0" />
  </node>
  <node id="19517" lat="42.99398691977" lon="-78.79638976379">
    <tag k="local_x" v="-317.646983" />
    <tag k="local_y" v="152.077565" />
    <tag k="ele" v="0" />
  </node>
  <node id="19518" lat="42.99399589045" lon="-78.79638988850">
    <tag k="local_x" v="-317.657107" />
    <tag k="local_y" v="153.074142" />
    <tag k="ele" v="0" />
  </node>
  <node id="19519" lat="42.99400486114" lon="-78.79639001290">
    <tag k="local_x" v="-317.667205" />
    <tag k="local_y" v="154.070720" />
    <tag k="ele" v="0" />
  </node>
  <node id="19520" lat="42.99401383183" lon="-78.79639013755">
    <tag k="local_x" v="-317.677324" />
    <tag k="local_y" v="155.067297" />
    <tag k="ele" v="0" />
  </node>
  <node id="19521" lat="42.99402280252" lon="-78.79639026194">
    <tag k="local_x" v="-317.687422" />
    <tag k="local_y" v="156.063875" />
    <tag k="ele" v="0" />
  </node>
  <node id="19522" lat="42.99403177320" lon="-78.79639038660">
    <tag k="local_x" v="-317.697542" />
    <tag k="local_y" v="157.060453" />
    <tag k="ele" v="0" />
  </node>
  <node id="19523" lat="42.99404074389" lon="-78.79639051099">
    <tag k="local_x" v="-317.707639" />
    <tag k="local_y" v="158.057030" />
    <tag k="ele" v="0" />
  </node>
  <node id="19524" lat="42.99404971458" lon="-78.79639063565">
    <tag k="local_x" v="-317.717759" />
    <tag k="local_y" v="159.053608" />
    <tag k="ele" v="0" />
  </node>
  <node id="19525" lat="42.99405868526" lon="-78.79639076008">
    <tag k="local_x" v="-317.727859" />
    <tag k="local_y" v="160.050186" />
    <tag k="ele" v="0" />
  </node>
  <node id="19526" lat="42.99406765595" lon="-78.79639088476">
    <tag k="local_x" v="-317.737981" />
    <tag k="local_y" v="161.046763" />
    <tag k="ele" v="0" />
  </node>
  <node id="19527" lat="42.99407662664" lon="-78.79639100913">
    <tag k="local_x" v="-317.748077" />
    <tag k="local_y" v="162.043341" />
    <tag k="ele" v="0" />
  </node>
  <node id="19528" lat="42.99408559732" lon="-78.79639113381">
    <tag k="local_x" v="-317.758198" />
    <tag k="local_y" v="163.039918" />
    <tag k="ele" v="0" />
  </node>
  <node id="19529" lat="42.99409456801" lon="-78.79639125852">
    <tag k="local_x" v="-317.768322" />
    <tag k="local_y" v="164.036496" />
    <tag k="ele" v="0" />
  </node>
  <node id="19530" lat="42.99410353870" lon="-78.79639138288">
    <tag k="local_x" v="-317.778417" />
    <tag k="local_y" v="165.033073" />
    <tag k="ele" v="0" />
  </node>
  <node id="19531" lat="42.99411250938" lon="-78.79639150757">
    <tag k="local_x" v="-317.788540" />
    <tag k="local_y" v="166.029651" />
    <tag k="ele" v="0" />
  </node>
  <node id="19532" lat="42.99412148007" lon="-78.79639163171">
    <tag k="local_x" v="-317.798617" />
    <tag k="local_y" v="167.026229" />
    <tag k="ele" v="0" />
  </node>
  <node id="19533" lat="42.99413045083" lon="-78.79639174649">
    <tag k="local_x" v="-317.807931" />
    <tag k="local_y" v="168.022814" />
    <tag k="ele" v="0" />
  </node>
  <node id="19534" lat="42.99260778092" lon="-78.79483374328">
    <tag k="local_x" v="-190.759459" />
    <tag k="local_y" v="-1.139271" />
    <tag k="ele" v="0" />
  </node>
  <node id="19535" lat="42.99260861132" lon="-78.79484540231">
    <tag k="local_x" v="-191.710259" />
    <tag k="local_y" v="-1.046993" />
    <tag k="ele" v="0" />
  </node>
  <node id="19536" lat="42.99260994074" lon="-78.79485698114">
    <tag k="local_x" v="-192.654517" />
    <tag k="local_y" v="-0.899278" />
    <tag k="ele" v="0" />
  </node>
  <node id="19537" lat="42.99261195827" lon="-78.79486838182">
    <tag k="local_x" v="-193.584244" />
    <tag k="local_y" v="-0.675119" />
    <tag k="ele" v="0" />
  </node>
  <node id="19538" lat="42.99261463592" lon="-78.79487951798">
    <tag k="local_x" v="-194.492397" />
    <tag k="local_y" v="-0.377627" />
    <tag k="ele" v="0" />
  </node>
  <node id="19539" lat="42.99261786637" lon="-78.79489037193">
    <tag k="local_x" v="-195.377535" />
    <tag k="local_y" v="-0.018722" />
    <tag k="ele" v="0" />
  </node>
  <node id="19540" lat="42.99262167708" lon="-78.79490087579">
    <tag k="local_x" v="-196.234120" />
    <tag k="local_y" v="0.404644" />
    <tag k="ele" v="0" />
  </node>
  <node id="19541" lat="42.99262612393" lon="-78.79491091735">
    <tag k="local_x" v="-197.053003" />
    <tag k="local_y" v="0.898680" />
    <tag k="ele" v="0" />
  </node>
  <node id="19542" lat="42.99263132827" lon="-78.79492025570">
    <tag k="local_x" v="-197.814535" />
    <tag k="local_y" v="1.476865" />
    <tag k="ele" v="0" />
  </node>
  <node id="19543" lat="42.99263713962" lon="-78.79492888741">
    <tag k="local_x" v="-198.518438" />
    <tag k="local_y" v="2.122484" />
    <tag k="ele" v="0" />
  </node>
  <node id="19544" lat="42.99264356074" lon="-78.79493666488">
    <tag k="local_x" v="-199.152676" />
    <tag k="local_y" v="2.835840" />
    <tag k="ele" v="0" />
  </node>
  <node id="19545" lat="42.99265057554" lon="-78.79494341767">
    <tag k="local_x" v="-199.703348" />
    <tag k="local_y" v="3.615149" />
    <tag k="ele" v="0" />
  </node>
  <node id="19546" lat="42.99265814003" lon="-78.79494896039">
    <tag k="local_x" v="-200.155336" />
    <tag k="local_y" v="4.455521" />
    <tag k="ele" v="0" />
  </node>
  <node id="19547" lat="42.99266617348" lon="-78.79495311081">
    <tag k="local_x" v="-200.493779" />
    <tag k="local_y" v="5.347988" />
    <tag k="ele" v="0" />
  </node>
  <node id="19548" lat="42.99267455524" lon="-78.79495571952">
    <tag k="local_x" v="-200.706494" />
    <tag k="local_y" v="6.279146" />
    <tag k="ele" v="0" />
  </node>
  <node id="19549" lat="42.99265787469" lon="-78.79483660869">
    <tag k="local_x" v="-190.992980" />
    <tag k="local_y" v="4.425782" />
    <tag k="ele" v="0" />
  </node>
  <node id="19550" lat="42.99266164640" lon="-78.79484688228">
    <tag k="local_x" v="-191.830786" />
    <tag k="local_y" v="4.844815" />
    <tag k="ele" v="0" />
  </node>
  <node id="19551" lat="42.99266758420" lon="-78.79485505007">
    <tag k="local_x" v="-192.496856" />
    <tag k="local_y" v="5.504479" />
    <tag k="ele" v="0" />
  </node>
  <node id="19552" lat="42.99267508879" lon="-78.79486028771">
    <tag k="local_x" v="-192.923966" />
    <tag k="local_y" v="6.338196" />
    <tag k="ele" v="0" />
  </node>
  <node id="19553" lat="42.99255703372" lon="-78.79512452259">
    <tag k="local_x" v="-214.472903" />
    <tag k="local_y" v="-6.776208" />
    <tag k="ele" v="0" />
  </node>
  <node id="19554" lat="42.99255698543" lon="-78.79513671645">
    <tag k="local_x" v="-215.467323" />
    <tag k="local_y" v="-6.781541" />
    <tag k="ele" v="0" />
  </node>
  <node id="19555" lat="42.99255693714" lon="-78.79514891032">
    <tag k="local_x" v="-216.461743" />
    <tag k="local_y" v="-6.786874" />
    <tag k="ele" v="0" />
  </node>
  <node id="19556" lat="42.99255688885" lon="-78.79516110419">
    <tag k="local_x" v="-217.456163" />
    <tag k="local_y" v="-6.792207" />
    <tag k="ele" v="0" />
  </node>
  <node id="19557" lat="42.99255684056" lon="-78.79517329806">
    <tag k="local_x" v="-218.450583" />
    <tag k="local_y" v="-6.797541" />
    <tag k="ele" v="0" />
  </node>
  <node id="19558" lat="42.99255679227" lon="-78.79518549192">
    <tag k="local_x" v="-219.445003" />
    <tag k="local_y" v="-6.802874" />
    <tag k="ele" v="0" />
  </node>
  <node id="19559" lat="42.99255674397" lon="-78.79519768579">
    <tag k="local_x" v="-220.439423" />
    <tag k="local_y" v="-6.808207" />
    <tag k="ele" v="0" />
  </node>
  <node id="19560" lat="42.99255668182" lon="-78.79520987954">
    <tag k="local_x" v="-221.433833" />
    <tag k="local_y" v="-6.815079" />
    <tag k="ele" v="0" />
  </node>
  <node id="19561" lat="42.99255663101" lon="-78.79522207339">
    <tag k="local_x" v="-222.428251" />
    <tag k="local_y" v="-6.820692" />
    <tag k="ele" v="0" />
  </node>
  <node id="19562" lat="42.99255658019" lon="-78.79523426724">
    <tag k="local_x" v="-223.422670" />
    <tag k="local_y" v="-6.826306" />
    <tag k="ele" v="0" />
  </node>
  <node id="19563" lat="42.99255652937" lon="-78.79524646108">
    <tag k="local_x" v="-224.417088" />
    <tag k="local_y" v="-6.831919" />
    <tag k="ele" v="0" />
  </node>
  <node id="19564" lat="42.99255647855" lon="-78.79525865493">
    <tag k="local_x" v="-225.411506" />
    <tag k="local_y" v="-6.837532" />
    <tag k="ele" v="0" />
  </node>
  <node id="19565" lat="42.99255642773" lon="-78.79527084878">
    <tag k="local_x" v="-226.405925" />
    <tag k="local_y" v="-6.843145" />
    <tag k="ele" v="0" />
  </node>
  <node id="19566" lat="42.99255637690" lon="-78.79528304263">
    <tag k="local_x" v="-227.400343" />
    <tag k="local_y" v="-6.848758" />
    <tag k="ele" v="0" />
  </node>
  <node id="19567" lat="42.99255632608" lon="-78.79529523647">
    <tag k="local_x" v="-228.394762" />
    <tag k="local_y" v="-6.854371" />
    <tag k="ele" v="0" />
  </node>
  <node id="19568" lat="42.99255627525" lon="-78.79530743032">
    <tag k="local_x" v="-229.389180" />
    <tag k="local_y" v="-6.859984" />
    <tag k="ele" v="0" />
  </node>
  <node id="19569" lat="42.99255622443" lon="-78.79531962417">
    <tag k="local_x" v="-230.383598" />
    <tag k="local_y" v="-6.865597" />
    <tag k="ele" v="0" />
  </node>
  <node id="19570" lat="42.99255617360" lon="-78.79533181802">
    <tag k="local_x" v="-231.378017" />
    <tag k="local_y" v="-6.871211" />
    <tag k="ele" v="0" />
  </node>
  <node id="19571" lat="42.99255612277" lon="-78.79534401187">
    <tag k="local_x" v="-232.372435" />
    <tag k="local_y" v="-6.876824" />
    <tag k="ele" v="0" />
  </node>
  <node id="19572" lat="42.99255607194" lon="-78.79535620571">
    <tag k="local_x" v="-233.366853" />
    <tag k="local_y" v="-6.882437" />
    <tag k="ele" v="0" />
  </node>
  <node id="19573" lat="42.99255602110" lon="-78.79536839956">
    <tag k="local_x" v="-234.361272" />
    <tag k="local_y" v="-6.888050" />
    <tag k="ele" v="0" />
  </node>
  <node id="19574" lat="42.99255597027" lon="-78.79538059341">
    <tag k="local_x" v="-235.355690" />
    <tag k="local_y" v="-6.893663" />
    <tag k="ele" v="0" />
  </node>
  <node id="19575" lat="42.99255591944" lon="-78.79539278726">
    <tag k="local_x" v="-236.350108" />
    <tag k="local_y" v="-6.899277" />
    <tag k="ele" v="0" />
  </node>
  <node id="19576" lat="42.99255586860" lon="-78.79540498110">
    <tag k="local_x" v="-237.344527" />
    <tag k="local_y" v="-6.904890" />
    <tag k="ele" v="0" />
  </node>
  <node id="19577" lat="42.99255581776" lon="-78.79541717495">
    <tag k="local_x" v="-238.338945" />
    <tag k="local_y" v="-6.910503" />
    <tag k="ele" v="0" />
  </node>
  <node id="19578" lat="42.99255576693" lon="-78.79542936880">
    <tag k="local_x" v="-239.333363" />
    <tag k="local_y" v="-6.916116" />
    <tag k="ele" v="0" />
  </node>
  <node id="19579" lat="42.99255571609" lon="-78.79544156265">
    <tag k="local_x" v="-240.327782" />
    <tag k="local_y" v="-6.921729" />
    <tag k="ele" v="0" />
  </node>
  <node id="19580" lat="42.99255566524" lon="-78.79545375649">
    <tag k="local_x" v="-241.322200" />
    <tag k="local_y" v="-6.927342" />
    <tag k="ele" v="0" />
  </node>
  <node id="19581" lat="42.99255561440" lon="-78.79546595034">
    <tag k="local_x" v="-242.316618" />
    <tag k="local_y" v="-6.932955" />
    <tag k="ele" v="0" />
  </node>
  <node id="19582" lat="42.99255556356" lon="-78.79547814419">
    <tag k="local_x" v="-243.311037" />
    <tag k="local_y" v="-6.938569" />
    <tag k="ele" v="0" />
  </node>
  <node id="19583" lat="42.99255551271" lon="-78.79549033804">
    <tag k="local_x" v="-244.305455" />
    <tag k="local_y" v="-6.944182" />
    <tag k="ele" v="0" />
  </node>
  <node id="19584" lat="42.99255546187" lon="-78.79550253188">
    <tag k="local_x" v="-245.299874" />
    <tag k="local_y" v="-6.949795" />
    <tag k="ele" v="0" />
  </node>
  <node id="19585" lat="42.99255541102" lon="-78.79551472573">
    <tag k="local_x" v="-246.294292" />
    <tag k="local_y" v="-6.955408" />
    <tag k="ele" v="0" />
  </node>
  <node id="19586" lat="42.99255536639" lon="-78.79552691962">
    <tag k="local_x" v="-247.288714" />
    <tag k="local_y" v="-6.960330" />
    <tag k="ele" v="0" />
  </node>
  <node id="19587" lat="42.99255531589" lon="-78.79553911347">
    <tag k="local_x" v="-248.283132" />
    <tag k="local_y" v="-6.965905" />
    <tag k="ele" v="0" />
  </node>
  <node id="19588" lat="42.99255526539" lon="-78.79555130732">
    <tag k="local_x" v="-249.277551" />
    <tag k="local_y" v="-6.971479" />
    <tag k="ele" v="0" />
  </node>
  <node id="19589" lat="42.99255521488" lon="-78.79556350117">
    <tag k="local_x" v="-250.271970" />
    <tag k="local_y" v="-6.977053" />
    <tag k="ele" v="0" />
  </node>
  <node id="19590" lat="42.99255516438" lon="-78.79557569502">
    <tag k="local_x" v="-251.266388" />
    <tag k="local_y" v="-6.982627" />
    <tag k="ele" v="0" />
  </node>
  <node id="19591" lat="42.99255511387" lon="-78.79558788887">
    <tag k="local_x" v="-252.260807" />
    <tag k="local_y" v="-6.988201" />
    <tag k="ele" v="0" />
  </node>
  <node id="19592" lat="42.99255506337" lon="-78.79560008272">
    <tag k="local_x" v="-253.255225" />
    <tag k="local_y" v="-6.993776" />
    <tag k="ele" v="0" />
  </node>
  <node id="19593" lat="42.99255501286" lon="-78.79561227657">
    <tag k="local_x" v="-254.249644" />
    <tag k="local_y" v="-6.999350" />
    <tag k="ele" v="0" />
  </node>
  <node id="19594" lat="42.99255496235" lon="-78.79562447042">
    <tag k="local_x" v="-255.244062" />
    <tag k="local_y" v="-7.004924" />
    <tag k="ele" v="0" />
  </node>
  <node id="19595" lat="42.99255491184" lon="-78.79563666427">
    <tag k="local_x" v="-256.238481" />
    <tag k="local_y" v="-7.010498" />
    <tag k="ele" v="0" />
  </node>
  <node id="19596" lat="42.99255486132" lon="-78.79564885812">
    <tag k="local_x" v="-257.232900" />
    <tag k="local_y" v="-7.016073" />
    <tag k="ele" v="0" />
  </node>
  <node id="19597" lat="42.99255481081" lon="-78.79566105197">
    <tag k="local_x" v="-258.227318" />
    <tag k="local_y" v="-7.021647" />
    <tag k="ele" v="0" />
  </node>
  <node id="19598" lat="42.99255476030" lon="-78.79567324582">
    <tag k="local_x" v="-259.221737" />
    <tag k="local_y" v="-7.027221" />
    <tag k="ele" v="0" />
  </node>
  <node id="19599" lat="42.99255470978" lon="-78.79568543967">
    <tag k="local_x" v="-260.216155" />
    <tag k="local_y" v="-7.032795" />
    <tag k="ele" v="0" />
  </node>
  <node id="19600" lat="42.99255465927" lon="-78.79569763352">
    <tag k="local_x" v="-261.210574" />
    <tag k="local_y" v="-7.038369" />
    <tag k="ele" v="0" />
  </node>
  <node id="19601" lat="42.99255460875" lon="-78.79570982737">
    <tag k="local_x" v="-262.204992" />
    <tag k="local_y" v="-7.043944" />
    <tag k="ele" v="0" />
  </node>
  <node id="19602" lat="42.99255455823" lon="-78.79572202122">
    <tag k="local_x" v="-263.199411" />
    <tag k="local_y" v="-7.049518" />
    <tag k="ele" v="0" />
  </node>
  <node id="19603" lat="42.99255450771" lon="-78.79573421507">
    <tag k="local_x" v="-264.193830" />
    <tag k="local_y" v="-7.055092" />
    <tag k="ele" v="0" />
  </node>
  <node id="19604" lat="42.99255445719" lon="-78.79574640892">
    <tag k="local_x" v="-265.188248" />
    <tag k="local_y" v="-7.060667" />
    <tag k="ele" v="0" />
  </node>
  <node id="19605" lat="42.99255440666" lon="-78.79575860277">
    <tag k="local_x" v="-266.182667" />
    <tag k="local_y" v="-7.066241" />
    <tag k="ele" v="0" />
  </node>
  <node id="19606" lat="42.99255435614" lon="-78.79577079662">
    <tag k="local_x" v="-267.177085" />
    <tag k="local_y" v="-7.071814" />
    <tag k="ele" v="0" />
  </node>
  <node id="19607" lat="42.99255430561" lon="-78.79578299047">
    <tag k="local_x" v="-268.171504" />
    <tag k="local_y" v="-7.077389" />
    <tag k="ele" v="0" />
  </node>
  <node id="19608" lat="42.99255425509" lon="-78.79579518432">
    <tag k="local_x" v="-269.165922" />
    <tag k="local_y" v="-7.082963" />
    <tag k="ele" v="0" />
  </node>
  <node id="19609" lat="42.99255420456" lon="-78.79580737817">
    <tag k="local_x" v="-270.160341" />
    <tag k="local_y" v="-7.088537" />
    <tag k="ele" v="0" />
  </node>
  <node id="19610" lat="42.99255415403" lon="-78.79581957202">
    <tag k="local_x" v="-271.154760" />
    <tag k="local_y" v="-7.094112" />
    <tag k="ele" v="0" />
  </node>
  <node id="19611" lat="42.99255410350" lon="-78.79583176587">
    <tag k="local_x" v="-272.149178" />
    <tag k="local_y" v="-7.099686" />
    <tag k="ele" v="0" />
  </node>
  <node id="19612" lat="42.99255405297" lon="-78.79584395972">
    <tag k="local_x" v="-273.143597" />
    <tag k="local_y" v="-7.105260" />
    <tag k="ele" v="0" />
  </node>
  <node id="19613" lat="42.99255400243" lon="-78.79585615357">
    <tag k="local_x" v="-274.138015" />
    <tag k="local_y" v="-7.110834" />
    <tag k="ele" v="0" />
  </node>
  <node id="19614" lat="42.99255395190" lon="-78.79586834742">
    <tag k="local_x" v="-275.132434" />
    <tag k="local_y" v="-7.116408" />
    <tag k="ele" v="0" />
  </node>
  <node id="19615" lat="42.99255390136" lon="-78.79588054127">
    <tag k="local_x" v="-276.126852" />
    <tag k="local_y" v="-7.121982" />
    <tag k="ele" v="0" />
  </node>
  <node id="19616" lat="42.99255385082" lon="-78.79589273512">
    <tag k="local_x" v="-277.121271" />
    <tag k="local_y" v="-7.127557" />
    <tag k="ele" v="0" />
  </node>
  <node id="19617" lat="42.99255380029" lon="-78.79590492897">
    <tag k="local_x" v="-278.115690" />
    <tag k="local_y" v="-7.133131" />
    <tag k="ele" v="0" />
  </node>
  <node id="19618" lat="42.99255374975" lon="-78.79591712282">
    <tag k="local_x" v="-279.110108" />
    <tag k="local_y" v="-7.138705" />
    <tag k="ele" v="0" />
  </node>
  <node id="19619" lat="42.99255369920" lon="-78.79592931667">
    <tag k="local_x" v="-280.104527" />
    <tag k="local_y" v="-7.144279" />
    <tag k="ele" v="0" />
  </node>
  <node id="19620" lat="42.99255364866" lon="-78.79594151051">
    <tag k="local_x" v="-281.098945" />
    <tag k="local_y" v="-7.149853" />
    <tag k="ele" v="0" />
  </node>
  <node id="19621" lat="42.99255359812" lon="-78.79595370436">
    <tag k="local_x" v="-282.093364" />
    <tag k="local_y" v="-7.155428" />
    <tag k="ele" v="0" />
  </node>
  <node id="19622" lat="42.99255354757" lon="-78.79596589821">
    <tag k="local_x" v="-283.087782" />
    <tag k="local_y" v="-7.161002" />
    <tag k="ele" v="0" />
  </node>
  <node id="19623" lat="42.99255349703" lon="-78.79597809206">
    <tag k="local_x" v="-284.082201" />
    <tag k="local_y" v="-7.166576" />
    <tag k="ele" v="0" />
  </node>
  <node id="19624" lat="42.99255344648" lon="-78.79599028591">
    <tag k="local_x" v="-285.076620" />
    <tag k="local_y" v="-7.172150" />
    <tag k="ele" v="0" />
  </node>
  <node id="19625" lat="42.99255339593" lon="-78.79600247976">
    <tag k="local_x" v="-286.071038" />
    <tag k="local_y" v="-7.177724" />
    <tag k="ele" v="0" />
  </node>
  <node id="19626" lat="42.99255334538" lon="-78.79601467361">
    <tag k="local_x" v="-287.065457" />
    <tag k="local_y" v="-7.183299" />
    <tag k="ele" v="0" />
  </node>
  <node id="19627" lat="42.99255329483" lon="-78.79602686746">
    <tag k="local_x" v="-288.059875" />
    <tag k="local_y" v="-7.188873" />
    <tag k="ele" v="0" />
  </node>
  <node id="19628" lat="42.99255324427" lon="-78.79603906131">
    <tag k="local_x" v="-289.054294" />
    <tag k="local_y" v="-7.194447" />
    <tag k="ele" v="0" />
  </node>
  <node id="19629" lat="42.99255319372" lon="-78.79605125516">
    <tag k="local_x" v="-290.048712" />
    <tag k="local_y" v="-7.200021" />
    <tag k="ele" v="0" />
  </node>
  <node id="19630" lat="42.99255314316" lon="-78.79606344901">
    <tag k="local_x" v="-291.043131" />
    <tag k="local_y" v="-7.205595" />
    <tag k="ele" v="0" />
  </node>
  <node id="19631" lat="42.99255309261" lon="-78.79607564286">
    <tag k="local_x" v="-292.037550" />
    <tag k="local_y" v="-7.211169" />
    <tag k="ele" v="0" />
  </node>
  <node id="19632" lat="42.99255304205" lon="-78.79608783671">
    <tag k="local_x" v="-293.031968" />
    <tag k="local_y" v="-7.216744" />
    <tag k="ele" v="0" />
  </node>
  <node id="19633" lat="42.99255299149" lon="-78.79610003056">
    <tag k="local_x" v="-294.026387" />
    <tag k="local_y" v="-7.222318" />
    <tag k="ele" v="0" />
  </node>
  <node id="19634" lat="42.99255294093" lon="-78.79611222440">
    <tag k="local_x" v="-295.020805" />
    <tag k="local_y" v="-7.227892" />
    <tag k="ele" v="0" />
  </node>
  <node id="19635" lat="42.99255289036" lon="-78.79612441825">
    <tag k="local_x" v="-296.015224" />
    <tag k="local_y" v="-7.233466" />
    <tag k="ele" v="0" />
  </node>
  <node id="19636" lat="42.99255283980" lon="-78.79613661210">
    <tag k="local_x" v="-297.009642" />
    <tag k="local_y" v="-7.239040" />
    <tag k="ele" v="0" />
  </node>
  <node id="19637" lat="42.99255278924" lon="-78.79614880595">
    <tag k="local_x" v="-298.004061" />
    <tag k="local_y" v="-7.244614" />
    <tag k="ele" v="0" />
  </node>
  <node id="19638" lat="42.99255273867" lon="-78.79616099980">
    <tag k="local_x" v="-298.998480" />
    <tag k="local_y" v="-7.250189" />
    <tag k="ele" v="0" />
  </node>
  <node id="19639" lat="42.99255268810" lon="-78.79617319365">
    <tag k="local_x" v="-299.992898" />
    <tag k="local_y" v="-7.255763" />
    <tag k="ele" v="0" />
  </node>
  <node id="19640" lat="42.99255263754" lon="-78.79618538750">
    <tag k="local_x" v="-300.987317" />
    <tag k="local_y" v="-7.261337" />
    <tag k="ele" v="0" />
  </node>
  <node id="19641" lat="42.99255258697" lon="-78.79619758135">
    <tag k="local_x" v="-301.981735" />
    <tag k="local_y" v="-7.266911" />
    <tag k="ele" v="0" />
  </node>
  <node id="19642" lat="42.99260619043" lon="-78.79512483389">
    <tag k="local_x" v="-214.498119" />
    <tag k="local_y" v="-1.315261" />
    <tag k="ele" v="0" />
  </node>
  <node id="19643" lat="42.99260614237" lon="-78.79513697783">
    <tag k="local_x" v="-215.488467" />
    <tag k="local_y" v="-1.320568" />
    <tag k="ele" v="0" />
  </node>
  <node id="19644" lat="42.99260609431" lon="-78.79514912178">
    <tag k="local_x" v="-216.478815" />
    <tag k="local_y" v="-1.325876" />
    <tag k="ele" v="0" />
  </node>
  <node id="19645" lat="42.99260604625" lon="-78.79516126572">
    <tag k="local_x" v="-217.469163" />
    <tag k="local_y" v="-1.331184" />
    <tag k="ele" v="0" />
  </node>
  <node id="19646" lat="42.99260599819" lon="-78.79517340967">
    <tag k="local_x" v="-218.459511" />
    <tag k="local_y" v="-1.336492" />
    <tag k="ele" v="0" />
  </node>
  <node id="19647" lat="42.99260595013" lon="-78.79518555362">
    <tag k="local_x" v="-219.449859" />
    <tag k="local_y" v="-1.341799" />
    <tag k="ele" v="0" />
  </node>
  <node id="19648" lat="42.99260590098" lon="-78.79519769755">
    <tag k="local_x" v="-220.440206" />
    <tag k="local_y" v="-1.347228" />
    <tag k="ele" v="0" />
  </node>
  <node id="19649" lat="42.99260583993" lon="-78.79520984139">
    <tag k="local_x" v="-221.430545" />
    <tag k="local_y" v="-1.353978" />
    <tag k="ele" v="0" />
  </node>
  <node id="19650" lat="42.99260578931" lon="-78.79522198531">
    <tag k="local_x" v="-222.420892" />
    <tag k="local_y" v="-1.359569" />
    <tag k="ele" v="0" />
  </node>
  <node id="19651" lat="42.99260573870" lon="-78.79523412924">
    <tag k="local_x" v="-223.411238" />
    <tag k="local_y" v="-1.365160" />
    <tag k="ele" v="0" />
  </node>
  <node id="19652" lat="42.99260568808" lon="-78.79524627316">
    <tag k="local_x" v="-224.401584" />
    <tag k="local_y" v="-1.370751" />
    <tag k="ele" v="0" />
  </node>
  <node id="19653" lat="42.99260563746" lon="-78.79525841709">
    <tag k="local_x" v="-225.391931" />
    <tag k="local_y" v="-1.376342" />
    <tag k="ele" v="0" />
  </node>
  <node id="19654" lat="42.99260558684" lon="-78.79527056102">
    <tag k="local_x" v="-226.382277" />
    <tag k="local_y" v="-1.381932" />
    <tag k="ele" v="0" />
  </node>
  <node id="19655" lat="42.99260553622" lon="-78.79528270494">
    <tag k="local_x" v="-227.372623" />
    <tag k="local_y" v="-1.387523" />
    <tag k="ele" v="0" />
  </node>
  <node id="19656" lat="42.99260548560" lon="-78.79529484887">
    <tag k="local_x" v="-228.362970" />
    <tag k="local_y" v="-1.393114" />
    <tag k="ele" v="0" />
  </node>
  <node id="19657" lat="42.99260543498" lon="-78.79530699279">
    <tag k="local_x" v="-229.353316" />
    <tag k="local_y" v="-1.398705" />
    <tag k="ele" v="0" />
  </node>
  <node id="19658" lat="42.99260538435" lon="-78.79531913672">
    <tag k="local_x" v="-230.343663" />
    <tag k="local_y" v="-1.404295" />
    <tag k="ele" v="0" />
  </node>
  <node id="19659" lat="42.99260533373" lon="-78.79533128064">
    <tag k="local_x" v="-231.334009" />
    <tag k="local_y" v="-1.409886" />
    <tag k="ele" v="0" />
  </node>
  <node id="19660" lat="42.99260528310" lon="-78.79534342457">
    <tag k="local_x" v="-232.324355" />
    <tag k="local_y" v="-1.415477" />
    <tag k="ele" v="0" />
  </node>
  <node id="19661" lat="42.99260523247" lon="-78.79535556850">
    <tag k="local_x" v="-233.314702" />
    <tag k="local_y" v="-1.421068" />
    <tag k="ele" v="0" />
  </node>
  <node id="19662" lat="42.99260518184" lon="-78.79536771242">
    <tag k="local_x" v="-234.305048" />
    <tag k="local_y" v="-1.426659" />
    <tag k="ele" v="0" />
  </node>
  <node id="19663" lat="42.99260513121" lon="-78.79537985635">
    <tag k="local_x" v="-235.295395" />
    <tag k="local_y" v="-1.432249" />
    <tag k="ele" v="0" />
  </node>
  <node id="19664" lat="42.99260508058" lon="-78.79539200027">
    <tag k="local_x" v="-236.285741" />
    <tag k="local_y" v="-1.437840" />
    <tag k="ele" v="0" />
  </node>
  <node id="19665" lat="42.99260502995" lon="-78.79540414420">
    <tag k="local_x" v="-237.276087" />
    <tag k="local_y" v="-1.443431" />
    <tag k="ele" v="0" />
  </node>
  <node id="19666" lat="42.99260497931" lon="-78.79541628812">
    <tag k="local_x" v="-238.266434" />
    <tag k="local_y" v="-1.449022" />
    <tag k="ele" v="0" />
  </node>
  <node id="19667" lat="42.99260492868" lon="-78.79542843205">
    <tag k="local_x" v="-239.256780" />
    <tag k="local_y" v="-1.454612" />
    <tag k="ele" v="0" />
  </node>
  <node id="19668" lat="42.99260487804" lon="-78.79544057598">
    <tag k="local_x" v="-240.247126" />
    <tag k="local_y" v="-1.460203" />
    <tag k="ele" v="0" />
  </node>
  <node id="19669" lat="42.99260482740" lon="-78.79545271990">
    <tag k="local_x" v="-241.237473" />
    <tag k="local_y" v="-1.465794" />
    <tag k="ele" v="0" />
  </node>
  <node id="19670" lat="42.99260477676" lon="-78.79546486383">
    <tag k="local_x" v="-242.227819" />
    <tag k="local_y" v="-1.471385" />
    <tag k="ele" v="0" />
  </node>
  <node id="19671" lat="42.99260472612" lon="-78.79547700775">
    <tag k="local_x" v="-243.218166" />
    <tag k="local_y" v="-1.476975" />
    <tag k="ele" v="0" />
  </node>
  <node id="19672" lat="42.99260467548" lon="-78.79548915168">
    <tag k="local_x" v="-244.208512" />
    <tag k="local_y" v="-1.482566" />
    <tag k="ele" v="0" />
  </node>
  <node id="19673" lat="42.99260462483" lon="-78.79550129560">
    <tag k="local_x" v="-245.198858" />
    <tag k="local_y" v="-1.488157" />
    <tag k="ele" v="0" />
  </node>
  <node id="19674" lat="42.99260457649" lon="-78.79551343954">
    <tag k="local_x" v="-246.189206" />
    <tag k="local_y" v="-1.493492" />
    <tag k="ele" v="0" />
  </node>
  <node id="19675" lat="42.99260452989" lon="-78.79552558350">
    <tag k="local_x" v="-247.179555" />
    <tag k="local_y" v="-1.498633" />
    <tag k="ele" v="0" />
  </node>
  <node id="19676" lat="42.99260447960" lon="-78.79553772743">
    <tag k="local_x" v="-248.169901" />
    <tag k="local_y" v="-1.504184" />
    <tag k="ele" v="0" />
  </node>
  <node id="19677" lat="42.99260442931" lon="-78.79554987136">
    <tag k="local_x" v="-249.160248" />
    <tag k="local_y" v="-1.509736" />
    <tag k="ele" v="0" />
  </node>
  <node id="19678" lat="42.99260437901" lon="-78.79556201528">
    <tag k="local_x" v="-250.150595" />
    <tag k="local_y" v="-1.515287" />
    <tag k="ele" v="0" />
  </node>
  <node id="19679" lat="42.99260432872" lon="-78.79557415921">
    <tag k="local_x" v="-251.140941" />
    <tag k="local_y" v="-1.520838" />
    <tag k="ele" v="0" />
  </node>
  <node id="19680" lat="42.99260427842" lon="-78.79558630314">
    <tag k="local_x" v="-252.131288" />
    <tag k="local_y" v="-1.526390" />
    <tag k="ele" v="0" />
  </node>
  <node id="19681" lat="42.99260422812" lon="-78.79559844707">
    <tag k="local_x" v="-253.121634" />
    <tag k="local_y" v="-1.531941" />
    <tag k="ele" v="0" />
  </node>
  <node id="19682" lat="42.99260417781" lon="-78.79561059100">
    <tag k="local_x" v="-254.111981" />
    <tag k="local_y" v="-1.537493" />
    <tag k="ele" v="0" />
  </node>
  <node id="19683" lat="42.99260412751" lon="-78.79562273492">
    <tag k="local_x" v="-255.102328" />
    <tag k="local_y" v="-1.543044" />
    <tag k="ele" v="0" />
  </node>
  <node id="19684" lat="42.99260407721" lon="-78.79563487885">
    <tag k="local_x" v="-256.092674" />
    <tag k="local_y" v="-1.548596" />
    <tag k="ele" v="0" />
  </node>
  <node id="19685" lat="42.99260402690" lon="-78.79564702278">
    <tag k="local_x" v="-257.083021" />
    <tag k="local_y" v="-1.554147" />
    <tag k="ele" v="0" />
  </node>
  <node id="19686" lat="42.99260397660" lon="-78.79565916671">
    <tag k="local_x" v="-258.073368" />
    <tag k="local_y" v="-1.559698" />
    <tag k="ele" v="0" />
  </node>
  <node id="19687" lat="42.99260392629" lon="-78.79567131064">
    <tag k="local_x" v="-259.063714" />
    <tag k="local_y" v="-1.565250" />
    <tag k="ele" v="0" />
  </node>
  <node id="19688" lat="42.99260387598" lon="-78.79568345456">
    <tag k="local_x" v="-260.054061" />
    <tag k="local_y" v="-1.570801" />
    <tag k="ele" v="0" />
  </node>
  <node id="19689" lat="42.99260382567" lon="-78.79569559849">
    <tag k="local_x" v="-261.044407" />
    <tag k="local_y" v="-1.576352" />
    <tag k="ele" v="0" />
  </node>
  <node id="19690" lat="42.99260377536" lon="-78.79570774242">
    <tag k="local_x" v="-262.034754" />
    <tag k="local_y" v="-1.581904" />
    <tag k="ele" v="0" />
  </node>
  <node id="19691" lat="42.99260372505" lon="-78.79571988635">
    <tag k="local_x" v="-263.025101" />
    <tag k="local_y" v="-1.587455" />
    <tag k="ele" v="0" />
  </node>
  <node id="19692" lat="42.99260367474" lon="-78.79573203027">
    <tag k="local_x" v="-264.015447" />
    <tag k="local_y" v="-1.593007" />
    <tag k="ele" v="0" />
  </node>
  <node id="19693" lat="42.99260362442" lon="-78.79574417420">
    <tag k="local_x" v="-265.005794" />
    <tag k="local_y" v="-1.598558" />
    <tag k="ele" v="0" />
  </node>
  <node id="19694" lat="42.99260357411" lon="-78.79575631813">
    <tag k="local_x" v="-265.996140" />
    <tag k="local_y" v="-1.604109" />
    <tag k="ele" v="0" />
  </node>
  <node id="19695" lat="42.99260352379" lon="-78.79576846206">
    <tag k="local_x" v="-266.986487" />
    <tag k="local_y" v="-1.609661" />
    <tag k="ele" v="0" />
  </node>
  <node id="19696" lat="42.99260347347" lon="-78.79578060599">
    <tag k="local_x" v="-267.976834" />
    <tag k="local_y" v="-1.615212" />
    <tag k="ele" v="0" />
  </node>
  <node id="19697" lat="42.99260342315" lon="-78.79579274991">
    <tag k="local_x" v="-268.967180" />
    <tag k="local_y" v="-1.620763" />
    <tag k="ele" v="0" />
  </node>
  <node id="19698" lat="42.99260337283" lon="-78.79580489384">
    <tag k="local_x" v="-269.957527" />
    <tag k="local_y" v="-1.626315" />
    <tag k="ele" v="0" />
  </node>
  <node id="19699" lat="42.99260332251" lon="-78.79581703777">
    <tag k="local_x" v="-270.947873" />
    <tag k="local_y" v="-1.631866" />
    <tag k="ele" v="0" />
  </node>
  <node id="19700" lat="42.99260327218" lon="-78.79582918170">
    <tag k="local_x" v="-271.938220" />
    <tag k="local_y" v="-1.637417" />
    <tag k="ele" v="0" />
  </node>
  <node id="19701" lat="42.99260322186" lon="-78.79584132562">
    <tag k="local_x" v="-272.928567" />
    <tag k="local_y" v="-1.642969" />
    <tag k="ele" v="0" />
  </node>
  <node id="19702" lat="42.99260317153" lon="-78.79585346955">
    <tag k="local_x" v="-273.918913" />
    <tag k="local_y" v="-1.648520" />
    <tag k="ele" v="0" />
  </node>
  <node id="19703" lat="42.99260312121" lon="-78.79586561348">
    <tag k="local_x" v="-274.909260" />
    <tag k="local_y" v="-1.654071" />
    <tag k="ele" v="0" />
  </node>
  <node id="19704" lat="42.99260307087" lon="-78.79587775741">
    <tag k="local_x" v="-275.899606" />
    <tag k="local_y" v="-1.659623" />
    <tag k="ele" v="0" />
  </node>
  <node id="19705" lat="42.99260302055" lon="-78.79588990133">
    <tag k="local_x" v="-276.889953" />
    <tag k="local_y" v="-1.665174" />
    <tag k="ele" v="0" />
  </node>
  <node id="19706" lat="42.99260297022" lon="-78.79590204526">
    <tag k="local_x" v="-277.880300" />
    <tag k="local_y" v="-1.670725" />
    <tag k="ele" v="0" />
  </node>
  <node id="19707" lat="42.99260291988" lon="-78.79591418919">
    <tag k="local_x" v="-278.870646" />
    <tag k="local_y" v="-1.676277" />
    <tag k="ele" v="0" />
  </node>
  <node id="19708" lat="42.99260286955" lon="-78.79592633312">
    <tag k="local_x" v="-279.860993" />
    <tag k="local_y" v="-1.681828" />
    <tag k="ele" v="0" />
  </node>
  <node id="19709" lat="42.99260281921" lon="-78.79593847704">
    <tag k="local_x" v="-280.851339" />
    <tag k="local_y" v="-1.687380" />
    <tag k="ele" v="0" />
  </node>
  <node id="19710" lat="42.99260276887" lon="-78.79595062097">
    <tag k="local_x" v="-281.841686" />
    <tag k="local_y" v="-1.692931" />
    <tag k="ele" v="0" />
  </node>
  <node id="19711" lat="42.99260271854" lon="-78.79596276490">
    <tag k="local_x" v="-282.832033" />
    <tag k="local_y" v="-1.698482" />
    <tag k="ele" v="0" />
  </node>
  <node id="19712" lat="42.99260266820" lon="-78.79597490883">
    <tag k="local_x" v="-283.822379" />
    <tag k="local_y" v="-1.704034" />
    <tag k="ele" v="0" />
  </node>
  <node id="19713" lat="42.99260261786" lon="-78.79598705275">
    <tag k="local_x" v="-284.812726" />
    <tag k="local_y" v="-1.709585" />
    <tag k="ele" v="0" />
  </node>
  <node id="19714" lat="42.99260256751" lon="-78.79599919668">
    <tag k="local_x" v="-285.803072" />
    <tag k="local_y" v="-1.715137" />
    <tag k="ele" v="0" />
  </node>
  <node id="19715" lat="42.99260251717" lon="-78.79601134061">
    <tag k="local_x" v="-286.793419" />
    <tag k="local_y" v="-1.720688" />
    <tag k="ele" v="0" />
  </node>
  <node id="19716" lat="42.99260246683" lon="-78.79602348454">
    <tag k="local_x" v="-287.783766" />
    <tag k="local_y" v="-1.726239" />
    <tag k="ele" v="0" />
  </node>
  <node id="19717" lat="42.99260241648" lon="-78.79603562846">
    <tag k="local_x" v="-288.774112" />
    <tag k="local_y" v="-1.731791" />
    <tag k="ele" v="0" />
  </node>
  <node id="19718" lat="42.99260236613" lon="-78.79604777239">
    <tag k="local_x" v="-289.764459" />
    <tag k="local_y" v="-1.737342" />
    <tag k="ele" v="0" />
  </node>
  <node id="19719" lat="42.99260231579" lon="-78.79605991632">
    <tag k="local_x" v="-290.754805" />
    <tag k="local_y" v="-1.742893" />
    <tag k="ele" v="0" />
  </node>
  <node id="19720" lat="42.99260226544" lon="-78.79607206024">
    <tag k="local_x" v="-291.745152" />
    <tag k="local_y" v="-1.748445" />
    <tag k="ele" v="0" />
  </node>
  <node id="19721" lat="42.99260221509" lon="-78.79608420417">
    <tag k="local_x" v="-292.735499" />
    <tag k="local_y" v="-1.753996" />
    <tag k="ele" v="0" />
  </node>
  <node id="19722" lat="42.99260216473" lon="-78.79609634810">
    <tag k="local_x" v="-293.725845" />
    <tag k="local_y" v="-1.759547" />
    <tag k="ele" v="0" />
  </node>
  <node id="19723" lat="42.99260211438" lon="-78.79610849203">
    <tag k="local_x" v="-294.716192" />
    <tag k="local_y" v="-1.765099" />
    <tag k="ele" v="0" />
  </node>
  <node id="19724" lat="42.99260206403" lon="-78.79612063595">
    <tag k="local_x" v="-295.706538" />
    <tag k="local_y" v="-1.770650" />
    <tag k="ele" v="0" />
  </node>
  <node id="19725" lat="42.99260201367" lon="-78.79613277988">
    <tag k="local_x" v="-296.696885" />
    <tag k="local_y" v="-1.776201" />
    <tag k="ele" v="0" />
  </node>
  <node id="19726" lat="42.99260196331" lon="-78.79614492381">
    <tag k="local_x" v="-297.687232" />
    <tag k="local_y" v="-1.781753" />
    <tag k="ele" v="0" />
  </node>
  <node id="19727" lat="42.99260191295" lon="-78.79615706773">
    <tag k="local_x" v="-298.677578" />
    <tag k="local_y" v="-1.787304" />
    <tag k="ele" v="0" />
  </node>
  <node id="19728" lat="42.99260186260" lon="-78.79616921166">
    <tag k="local_x" v="-299.667925" />
    <tag k="local_y" v="-1.792855" />
    <tag k="ele" v="0" />
  </node>
  <node id="19729" lat="42.99260181223" lon="-78.79618135559">
    <tag k="local_x" v="-300.658271" />
    <tag k="local_y" v="-1.798407" />
    <tag k="ele" v="0" />
  </node>
  <node id="19730" lat="42.99267392422" lon="-78.79517624668">
    <tag k="local_x" v="-218.690630" />
    <tag k="local_y" v="6.209595" />
    <tag k="ele" v="0" />
  </node>
  <node id="19731" lat="42.99266505675" lon="-78.79517480796">
    <tag k="local_x" v="-218.573334" />
    <tag k="local_y" v="5.224480" />
    <tag k="ele" v="0" />
  </node>
  <node id="19732" lat="42.99265629221" lon="-78.79517247024">
    <tag k="local_x" v="-218.382722" />
    <tag k="local_y" v="4.250799" />
    <tag k="ele" v="0" />
  </node>
  <node id="19733" lat="42.99264769489" lon="-78.79516918273">
    <tag k="local_x" v="-218.114653" />
    <tag k="local_y" v="3.295692" />
    <tag k="ele" v="0" />
  </node>
  <node id="19734" lat="42.99263933373" lon="-78.79516491738">
    <tag k="local_x" v="-217.766840" />
    <tag k="local_y" v="2.366817" />
    <tag k="ele" v="0" />
  </node>
  <node id="19735" lat="42.99263131736" lon="-78.79515956586">
    <tag k="local_x" v="-217.330449" />
    <tag k="local_y" v="1.476244" />
    <tag k="ele" v="0" />
  </node>
  <node id="19736" lat="42.99262380836" lon="-78.79515299422">
    <tag k="local_x" v="-216.794553" />
    <tag k="local_y" v="0.642033" />
    <tag k="ele" v="0" />
  </node>
  <node id="19737" lat="42.99261705625" lon="-78.79514505245">
    <tag k="local_x" v="-216.146920" />
    <tag k="local_y" v="-0.108097" />
    <tag k="ele" v="0" />
  </node>
  <node id="19738" lat="42.99261144032" lon="-78.79513562048">
    <tag k="local_x" v="-215.377756" />
    <tag k="local_y" v="-0.732010" />
    <tag k="ele" v="0" />
  </node>
  <node id="19739" lat="42.99260763737" lon="-78.79512465691">
    <tag k="local_x" v="-214.483681" />
    <tag k="local_y" v="-1.154517" />
    <tag k="ele" v="0" />
  </node>
  <node id="19740" lat="42.99267306276" lon="-78.79527380348">
    <tag k="local_x" v="-226.646454" />
    <tag k="local_y" v="6.114151" />
    <tag k="ele" v="0" />
  </node>
  <node id="19741" lat="42.99266443911" lon="-78.79527246919">
    <tag k="local_x" v="-226.537674" />
    <tag k="local_y" v="5.156124" />
    <tag k="ele" v="0" />
  </node>
  <node id="19742" lat="42.99265589695" lon="-78.79527038488">
    <tag k="local_x" v="-226.367728" />
    <tag k="local_y" v="4.207147" />
    <tag k="ele" v="0" />
  </node>
  <node id="19743" lat="42.99264747246" lon="-78.79526755130">
    <tag k="local_x" v="-226.136679" />
    <tag k="local_y" v="3.271242" />
    <tag k="ele" v="0" />
  </node>
  <node id="19744" lat="42.99263920228" lon="-78.79526397406">
    <tag k="local_x" v="-225.844983" />
    <tag k="local_y" v="2.352476" />
    <tag k="ele" v="0" />
  </node>
  <node id="19745" lat="42.99263112310" lon="-78.79525966312">
    <tag k="local_x" v="-225.493453" />
    <tag k="local_y" v="1.454927" />
    <tag k="ele" v="0" />
  </node>
  <node id="19746" lat="42.99262327156" lon="-78.79525463227">
    <tag k="local_x" v="-225.083211" />
    <tag k="local_y" v="0.582666" />
    <tag k="ele" v="0" />
  </node>
  <node id="19747" lat="42.99261568413" lon="-78.79524889866">
    <tag k="local_x" v="-224.615659" />
    <tag k="local_y" v="-0.260257" />
    <tag k="ele" v="0" />
  </node>
  <node id="19748" lat="42.99260839713" lon="-78.79524248250">
    <tag k="local_x" v="-224.092443" />
    <tag k="local_y" v="-1.069805" />
    <tag k="ele" v="0" />
  </node>
  <node id="19749" lat="42.99260144688" lon="-78.79523540684">
    <tag k="local_x" v="-223.515442" />
    <tag k="local_y" v="-1.841946" />
    <tag k="ele" v="0" />
  </node>
  <node id="19750" lat="42.99259486970" lon="-78.79522769757">
    <tag k="local_x" v="-222.886769" />
    <tag k="local_y" v="-2.572642" />
    <tag k="ele" v="0" />
  </node>
  <node id="19751" lat="42.99258870204" lon="-78.79521938357">
    <tag k="local_x" v="-222.208779" />
    <tag k="local_y" v="-3.257845" />
    <tag k="ele" v="0" />
  </node>
  <node id="19752" lat="42.99258298046" lon="-78.79521049706">
    <tag k="local_x" v="-221.484098" />
    <tag k="local_y" v="-3.893494" />
    <tag k="ele" v="0" />
  </node>
  <node id="19753" lat="42.99257774144" lon="-78.79520107404">
    <tag k="local_x" v="-220.715662" />
    <tag k="local_y" v="-4.475535" />
    <tag k="ele" v="0" />
  </node>
  <node id="19754" lat="42.99257302110" lon="-78.79519115487">
    <tag k="local_x" v="-219.906763" />
    <tag k="local_y" v="-4.999955" />
    <tag k="ele" v="0" />
  </node>
  <node id="19755" lat="42.99256885461" lon="-78.79518078488">
    <tag k="local_x" v="-219.061097" />
    <tag k="local_y" v="-5.462849" />
    <tag k="ele" v="0" />
  </node>
  <node id="19756" lat="42.99256527537" lon="-78.79517001484">
    <tag k="local_x" v="-218.182804" />
    <tag k="local_y" v="-5.860504" />
    <tag k="ele" v="0" />
  </node>
  <node id="19757" lat="42.99256231397" lon="-78.79515890130">
    <tag k="local_x" v="-217.276497" />
    <tag k="local_y" v="-6.189523" />
    <tag k="ele" v="0" />
  </node>
  <node id="19758" lat="42.99255999683" lon="-78.79514750656">
    <tag k="local_x" v="-216.347254" />
    <tag k="local_y" v="-6.446970" />
    <tag k="ele" v="0" />
  </node>
  <node id="19759" lat="42.99255834571" lon="-78.79513589790">
    <tag k="local_x" v="-215.400565" />
    <tag k="local_y" v="-6.630427" />
    <tag k="ele" v="0" />
  </node>
  <node id="19760" lat="42.99255737638" lon="-78.79512414702">
    <tag k="local_x" v="-214.442274" />
    <tag k="local_y" v="-6.738142" />
    <tag k="ele" v="0" />
  </node>
  <node id="19761" lat="42.99269802374" lon="-78.79627433355">
    <tag k="local_x" v="-308.240213" />
    <tag k="local_y" v="8.890316" />
    <tag k="ele" v="0" />
  </node>
  <node id="19762" lat="42.99270698612" lon="-78.79627445795">
    <tag k="local_x" v="-308.250313" />
    <tag k="local_y" v="9.885970" />
    <tag k="ele" v="0" />
  </node>
  <node id="19763" lat="42.99271594849" lon="-78.79627458268">
    <tag k="local_x" v="-308.260440" />
    <tag k="local_y" v="10.881624" />
    <tag k="ele" v="0" />
  </node>
  <node id="19764" lat="42.99272491087" lon="-78.79627470710">
    <tag k="local_x" v="-308.270542" />
    <tag k="local_y" v="11.877278" />
    <tag k="ele" v="0" />
  </node>
  <node id="19765" lat="42.99273387324" lon="-78.79627483181">
    <tag k="local_x" v="-308.280667" />
    <tag k="local_y" v="12.872932" />
    <tag k="ele" v="0" />
  </node>
  <node id="19766" lat="42.99274283562" lon="-78.79627495624">
    <tag k="local_x" v="-308.290770" />
    <tag k="local_y" v="13.868586" />
    <tag k="ele" v="0" />
  </node>
  <node id="19767" lat="42.99275179799" lon="-78.79627508094">
    <tag k="local_x" v="-308.300894" />
    <tag k="local_y" v="14.864240" />
    <tag k="ele" v="0" />
  </node>
  <node id="19768" lat="42.99276076037" lon="-78.79627520539">
    <tag k="local_x" v="-308.310999" />
    <tag k="local_y" v="15.859894" />
    <tag k="ele" v="0" />
  </node>
  <node id="19769" lat="42.99276972275" lon="-78.79627533007">
    <tag k="local_x" v="-308.321121" />
    <tag k="local_y" v="16.855548" />
    <tag k="ele" v="0" />
  </node>
  <node id="19770" lat="42.99277868512" lon="-78.79627545454">
    <tag k="local_x" v="-308.331227" />
    <tag k="local_y" v="17.851202" />
    <tag k="ele" v="0" />
  </node>
  <node id="19771" lat="42.99278764750" lon="-78.79627557919">
    <tag k="local_x" v="-308.341348" />
    <tag k="local_y" v="18.846856" />
    <tag k="ele" v="0" />
  </node>
  <node id="19772" lat="42.99279660987" lon="-78.79627570368">
    <tag k="local_x" v="-308.351455" />
    <tag k="local_y" v="19.842510" />
    <tag k="ele" v="0" />
  </node>
  <node id="19773" lat="42.99280557225" lon="-78.79627582832">
    <tag k="local_x" v="-308.361575" />
    <tag k="local_y" v="20.838164" />
    <tag k="ele" v="0" />
  </node>
  <node id="19774" lat="42.99281453463" lon="-78.79627595283">
    <tag k="local_x" v="-308.371684" />
    <tag k="local_y" v="21.833818" />
    <tag k="ele" v="0" />
  </node>
  <node id="19775" lat="42.99282349700" lon="-78.79627607745">
    <tag k="local_x" v="-308.381802" />
    <tag k="local_y" v="22.829472" />
    <tag k="ele" v="0" />
  </node>
  <node id="19776" lat="42.99283245938" lon="-78.79627620198">
    <tag k="local_x" v="-308.391912" />
    <tag k="local_y" v="23.825126" />
    <tag k="ele" v="0" />
  </node>
  <node id="19777" lat="42.99284142175" lon="-78.79627632658">
    <tag k="local_x" v="-308.402029" />
    <tag k="local_y" v="24.820780" />
    <tag k="ele" v="0" />
  </node>
  <node id="19778" lat="42.99285038413" lon="-78.79627645112">
    <tag k="local_x" v="-308.412141" />
    <tag k="local_y" v="25.816434" />
    <tag k="ele" v="0" />
  </node>
  <node id="19779" lat="42.99285934650" lon="-78.79627657571">
    <tag k="local_x" v="-308.422256" />
    <tag k="local_y" v="26.812088" />
    <tag k="ele" v="0" />
  </node>
  <node id="19780" lat="42.99286830888" lon="-78.79627670027">
    <tag k="local_x" v="-308.432369" />
    <tag k="local_y" v="27.807743" />
    <tag k="ele" v="0" />
  </node>
  <node id="19781" lat="42.99287727126" lon="-78.79627682484">
    <tag k="local_x" v="-308.442483" />
    <tag k="local_y" v="28.803397" />
    <tag k="ele" v="0" />
  </node>
  <node id="19782" lat="42.99288623363" lon="-78.79627694942">
    <tag k="local_x" v="-308.452598" />
    <tag k="local_y" v="29.799051" />
    <tag k="ele" v="0" />
  </node>
  <node id="19783" lat="42.99289519601" lon="-78.79627707397">
    <tag k="local_x" v="-308.462710" />
    <tag k="local_y" v="30.794705" />
    <tag k="ele" v="0" />
  </node>
  <node id="19784" lat="42.99290415838" lon="-78.79627719857">
    <tag k="local_x" v="-308.472826" />
    <tag k="local_y" v="31.790359" />
    <tag k="ele" v="0" />
  </node>
  <node id="19785" lat="42.99291312076" lon="-78.79627732310">
    <tag k="local_x" v="-308.482937" />
    <tag k="local_y" v="32.786013" />
    <tag k="ele" v="0" />
  </node>
  <node id="19786" lat="42.99292208313" lon="-78.79627744773">
    <tag k="local_x" v="-308.493056" />
    <tag k="local_y" v="33.781667" />
    <tag k="ele" v="0" />
  </node>
  <node id="19787" lat="42.99293104551" lon="-78.79627757225">
    <tag k="local_x" v="-308.503166" />
    <tag k="local_y" v="34.777321" />
    <tag k="ele" v="0" />
  </node>
  <node id="19788" lat="42.99294000788" lon="-78.79627769689">
    <tag k="local_x" v="-308.513285" />
    <tag k="local_y" v="35.772975" />
    <tag k="ele" v="0" />
  </node>
  <node id="19789" lat="42.99294897026" lon="-78.79627782138">
    <tag k="local_x" v="-308.523393" />
    <tag k="local_y" v="36.768629" />
    <tag k="ele" v="0" />
  </node>
  <node id="19790" lat="42.99295793264" lon="-78.79627794604">
    <tag k="local_x" v="-308.533514" />
    <tag k="local_y" v="37.764283" />
    <tag k="ele" v="0" />
  </node>
  <node id="19791" lat="42.99296689501" lon="-78.79627807053">
    <tag k="local_x" v="-308.543621" />
    <tag k="local_y" v="38.759937" />
    <tag k="ele" v="0" />
  </node>
  <node id="19792" lat="42.99297585739" lon="-78.79627819521">
    <tag k="local_x" v="-308.553744" />
    <tag k="local_y" v="39.755591" />
    <tag k="ele" v="0" />
  </node>
  <node id="19793" lat="42.99298481976" lon="-78.79627831966">
    <tag k="local_x" v="-308.563848" />
    <tag k="local_y" v="40.751245" />
    <tag k="ele" v="0" />
  </node>
  <node id="19794" lat="42.99299378214" lon="-78.79627844436">
    <tag k="local_x" v="-308.573972" />
    <tag k="local_y" v="41.746899" />
    <tag k="ele" v="0" />
  </node>
  <node id="19795" lat="42.99300274451" lon="-78.79627856879">
    <tag k="local_x" v="-308.584075" />
    <tag k="local_y" v="42.742553" />
    <tag k="ele" v="0" />
  </node>
  <node id="19796" lat="42.99301170689" lon="-78.79627869351">
    <tag k="local_x" v="-308.594201" />
    <tag k="local_y" v="43.738207" />
    <tag k="ele" v="0" />
  </node>
  <node id="19797" lat="42.99302066926" lon="-78.79627881792">
    <tag k="local_x" v="-308.604302" />
    <tag k="local_y" v="44.733861" />
    <tag k="ele" v="0" />
  </node>
  <node id="19798" lat="42.99302963164" lon="-78.79627894265">
    <tag k="local_x" v="-308.614429" />
    <tag k="local_y" v="45.729515" />
    <tag k="ele" v="0" />
  </node>
  <node id="19799" lat="42.99303859402" lon="-78.79627906705">
    <tag k="local_x" v="-308.624529" />
    <tag k="local_y" v="46.725170" />
    <tag k="ele" v="0" />
  </node>
  <node id="19800" lat="42.99304755639" lon="-78.79627919180">
    <tag k="local_x" v="-308.634658" />
    <tag k="local_y" v="47.720823" />
    <tag k="ele" v="0" />
  </node>
  <node id="19801" lat="42.99305651877" lon="-78.79627931619">
    <tag k="local_x" v="-308.644757" />
    <tag k="local_y" v="48.716478" />
    <tag k="ele" v="0" />
  </node>
  <node id="19802" lat="42.99306548114" lon="-78.79627944094">
    <tag k="local_x" v="-308.654885" />
    <tag k="local_y" v="49.712132" />
    <tag k="ele" v="0" />
  </node>
  <node id="19803" lat="42.99307444352" lon="-78.79627956534">
    <tag k="local_x" v="-308.664985" />
    <tag k="local_y" v="50.707786" />
    <tag k="ele" v="0" />
  </node>
  <node id="19804" lat="42.99308340589" lon="-78.79627969007">
    <tag k="local_x" v="-308.675112" />
    <tag k="local_y" v="51.703440" />
    <tag k="ele" v="0" />
  </node>
  <node id="19805" lat="42.99309236827" lon="-78.79627981449">
    <tag k="local_x" v="-308.685214" />
    <tag k="local_y" v="52.699094" />
    <tag k="ele" v="0" />
  </node>
  <node id="19806" lat="42.99310133064" lon="-78.79627993920">
    <tag k="local_x" v="-308.695339" />
    <tag k="local_y" v="53.694748" />
    <tag k="ele" v="0" />
  </node>
  <node id="19807" lat="42.99311029302" lon="-78.79628006364">
    <tag k="local_x" v="-308.705442" />
    <tag k="local_y" v="54.690402" />
    <tag k="ele" v="0" />
  </node>
  <node id="19808" lat="42.99311925539" lon="-78.79628018833">
    <tag k="local_x" v="-308.715566" />
    <tag k="local_y" v="55.686056" />
    <tag k="ele" v="0" />
  </node>
  <node id="19809" lat="42.99312821777" lon="-78.79628031279">
    <tag k="local_x" v="-308.725671" />
    <tag k="local_y" v="56.681710" />
    <tag k="ele" v="0" />
  </node>
  <node id="19810" lat="42.99313718014" lon="-78.79628043746">
    <tag k="local_x" v="-308.735793" />
    <tag k="local_y" v="57.677364" />
    <tag k="ele" v="0" />
  </node>
  <node id="19811" lat="42.99314614252" lon="-78.79628056194">
    <tag k="local_x" v="-308.745899" />
    <tag k="local_y" v="58.673018" />
    <tag k="ele" v="0" />
  </node>
  <node id="19812" lat="42.99315510489" lon="-78.79628068659">
    <tag k="local_x" v="-308.756020" />
    <tag k="local_y" v="59.668672" />
    <tag k="ele" v="0" />
  </node>
  <node id="19813" lat="42.99316406727" lon="-78.79628081109">
    <tag k="local_x" v="-308.766127" />
    <tag k="local_y" v="60.664326" />
    <tag k="ele" v="0" />
  </node>
  <node id="19814" lat="42.99317302964" lon="-78.79628093585">
    <tag k="local_x" v="-308.776257" />
    <tag k="local_y" v="61.659980" />
    <tag k="ele" v="0" />
  </node>
  <node id="19815" lat="42.99318199202" lon="-78.79628106048">
    <tag k="local_x" v="-308.786375" />
    <tag k="local_y" v="62.655634" />
    <tag k="ele" v="0" />
  </node>
  <node id="19816" lat="42.99319095439" lon="-78.79628118500">
    <tag k="local_x" v="-308.796485" />
    <tag k="local_y" v="63.651288" />
    <tag k="ele" v="0" />
  </node>
  <node id="19817" lat="42.99319991677" lon="-78.79628130961">
    <tag k="local_x" v="-308.806602" />
    <tag k="local_y" v="64.646942" />
    <tag k="ele" v="0" />
  </node>
  <node id="19818" lat="42.99320887914" lon="-78.79628143415">
    <tag k="local_x" v="-308.816714" />
    <tag k="local_y" v="65.642596" />
    <tag k="ele" v="0" />
  </node>
  <node id="19819" lat="42.99321784152" lon="-78.79628155874">
    <tag k="local_x" v="-308.826829" />
    <tag k="local_y" v="66.638250" />
    <tag k="ele" v="0" />
  </node>
  <node id="19820" lat="42.99322680389" lon="-78.79628168330">
    <tag k="local_x" v="-308.836942" />
    <tag k="local_y" v="67.633904" />
    <tag k="ele" v="0" />
  </node>
  <node id="19821" lat="42.99323576627" lon="-78.79628180787">
    <tag k="local_x" v="-308.847056" />
    <tag k="local_y" v="68.629558" />
    <tag k="ele" v="0" />
  </node>
  <node id="19822" lat="42.99324472864" lon="-78.79628193245">
    <tag k="local_x" v="-308.857171" />
    <tag k="local_y" v="69.625212" />
    <tag k="ele" v="0" />
  </node>
  <node id="19823" lat="42.99325369102" lon="-78.79628205700">
    <tag k="local_x" v="-308.867283" />
    <tag k="local_y" v="70.620866" />
    <tag k="ele" v="0" />
  </node>
  <node id="19824" lat="42.99326265339" lon="-78.79628218160">
    <tag k="local_x" v="-308.877399" />
    <tag k="local_y" v="71.616520" />
    <tag k="ele" v="0" />
  </node>
  <node id="19825" lat="42.99327161577" lon="-78.79628230635">
    <tag k="local_x" v="-308.887527" />
    <tag k="local_y" v="72.612174" />
    <tag k="ele" v="0" />
  </node>
  <node id="19826" lat="42.99328057814" lon="-78.79628243134">
    <tag k="local_x" v="-308.897675" />
    <tag k="local_y" v="73.607828" />
    <tag k="ele" v="0" />
  </node>
  <node id="19827" lat="42.99328954051" lon="-78.79628255655">
    <tag k="local_x" v="-308.907841" />
    <tag k="local_y" v="74.603482" />
    <tag k="ele" v="0" />
  </node>
  <node id="19828" lat="42.99329850288" lon="-78.79628268173">
    <tag k="local_x" v="-308.918005" />
    <tag k="local_y" v="75.599135" />
    <tag k="ele" v="0" />
  </node>
  <node id="19829" lat="42.99330746525" lon="-78.79628280689">
    <tag k="local_x" v="-308.928167" />
    <tag k="local_y" v="76.594789" />
    <tag k="ele" v="0" />
  </node>
  <node id="19830" lat="42.99331642762" lon="-78.79628293205">
    <tag k="local_x" v="-308.938329" />
    <tag k="local_y" v="77.590442" />
    <tag k="ele" v="0" />
  </node>
  <node id="19831" lat="42.99332538999" lon="-78.79628305721">
    <tag k="local_x" v="-308.948491" />
    <tag k="local_y" v="78.586096" />
    <tag k="ele" v="0" />
  </node>
  <node id="19832" lat="42.99333435236" lon="-78.79628318211">
    <tag k="local_x" v="-308.958632" />
    <tag k="local_y" v="79.581750" />
    <tag k="ele" v="0" />
  </node>
  <node id="19833" lat="42.99334331474" lon="-78.79628330672">
    <tag k="local_x" v="-308.968748" />
    <tag k="local_y" v="80.577404" />
    <tag k="ele" v="0" />
  </node>
  <node id="19834" lat="42.99335227711" lon="-78.79628343128">
    <tag k="local_x" v="-308.978861" />
    <tag k="local_y" v="81.573058" />
    <tag k="ele" v="0" />
  </node>
  <node id="19835" lat="42.99336123949" lon="-78.79628355583">
    <tag k="local_x" v="-308.988973" />
    <tag k="local_y" v="82.568712" />
    <tag k="ele" v="0" />
  </node>
  <node id="19836" lat="42.99337020186" lon="-78.79628368038">
    <tag k="local_x" v="-308.999086" />
    <tag k="local_y" v="83.564366" />
    <tag k="ele" v="0" />
  </node>
  <node id="19837" lat="42.99337916424" lon="-78.79628380468">
    <tag k="local_x" v="-309.009177" />
    <tag k="local_y" v="84.560020" />
    <tag k="ele" v="0" />
  </node>
  <node id="19838" lat="42.99338812661" lon="-78.79628392940">
    <tag k="local_x" v="-309.019303" />
    <tag k="local_y" v="85.555674" />
    <tag k="ele" v="0" />
  </node>
  <node id="19839" lat="42.99339708899" lon="-78.79628405380">
    <tag k="local_x" v="-309.029403" />
    <tag k="local_y" v="86.551328" />
    <tag k="ele" v="0" />
  </node>
  <node id="19840" lat="42.99340605136" lon="-78.79628417855">
    <tag k="local_x" v="-309.039531" />
    <tag k="local_y" v="87.546982" />
    <tag k="ele" v="0" />
  </node>
  <node id="19841" lat="42.99341501374" lon="-78.79628430294">
    <tag k="local_x" v="-309.049630" />
    <tag k="local_y" v="88.542636" />
    <tag k="ele" v="0" />
  </node>
  <node id="19842" lat="42.99342397611" lon="-78.79628442770">
    <tag k="local_x" v="-309.059760" />
    <tag k="local_y" v="89.538290" />
    <tag k="ele" v="0" />
  </node>
  <node id="19843" lat="42.99343293849" lon="-78.79628455244">
    <tag k="local_x" v="-309.069888" />
    <tag k="local_y" v="90.533944" />
    <tag k="ele" v="0" />
  </node>
  <node id="19844" lat="42.99344190086" lon="-78.79628467686">
    <tag k="local_x" v="-309.079989" />
    <tag k="local_y" v="91.529598" />
    <tag k="ele" v="0" />
  </node>
  <node id="19845" lat="42.99345086324" lon="-78.79628480158">
    <tag k="local_x" v="-309.090115" />
    <tag k="local_y" v="92.525252" />
    <tag k="ele" v="0" />
  </node>
  <node id="19846" lat="42.99345982561" lon="-78.79628492601">
    <tag k="local_x" v="-309.100217" />
    <tag k="local_y" v="93.520906" />
    <tag k="ele" v="0" />
  </node>
  <node id="19847" lat="42.99346878799" lon="-78.79628505071">
    <tag k="local_x" v="-309.110342" />
    <tag k="local_y" v="94.516560" />
    <tag k="ele" v="0" />
  </node>
  <node id="19848" lat="42.99347775036" lon="-78.79628517516">
    <tag k="local_x" v="-309.120445" />
    <tag k="local_y" v="95.512214" />
    <tag k="ele" v="0" />
  </node>
  <node id="19849" lat="42.99348671274" lon="-78.79628529992">
    <tag k="local_x" v="-309.130575" />
    <tag k="local_y" v="96.507868" />
    <tag k="ele" v="0" />
  </node>
  <node id="19850" lat="42.99349567511" lon="-78.79628542460">
    <tag k="local_x" v="-309.140697" />
    <tag k="local_y" v="97.503522" />
    <tag k="ele" v="0" />
  </node>
  <node id="19851" lat="42.99350463748" lon="-78.79628554908">
    <tag k="local_x" v="-309.150803" />
    <tag k="local_y" v="98.499176" />
    <tag k="ele" v="0" />
  </node>
  <node id="19852" lat="42.99351359986" lon="-78.79628567373">
    <tag k="local_x" v="-309.160924" />
    <tag k="local_y" v="99.494830" />
    <tag k="ele" v="0" />
  </node>
  <node id="19853" lat="42.99352256223" lon="-78.79628579823">
    <tag k="local_x" v="-309.171032" />
    <tag k="local_y" v="100.490485" />
    <tag k="ele" v="0" />
  </node>
  <node id="19854" lat="42.99353152461" lon="-78.79628592287">
    <tag k="local_x" v="-309.181151" />
    <tag k="local_y" v="101.486139" />
    <tag k="ele" v="0" />
  </node>
  <node id="19855" lat="42.99354048698" lon="-78.79628604738">
    <tag k="local_x" v="-309.191260" />
    <tag k="local_y" v="102.481793" />
    <tag k="ele" v="0" />
  </node>
  <node id="19856" lat="42.99354944936" lon="-78.79628617215">
    <tag k="local_x" v="-309.201390" />
    <tag k="local_y" v="103.477446" />
    <tag k="ele" v="0" />
  </node>
  <node id="19857" lat="42.99355841173" lon="-78.79628629676">
    <tag k="local_x" v="-309.211507" />
    <tag k="local_y" v="104.473101" />
    <tag k="ele" v="0" />
  </node>
  <node id="19858" lat="42.99356737411" lon="-78.79628642130">
    <tag k="local_x" v="-309.221618" />
    <tag k="local_y" v="105.468755" />
    <tag k="ele" v="0" />
  </node>
  <node id="19859" lat="42.99357633648" lon="-78.79628654589">
    <tag k="local_x" v="-309.231734" />
    <tag k="local_y" v="106.464409" />
    <tag k="ele" v="0" />
  </node>
  <node id="19860" lat="42.99358529885" lon="-78.79628667045">
    <tag k="local_x" v="-309.241847" />
    <tag k="local_y" v="107.460063" />
    <tag k="ele" v="0" />
  </node>
  <node id="19861" lat="42.99359426123" lon="-78.79628679503">
    <tag k="local_x" v="-309.251961" />
    <tag k="local_y" v="108.455717" />
    <tag k="ele" v="0" />
  </node>
  <node id="19862" lat="42.99360322360" lon="-78.79628691961">
    <tag k="local_x" v="-309.262075" />
    <tag k="local_y" v="109.451371" />
    <tag k="ele" v="0" />
  </node>
  <node id="19863" lat="42.99361218598" lon="-78.79628704416">
    <tag k="local_x" v="-309.272187" />
    <tag k="local_y" v="110.447025" />
    <tag k="ele" v="0" />
  </node>
  <node id="19864" lat="42.99362114835" lon="-78.79628716876">
    <tag k="local_x" v="-309.282303" />
    <tag k="local_y" v="111.442679" />
    <tag k="ele" v="0" />
  </node>
  <node id="19865" lat="42.99363011073" lon="-78.79628729352">
    <tag k="local_x" v="-309.292433" />
    <tag k="local_y" v="112.438333" />
    <tag k="ele" v="0" />
  </node>
  <node id="19866" lat="42.99363907310" lon="-78.79628741805">
    <tag k="local_x" v="-309.302543" />
    <tag k="local_y" v="113.433987" />
    <tag k="ele" v="0" />
  </node>
  <node id="19867" lat="42.99364803547" lon="-78.79628754268">
    <tag k="local_x" v="-309.312661" />
    <tag k="local_y" v="114.429641" />
    <tag k="ele" v="0" />
  </node>
  <node id="19868" lat="42.99365699785" lon="-78.79628766719">
    <tag k="local_x" v="-309.322770" />
    <tag k="local_y" v="115.425295" />
    <tag k="ele" v="0" />
  </node>
  <node id="19869" lat="42.99366596022" lon="-78.79628779185">
    <tag k="local_x" v="-309.332891" />
    <tag k="local_y" v="116.420949" />
    <tag k="ele" v="0" />
  </node>
  <node id="19870" lat="42.99367492260" lon="-78.79628791635">
    <tag k="local_x" v="-309.342999" />
    <tag k="local_y" v="117.416603" />
    <tag k="ele" v="0" />
  </node>
  <node id="19871" lat="42.99368388497" lon="-78.79628804101">
    <tag k="local_x" v="-309.353120" />
    <tag k="local_y" v="118.412257" />
    <tag k="ele" v="0" />
  </node>
  <node id="19872" lat="42.99369284735" lon="-78.79628816563">
    <tag k="local_x" v="-309.363238" />
    <tag k="local_y" v="119.407911" />
    <tag k="ele" v="0" />
  </node>
  <node id="19873" lat="42.99370180972" lon="-78.79628829020">
    <tag k="local_x" v="-309.373352" />
    <tag k="local_y" v="120.403565" />
    <tag k="ele" v="0" />
  </node>
  <node id="19874" lat="42.99371077209" lon="-78.79628841493">
    <tag k="local_x" v="-309.383478" />
    <tag k="local_y" v="121.399219" />
    <tag k="ele" v="0" />
  </node>
  <node id="19875" lat="42.99371973447" lon="-78.79628853937">
    <tag k="local_x" v="-309.393582" />
    <tag k="local_y" v="122.394873" />
    <tag k="ele" v="0" />
  </node>
  <node id="19876" lat="42.99372869684" lon="-78.79628866408">
    <tag k="local_x" v="-309.403707" />
    <tag k="local_y" v="123.390527" />
    <tag k="ele" v="0" />
  </node>
  <node id="19877" lat="42.99373765922" lon="-78.79628878851">
    <tag k="local_x" v="-309.413809" />
    <tag k="local_y" v="124.386181" />
    <tag k="ele" v="0" />
  </node>
  <node id="19878" lat="42.99374662159" lon="-78.79628891324">
    <tag k="local_x" v="-309.423935" />
    <tag k="local_y" v="125.381835" />
    <tag k="ele" v="0" />
  </node>
  <node id="19879" lat="42.99375558397" lon="-78.79628903764">
    <tag k="local_x" v="-309.434035" />
    <tag k="local_y" v="126.377489" />
    <tag k="ele" v="0" />
  </node>
  <node id="19880" lat="42.99376454634" lon="-78.79628916239">
    <tag k="local_x" v="-309.444164" />
    <tag k="local_y" v="127.373143" />
    <tag k="ele" v="0" />
  </node>
  <node id="19881" lat="42.99377350871" lon="-78.79628928697">
    <tag k="local_x" v="-309.454278" />
    <tag k="local_y" v="128.368797" />
    <tag k="ele" v="0" />
  </node>
  <node id="19882" lat="42.99378247109" lon="-78.79628941155">
    <tag k="local_x" v="-309.464392" />
    <tag k="local_y" v="129.364451" />
    <tag k="ele" v="0" />
  </node>
  <node id="19883" lat="42.99379143346" lon="-78.79628953629">
    <tag k="local_x" v="-309.474520" />
    <tag k="local_y" v="130.360105" />
    <tag k="ele" v="0" />
  </node>
  <node id="19884" lat="42.99380039584" lon="-78.79628966070">
    <tag k="local_x" v="-309.484621" />
    <tag k="local_y" v="131.355759" />
    <tag k="ele" v="0" />
  </node>
  <node id="19885" lat="42.99380935821" lon="-78.79628978543">
    <tag k="local_x" v="-309.494747" />
    <tag k="local_y" v="132.351413" />
    <tag k="ele" v="0" />
  </node>
  <node id="19886" lat="42.99381832058" lon="-78.79628990986">
    <tag k="local_x" v="-309.504849" />
    <tag k="local_y" v="133.347068" />
    <tag k="ele" v="0" />
  </node>
  <node id="19887" lat="42.99382728296" lon="-78.79629003459">
    <tag k="local_x" v="-309.514976" />
    <tag k="local_y" v="134.342721" />
    <tag k="ele" v="0" />
  </node>
  <node id="19888" lat="42.99383624533" lon="-78.79629015917">
    <tag k="local_x" v="-309.525090" />
    <tag k="local_y" v="135.338375" />
    <tag k="ele" v="0" />
  </node>
  <node id="19889" lat="42.99384520770" lon="-78.79629028378">
    <tag k="local_x" v="-309.535207" />
    <tag k="local_y" v="136.334029" />
    <tag k="ele" v="0" />
  </node>
  <node id="19890" lat="42.99385417008" lon="-78.79629040848">
    <tag k="local_x" v="-309.545331" />
    <tag k="local_y" v="137.329683" />
    <tag k="ele" v="0" />
  </node>
  <node id="19891" lat="42.99386313245" lon="-78.79629053296">
    <tag k="local_x" v="-309.555438" />
    <tag k="local_y" v="138.325338" />
    <tag k="ele" v="0" />
  </node>
  <node id="19892" lat="42.99387209483" lon="-78.79629065762">
    <tag k="local_x" v="-309.565558" />
    <tag k="local_y" v="139.320992" />
    <tag k="ele" v="0" />
  </node>
  <node id="19893" lat="42.99388105720" lon="-78.79629078211">
    <tag k="local_x" v="-309.575666" />
    <tag k="local_y" v="140.316646" />
    <tag k="ele" v="0" />
  </node>
  <node id="19894" lat="42.99389001957" lon="-78.79629090676">
    <tag k="local_x" v="-309.585785" />
    <tag k="local_y" v="141.312300" />
    <tag k="ele" v="0" />
  </node>
  <node id="19895" lat="42.99389898195" lon="-78.79629103127">
    <tag k="local_x" v="-309.595894" />
    <tag k="local_y" v="142.307954" />
    <tag k="ele" v="0" />
  </node>
  <node id="19896" lat="42.99390794432" lon="-78.79629115589">
    <tag k="local_x" v="-309.606012" />
    <tag k="local_y" v="143.303608" />
    <tag k="ele" v="0" />
  </node>
  <node id="19897" lat="42.99391690670" lon="-78.79629128043">
    <tag k="local_x" v="-309.616123" />
    <tag k="local_y" v="144.299262" />
    <tag k="ele" v="0" />
  </node>
  <node id="19898" lat="42.99392586907" lon="-78.79629140519">
    <tag k="local_x" v="-309.626252" />
    <tag k="local_y" v="145.294916" />
    <tag k="ele" v="0" />
  </node>
  <node id="19899" lat="42.99393483144" lon="-78.79629152979">
    <tag k="local_x" v="-309.636368" />
    <tag k="local_y" v="146.290570" />
    <tag k="ele" v="0" />
  </node>
  <node id="19900" lat="42.99394379382" lon="-78.79629165435">
    <tag k="local_x" v="-309.646481" />
    <tag k="local_y" v="147.286224" />
    <tag k="ele" v="0" />
  </node>
  <node id="19901" lat="42.99395275619" lon="-78.79629177892">
    <tag k="local_x" v="-309.656595" />
    <tag k="local_y" v="148.281878" />
    <tag k="ele" v="0" />
  </node>
  <node id="19902" lat="42.99396171856" lon="-78.79629190350">
    <tag k="local_x" v="-309.666709" />
    <tag k="local_y" v="149.277532" />
    <tag k="ele" v="0" />
  </node>
  <node id="19903" lat="42.99397068094" lon="-78.79629202806">
    <tag k="local_x" v="-309.676822" />
    <tag k="local_y" v="150.273186" />
    <tag k="ele" v="0" />
  </node>
  <node id="19904" lat="42.99397964331" lon="-78.79629215266">
    <tag k="local_x" v="-309.686938" />
    <tag k="local_y" v="151.268840" />
    <tag k="ele" v="0" />
  </node>
  <node id="19905" lat="42.99398860569" lon="-78.79629227743">
    <tag k="local_x" v="-309.697067" />
    <tag k="local_y" v="152.264494" />
    <tag k="ele" v="0" />
  </node>
  <node id="19906" lat="42.99399756806" lon="-78.79629240196">
    <tag k="local_x" v="-309.707177" />
    <tag k="local_y" v="153.260148" />
    <tag k="ele" v="0" />
  </node>
  <node id="19907" lat="42.99400653043" lon="-78.79629252658">
    <tag k="local_x" v="-309.717296" />
    <tag k="local_y" v="154.255802" />
    <tag k="ele" v="0" />
  </node>
  <node id="19908" lat="42.99401549281" lon="-78.79629265109">
    <tag k="local_x" v="-309.727404" />
    <tag k="local_y" v="155.251456" />
    <tag k="ele" v="0" />
  </node>
  <node id="19909" lat="42.99402445518" lon="-78.79629277574">
    <tag k="local_x" v="-309.737524" />
    <tag k="local_y" v="156.247110" />
    <tag k="ele" v="0" />
  </node>
  <node id="19910" lat="42.99403341755" lon="-78.79629290023">
    <tag k="local_x" v="-309.747631" />
    <tag k="local_y" v="157.242764" />
    <tag k="ele" v="0" />
  </node>
  <node id="19911" lat="42.99404237993" lon="-78.79629302489">
    <tag k="local_x" v="-309.757752" />
    <tag k="local_y" v="158.238418" />
    <tag k="ele" v="0" />
  </node>
  <node id="19912" lat="42.99405134230" lon="-78.79629314954">
    <tag k="local_x" v="-309.767872" />
    <tag k="local_y" v="159.234072" />
    <tag k="ele" v="0" />
  </node>
  <node id="19913" lat="42.99406030468" lon="-78.79629327412">
    <tag k="local_x" v="-309.777986" />
    <tag k="local_y" v="160.229726" />
    <tag k="ele" v="0" />
  </node>
  <node id="19914" lat="42.99406926705" lon="-78.79629339869">
    <tag k="local_x" v="-309.788100" />
    <tag k="local_y" v="161.225380" />
    <tag k="ele" v="0" />
  </node>
  <node id="19915" lat="42.99407822942" lon="-78.79629352326">
    <tag k="local_x" v="-309.798214" />
    <tag k="local_y" v="162.221034" />
    <tag k="ele" v="0" />
  </node>
  <node id="19916" lat="42.99408719180" lon="-78.79629364800">
    <tag k="local_x" v="-309.808341" />
    <tag k="local_y" v="163.216688" />
    <tag k="ele" v="0" />
  </node>
  <node id="19917" lat="42.99409615417" lon="-78.79629377243">
    <tag k="local_x" v="-309.818443" />
    <tag k="local_y" v="164.212342" />
    <tag k="ele" v="0" />
  </node>
  <node id="19918" lat="42.99410511654" lon="-78.79629389716">
    <tag k="local_x" v="-309.828569" />
    <tag k="local_y" v="165.207996" />
    <tag k="ele" v="0" />
  </node>
  <node id="19919" lat="42.99411407892" lon="-78.79629402101">
    <tag k="local_x" v="-309.838624" />
    <tag k="local_y" v="166.203651" />
    <tag k="ele" v="0" />
  </node>
  <node id="19920" lat="42.99412304137" lon="-78.79629413543">
    <tag k="local_x" v="-309.847910" />
    <tag k="local_y" v="167.199313" />
    <tag k="ele" v="0" />
  </node>
  <node id="19921" lat="42.99419937012" lon="-78.79774302463">
    <tag k="local_x" v="-428.002467" />
    <tag k="local_y" v="175.685236" />
    <tag k="ele" v="0" />
  </node>
  <node id="19922" lat="42.99419768015" lon="-78.79775467889">
    <tag k="local_x" v="-428.952868" />
    <tag k="local_y" v="175.497553" />
    <tag k="ele" v="0" />
  </node>
  <node id="19923" lat="42.99419492186" lon="-78.79776594688">
    <tag k="local_x" v="-429.871777" />
    <tag k="local_y" v="175.191185" />
    <tag k="ele" v="0" />
  </node>
  <node id="19924" lat="42.99419113235" lon="-78.79777664397">
    <tag k="local_x" v="-430.744136" />
    <tag k="local_y" v="174.770252" />
    <tag k="ele" v="0" />
  </node>
  <node id="19925" lat="42.99418637041" lon="-78.79778659361">
    <tag k="local_x" v="-431.555549" />
    <tag k="local_y" v="174.241287" />
    <tag k="ele" v="0" />
  </node>
  <node id="19926" lat="42.99418071108" lon="-78.79779562918">
    <tag k="local_x" v="-432.292427" />
    <tag k="local_y" v="173.612624" />
    <tag k="ele" v="0" />
  </node>
  <node id="19927" lat="42.99417424263" lon="-78.79780359353">
    <tag k="local_x" v="-432.941955" />
    <tag k="local_y" v="172.894068" />
    <tag k="ele" v="0" />
  </node>
  <node id="19928" lat="42.99416706633" lon="-78.79781033924">
    <tag k="local_x" v="-433.492109" />
    <tag k="local_y" v="172.096868" />
    <tag k="ele" v="0" />
  </node>
  <node id="19929" lat="42.99415929787" lon="-78.79781573194">
    <tag k="local_x" v="-433.931931" />
    <tag k="local_y" v="171.233877" />
    <tag k="ele" v="0" />
  </node>
  <node id="19930" lat="42.99415106886" lon="-78.79781965835">
    <tag k="local_x" v="-434.252183" />
    <tag k="local_y" v="170.319716" />
    <tag k="ele" v="0" />
  </node>
  <node id="19931" lat="42.99414252565" lon="-78.79782203895">
    <tag k="local_x" v="-434.446378" />
    <tag k="local_y" v="169.370640" />
    <tag k="ele" v="0" />
  </node>
  <node id="19932" lat="42.99423808488" lon="-78.79776414136">
    <tag k="local_x" v="-429.724238" />
    <tag k="local_y" v="179.986269" />
    <tag k="ele" v="0" />
  </node>
  <node id="19933" lat="42.99423694386" lon="-78.79777602261">
    <tag k="local_x" v="-430.693145" />
    <tag k="local_y" v="179.859570" />
    <tag k="ele" v="0" />
  </node>
  <node id="19934" lat="42.99423511706" lon="-78.79778774518">
    <tag k="local_x" v="-431.649117" />
    <tag k="local_y" v="179.656686" />
    <tag k="ele" v="0" />
  </node>
  <node id="19935" lat="42.99423246768" lon="-78.79779917250">
    <tag k="local_x" v="-432.581018" />
    <tag k="local_y" v="179.362419" />
    <tag k="ele" v="0" />
  </node>
  <node id="19936" lat="42.99422915185" lon="-78.79781027106">
    <tag k="local_x" v="-433.486113" />
    <tag k="local_y" v="178.994111" />
    <tag k="ele" v="0" />
  </node>
  <node id="19937" lat="42.99422511615" lon="-78.79782091659">
    <tag k="local_x" v="-434.354269" />
    <tag k="local_y" v="178.545830" />
    <tag k="ele" v="0" />
  </node>
  <node id="19938" lat="42.99422037465" lon="-78.79783100896">
    <tag k="local_x" v="-435.177321" />
    <tag k="local_y" v="178.019137" />
    <tag k="ele" v="0" />
  </node>
  <node id="19939" lat="42.99421499866" lon="-78.79784049149">
    <tag k="local_x" v="-435.950646" />
    <tag k="local_y" v="177.421952" />
    <tag k="ele" v="0" />
  </node>
  <node id="19940" lat="42.99420893820" lon="-78.79784917544">
    <tag k="local_x" v="-436.658853" />
    <tag k="local_y" v="176.748726" />
    <tag k="ele" v="0" />
  </node>
  <node id="19941" lat="42.99420232470" lon="-78.79785707354">
    <tag k="local_x" v="-437.302980" />
    <tag k="local_y" v="176.014055" />
    <tag k="ele" v="0" />
  </node>
  <node id="19942" lat="42.99419510756" lon="-78.79786392155">
    <tag k="local_x" v="-437.861476" />
    <tag k="local_y" v="175.212320" />
    <tag k="ele" v="0" />
  </node>
  <node id="19943" lat="42.99418743920" lon="-78.79786978654">
    <tag k="local_x" v="-438.339813" />
    <tag k="local_y" v="174.360453" />
    <tag k="ele" v="0" />
  </node>
  <node id="19944" lat="42.99417931345" lon="-78.79787436934">
    <tag k="local_x" v="-438.713592" />
    <tag k="local_y" v="173.457766" />
    <tag k="ele" v="0" />
  </node>
  <node id="19945" lat="42.99417088618" lon="-78.79787779048">
    <tag k="local_x" v="-438.992642" />
    <tag k="local_y" v="172.521575" />
    <tag k="ele" v="0" />
  </node>
  <node id="19946" lat="42.99416221185" lon="-78.79787976076">
    <tag k="local_x" v="-439.153377" />
    <tag k="local_y" v="171.557932" />
    <tag k="ele" v="0" />
  </node>
  <node id="19947" lat="42.99414252201" lon="-78.79782197029">
    <tag k="local_x" v="-434.440778" />
    <tag k="local_y" v="169.370235" />
    <tag k="ele" v="0" />
  </node>
  <node id="19948" lat="42.99415105103" lon="-78.79781954893">
    <tag k="local_x" v="-434.243260" />
    <tag k="local_y" v="170.317734" />
    <tag k="ele" v="0" />
  </node>
  <node id="19949" lat="42.99415926170" lon="-78.79781560240">
    <tag k="local_x" v="-433.921367" />
    <tag k="local_y" v="171.229859" />
    <tag k="ele" v="0" />
  </node>
  <node id="19950" lat="42.99416701125" lon="-78.79781020398">
    <tag k="local_x" v="-433.481079" />
    <tag k="local_y" v="172.090749" />
    <tag k="ele" v="0" />
  </node>
  <node id="19951" lat="42.99417416991" lon="-78.79780346259">
    <tag k="local_x" v="-432.931277" />
    <tag k="local_y" v="172.885989" />
    <tag k="ele" v="0" />
  </node>
  <node id="19952" lat="42.99418062315" lon="-78.79779550991">
    <tag k="local_x" v="-432.282701" />
    <tag k="local_y" v="173.602855" />
    <tag k="ele" v="0" />
  </node>
  <node id="19953" lat="42.99418627095" lon="-78.79778649185">
    <tag k="local_x" v="-431.547251" />
    <tag k="local_y" v="174.230238" />
    <tag k="ele" v="0" />
  </node>
  <node id="19954" lat="42.99419102689" lon="-78.79777656451">
    <tag k="local_x" v="-430.737657" />
    <tag k="local_y" v="174.758536" />
    <tag k="ele" v="0" />
  </node>
  <node id="19955" lat="42.99419481879" lon="-78.79776589310">
    <tag k="local_x" v="-429.867392" />
    <tag k="local_y" v="175.179734" />
    <tag k="ele" v="0" />
  </node>
  <node id="19956" lat="42.99419759194" lon="-78.79775465132">
    <tag k="local_x" v="-428.950621" />
    <tag k="local_y" v="175.487753" />
    <tag k="ele" v="0" />
  </node>
  <node id="19957" lat="42.99419931442" lon="-78.79774301821">
    <tag k="local_x" v="-428.001944" />
    <tag k="local_y" v="175.679049" />
    <tag k="ele" v="0" />
  </node>
  <node id="19958" lat="42.99414255119" lon="-78.79776590150">
    <tag k="local_x" v="-429.868441" />
    <tag k="local_y" v="169.373189" />
    <tag k="ele" v="0" />
  </node>
  <node id="19959" lat="42.99415006986" lon="-78.79776066236">
    <tag k="local_x" v="-429.441143" />
    <tag k="local_y" v="170.208431" />
    <tag k="ele" v="0" />
  </node>
  <node id="19960" lat="42.99415605958" lon="-78.79775255713">
    <tag k="local_x" v="-428.780131" />
    <tag k="local_y" v="170.873803" />
    <tag k="ele" v="0" />
  </node>
  <node id="19961" lat="42.99415995570" lon="-78.79774234988">
    <tag k="local_x" v="-427.947716" />
    <tag k="local_y" v="171.306582" />
    <tag k="ele" v="0" />
  </node>
  <node id="19962" lat="42.99420927616" lon="-78.79528915725">
    <tag k="local_x" v="-227.892888" />
    <tag k="local_y" v="176.776146" />
    <tag k="ele" v="0" />
  </node>
  <node id="19963" lat="42.99420931920" lon="-78.79527717022">
    <tag k="local_x" v="-226.915363" />
    <tag k="local_y" v="176.780895" />
    <tag k="ele" v="0" />
  </node>
  <node id="19964" lat="42.99420936224" lon="-78.79526518320">
    <tag k="local_x" v="-225.937837" />
    <tag k="local_y" v="176.785644" />
    <tag k="ele" v="0" />
  </node>
  <node id="19965" lat="42.99420940527" lon="-78.79525319617">
    <tag k="local_x" v="-224.960311" />
    <tag k="local_y" v="176.790393" />
    <tag k="ele" v="0" />
  </node>
  <node id="19966" lat="42.99420944836" lon="-78.79524120915">
    <tag k="local_x" v="-223.982786" />
    <tag k="local_y" v="176.795147" />
    <tag k="ele" v="0" />
  </node>
  <node id="19967" lat="42.99420949280" lon="-78.79522922213">
    <tag k="local_x" v="-223.005261" />
    <tag k="local_y" v="176.800053" />
    <tag k="ele" v="0" />
  </node>
  <node id="19968" lat="42.99420954094" lon="-78.79521723514">
    <tag k="local_x" v="-222.027738" />
    <tag k="local_y" v="176.805369" />
    <tag k="ele" v="0" />
  </node>
  <node id="19969" lat="42.99420958908" lon="-78.79520524815">
    <tag k="local_x" v="-221.050216" />
    <tag k="local_y" v="176.810685" />
    <tag k="ele" v="0" />
  </node>
  <node id="19970" lat="42.99420963722" lon="-78.79519326116">
    <tag k="local_x" v="-220.072693" />
    <tag k="local_y" v="176.816001" />
    <tag k="ele" v="0" />
  </node>
  <node id="19971" lat="42.99420968535" lon="-78.79518127417">
    <tag k="local_x" v="-219.095170" />
    <tag k="local_y" v="176.821318" />
    <tag k="ele" v="0" />
  </node>
  <node id="19972" lat="42.99420973349" lon="-78.79516928719">
    <tag k="local_x" v="-218.117648" />
    <tag k="local_y" v="176.826634" />
    <tag k="ele" v="0" />
  </node>
  <node id="19973" lat="42.99420978162" lon="-78.79515730020">
    <tag k="local_x" v="-217.140125" />
    <tag k="local_y" v="176.831950" />
    <tag k="ele" v="0" />
  </node>
  <node id="19974" lat="42.99420982981" lon="-78.79514531321">
    <tag k="local_x" v="-216.162602" />
    <tag k="local_y" v="176.837272" />
    <tag k="ele" v="0" />
  </node>
  <node id="19975" lat="42.99420987795" lon="-78.79513332622">
    <tag k="local_x" v="-215.185080" />
    <tag k="local_y" v="176.842590" />
    <tag k="ele" v="0" />
  </node>
  <node id="19976" lat="42.99420992602" lon="-78.79512133923">
    <tag k="local_x" v="-214.207557" />
    <tag k="local_y" v="176.847899" />
    <tag k="ele" v="0" />
  </node>
  <node id="19977" lat="42.99420997418" lon="-78.79510935224">
    <tag k="local_x" v="-213.230034" />
    <tag k="local_y" v="176.853219" />
    <tag k="ele" v="0" />
  </node>
  <node id="19978" lat="42.99421002230" lon="-78.79509736525">
    <tag k="local_x" v="-212.252512" />
    <tag k="local_y" v="176.858534" />
    <tag k="ele" v="0" />
  </node>
  <node id="19979" lat="42.99421007047" lon="-78.79508537826">
    <tag k="local_x" v="-211.274989" />
    <tag k="local_y" v="176.863855" />
    <tag k="ele" v="0" />
  </node>
  <node id="19980" lat="42.99421011857" lon="-78.79507339127">
    <tag k="local_x" v="-210.297467" />
    <tag k="local_y" v="176.869169" />
    <tag k="ele" v="0" />
  </node>
  <node id="19981" lat="42.99421016664" lon="-78.79506140428">
    <tag k="local_x" v="-209.319944" />
    <tag k="local_y" v="176.874480" />
    <tag k="ele" v="0" />
  </node>
  <node id="19982" lat="42.99421021483" lon="-78.79504941729">
    <tag k="local_x" v="-208.342421" />
    <tag k="local_y" v="176.879803" />
    <tag k="ele" v="0" />
  </node>
  <node id="19983" lat="42.99421026292" lon="-78.79503743030">
    <tag k="local_x" v="-207.364899" />
    <tag k="local_y" v="176.885116" />
    <tag k="ele" v="0" />
  </node>
  <node id="19984" lat="42.99421031104" lon="-78.79502544331">
    <tag k="local_x" v="-206.387376" />
    <tag k="local_y" v="176.890432" />
    <tag k="ele" v="0" />
  </node>
  <node id="19985" lat="42.99424791012" lon="-78.79528941710">
    <tag k="local_x" v="-227.913936" />
    <tag k="local_y" v="181.068095" />
    <tag k="ele" v="0" />
  </node>
  <node id="19986" lat="42.99424795315" lon="-78.79527743129">
    <tag k="local_x" v="-226.936510" />
    <tag k="local_y" v="181.072843" />
    <tag k="ele" v="0" />
  </node>
  <node id="19987" lat="42.99424799619" lon="-78.79526544548">
    <tag k="local_x" v="-225.959084" />
    <tag k="local_y" v="181.077591" />
    <tag k="ele" v="0" />
  </node>
  <node id="19988" lat="42.99424803922" lon="-78.79525345967">
    <tag k="local_x" v="-224.981658" />
    <tag k="local_y" v="181.082340" />
    <tag k="ele" v="0" />
  </node>
  <node id="19989" lat="42.99424808230" lon="-78.79524147386">
    <tag k="local_x" v="-224.004233" />
    <tag k="local_y" v="181.087094" />
    <tag k="ele" v="0" />
  </node>
  <node id="19990" lat="42.99424812674" lon="-78.79522948806">
    <tag k="local_x" v="-223.026808" />
    <tag k="local_y" v="181.091999" />
    <tag k="ele" v="0" />
  </node>
  <node id="19991" lat="42.99424817487" lon="-78.79521750229">
    <tag k="local_x" v="-222.049385" />
    <tag k="local_y" v="181.097315" />
    <tag k="ele" v="0" />
  </node>
  <node id="19992" lat="42.99424822301" lon="-78.79520551651">
    <tag k="local_x" v="-221.071962" />
    <tag k="local_y" v="181.102630" />
    <tag k="ele" v="0" />
  </node>
  <node id="19993" lat="42.99424827114" lon="-78.79519353074">
    <tag k="local_x" v="-220.094539" />
    <tag k="local_y" v="181.107946" />
    <tag k="ele" v="0" />
  </node>
  <node id="19994" lat="42.99424831927" lon="-78.79518154497">
    <tag k="local_x" v="-219.117116" />
    <tag k="local_y" v="181.113262" />
    <tag k="ele" v="0" />
  </node>
  <node id="19995" lat="42.99424836740" lon="-78.79516955919">
    <tag k="local_x" v="-218.139693" />
    <tag k="local_y" v="181.118578" />
    <tag k="ele" v="0" />
  </node>
  <node id="19996" lat="42.99424841553" lon="-78.79515757342">
    <tag k="local_x" v="-217.162270" />
    <tag k="local_y" v="181.123893" />
    <tag k="ele" v="0" />
  </node>
  <node id="19997" lat="42.99424846371" lon="-78.79514558765">
    <tag k="local_x" v="-216.184847" />
    <tag k="local_y" v="181.129215" />
    <tag k="ele" v="0" />
  </node>
  <node id="19998" lat="42.99424851185" lon="-78.79513360187">
    <tag k="local_x" v="-215.207424" />
    <tag k="local_y" v="181.134532" />
    <tag k="ele" v="0" />
  </node>
  <node id="19999" lat="42.99424855991" lon="-78.79512161610">
    <tag k="local_x" v="-214.230001" />
    <tag k="local_y" v="181.139841" />
    <tag k="ele" v="0" />
  </node>
  <node id="20000" lat="42.99424860807" lon="-78.79510963032">
    <tag k="local_x" v="-213.252578" />
    <tag k="local_y" v="181.145160" />
    <tag k="ele" v="0" />
  </node>
  <node id="20001" lat="42.99424865618" lon="-78.79509764455">
    <tag k="local_x" v="-212.275155" />
    <tag k="local_y" v="181.150474" />
    <tag k="ele" v="0" />
  </node>
  <node id="20002" lat="42.99424870435" lon="-78.79508565878">
    <tag k="local_x" v="-211.297733" />
    <tag k="local_y" v="181.155795" />
    <tag k="ele" v="0" />
  </node>
  <node id="20003" lat="42.99424875244" lon="-78.79507367300">
    <tag k="local_x" v="-210.320310" />
    <tag k="local_y" v="181.161108" />
    <tag k="ele" v="0" />
  </node>
  <node id="20004" lat="42.99424880051" lon="-78.79506168723">
    <tag k="local_x" v="-209.342887" />
    <tag k="local_y" v="181.166418" />
    <tag k="ele" v="0" />
  </node>
  <node id="20005" lat="42.99424884869" lon="-78.79504970145">
    <tag k="local_x" v="-208.365464" />
    <tag k="local_y" v="181.171741" />
    <tag k="ele" v="0" />
  </node>
  <node id="20006" lat="42.99424889678" lon="-78.79503771568">
    <tag k="local_x" v="-207.388041" />
    <tag k="local_y" v="181.177054" />
    <tag k="ele" v="0" />
  </node>
  <node id="20007" lat="42.99424894489" lon="-78.79502572991">
    <tag k="local_x" v="-206.410618" />
    <tag k="local_y" v="181.182369" />
    <tag k="ele" v="0" />
  </node>
  <node id="20008" lat="42.99420874257" lon="-78.79533068439">
    <tag k="local_x" v="-231.279372" />
    <tag k="local_y" v="176.716982" />
    <tag k="ele" v="0" />
  </node>
  <node id="20009" lat="42.99420804800" lon="-78.79531895189">
    <tag k="local_x" v="-230.322605" />
    <tag k="local_y" v="176.639788" />
    <tag k="ele" v="0" />
  </node>
  <node id="20010" lat="42.99420693473" lon="-78.79530726758">
    <tag k="local_x" v="-229.369770" />
    <tag k="local_y" v="176.516079" />
    <tag k="ele" v="0" />
  </node>
  <node id="20011" lat="42.99420507351" lon="-78.79529576300">
    <tag k="local_x" v="-228.431594" />
    <tag k="local_y" v="176.309281" />
    <tag k="ele" v="0" />
  </node>
  <node id="20012" lat="42.99420277396" lon="-78.79528441822">
    <tag k="local_x" v="-227.506451" />
    <tag k="local_y" v="176.053787" />
    <tag k="ele" v="0" />
  </node>
  <node id="20013" lat="42.99419999041" lon="-78.79527327006">
    <tag k="local_x" v="-226.597344" />
    <tag k="local_y" v="175.744524" />
    <tag k="ele" v="0" />
  </node>
  <node id="20014" lat="42.99419651891" lon="-78.79526247848">
    <tag k="local_x" v="-225.717318" />
    <tag k="local_y" v="175.358838" />
    <tag k="ele" v="0" />
  </node>
  <node id="20015" lat="42.99419238250" lon="-78.79525214253">
    <tag k="local_x" v="-224.874450" />
    <tag k="local_y" v="174.899286" />
    <tag k="ele" v="0" />
  </node>
  <node id="20016" lat="42.99418763405" lon="-78.79524231829">
    <tag k="local_x" v="-224.073314" />
    <tag k="local_y" v="174.371742" />
    <tag k="ele" v="0" />
  </node>
  <node id="20017" lat="42.99418221386" lon="-78.79523316492">
    <tag k="local_x" v="-223.326889" />
    <tag k="local_y" v="173.769573" />
    <tag k="ele" v="0" />
  </node>
  <node id="20018" lat="42.99417606779" lon="-78.79522490255">
    <tag k="local_x" v="-222.653125" />
    <tag k="local_y" v="173.086769" />
    <tag k="ele" v="0" />
  </node>
  <node id="20019" lat="42.99416916548" lon="-78.79521782610">
    <tag k="local_x" v="-222.076076" />
    <tag k="local_y" v="172.319954" />
    <tag k="ele" v="0" />
  </node>
  <node id="20020" lat="42.99416153422" lon="-78.79521230046">
    <tag k="local_x" v="-221.625494" />
    <tag k="local_y" v="171.472163" />
    <tag k="ele" v="0" />
  </node>
  <node id="20021" lat="42.99415330137" lon="-78.79520870754">
    <tag k="local_x" v="-221.332526" />
    <tag k="local_y" v="170.557545" />
    <tag k="ele" v="0" />
  </node>
  <node id="20022" lat="42.99416913811" lon="-78.79533079539">
    <tag k="local_x" v="-231.288572" />
    <tag k="local_y" v="172.317218" />
    <tag k="ele" v="0" />
  </node>
  <node id="20023" lat="42.99416531867" lon="-78.79532050432">
    <tag k="local_x" v="-230.449363" />
    <tag k="local_y" v="171.892879" />
    <tag k="ele" v="0" />
  </node>
  <node id="20024" lat="42.99415939705" lon="-78.79531226861">
    <tag k="local_x" v="-229.777773" />
    <tag k="local_y" v="171.235008" />
    <tag k="ele" v="0" />
  </node>
  <node id="20025" lat="42.99415192347" lon="-78.79530685350">
    <tag k="local_x" v="-229.336207" />
    <tag k="local_y" v="170.404734" />
    <tag k="ele" v="0" />
  </node>
  <node id="20026" lat="42.99416759856" lon="-78.79496572865">
    <tag k="local_x" v="-201.517867" />
    <tag k="local_y" v="172.145245" />
    <tag k="ele" v="0" />
  </node>
  <node id="20027" lat="42.99417605398" lon="-78.79496781046">
    <tag k="local_x" v="-201.687608" />
    <tag k="local_y" v="173.084586" />
    <tag k="ele" v="0" />
  </node>
  <node id="20028" lat="42.99418425297" lon="-78.79497131284">
    <tag k="local_x" v="-201.973196" />
    <tag k="local_y" v="173.995441" />
    <tag k="ele" v="0" />
  </node>
  <node id="20029" lat="42.99419200462" lon="-78.79497636426">
    <tag k="local_x" v="-202.385107" />
    <tag k="local_y" v="174.856605" />
    <tag k="ele" v="0" />
  </node>
  <node id="20030" lat="42.99419902186" lon="-78.79498311225">
    <tag k="local_x" v="-202.935373" />
    <tag k="local_y" v="175.636185" />
    <tag k="ele" v="0" />
  </node>
  <node id="20031" lat="42.99420486007" lon="-78.79499167505">
    <tag k="local_x" v="-203.633638" />
    <tag k="local_y" v="176.284787" />
    <tag k="ele" v="0" />
  </node>
  <node id="20032" lat="42.99420887589" lon="-78.79500197665">
    <tag k="local_x" v="-204.473706" />
    <tag k="local_y" v="176.730940" />
    <tag k="ele" v="0" />
  </node>
  <node id="20033" lat="42.99416780599" lon="-78.79487116639">
    <tag k="local_x" v="-193.806439" />
    <tag k="local_y" v="172.168067" />
    <tag k="ele" v="0" />
  </node>
  <node id="20034" lat="42.99417619758" lon="-78.79487312411">
    <tag k="local_x" v="-193.966062" />
    <tag k="local_y" v="173.100315" />
    <tag k="ele" v="0" />
  </node>
  <node id="20035" lat="42.99418438464" lon="-78.79487629244">
    <tag k="local_x" v="-194.224409" />
    <tag k="local_y" v="174.009845" />
    <tag k="ele" v="0" />
  </node>
  <node id="20036" lat="42.99419227927" lon="-78.79488061843">
    <tag k="local_x" v="-194.577163" />
    <tag k="local_y" v="174.886890" />
    <tag k="ele" v="0" />
  </node>
  <node id="20037" lat="42.99419980547" lon="-78.79488602484">
    <tag k="local_x" v="-195.018025" />
    <tag k="local_y" v="175.723008" />
    <tag k="ele" v="0" />
  </node>
  <node id="20038" lat="42.99420690143" lon="-78.79489241936">
    <tag k="local_x" v="-195.539466" />
    <tag k="local_y" v="176.511331" />
    <tag k="ele" v="0" />
  </node>
  <node id="20039" lat="42.99421351948" lon="-78.79489970293">
    <tag k="local_x" v="-196.133411" />
    <tag k="local_y" v="177.246565" />
    <tag k="ele" v="0" />
  </node>
  <node id="20040" lat="42.99421962444" lon="-78.79490777600">
    <tag k="local_x" v="-196.791739" />
    <tag k="local_y" v="177.924800" />
    <tag k="ele" v="0" />
  </node>
  <node id="20041" lat="42.99422519145" lon="-78.79491654252">
    <tag k="local_x" v="-197.506619" />
    <tag k="local_y" v="178.543274" />
    <tag k="ele" v="0" />
  </node>
  <node id="20042" lat="42.99423020372" lon="-78.79492591213">
    <tag k="local_x" v="-198.270681" />
    <tag k="local_y" v="179.100123" />
    <tag k="ele" v="0" />
  </node>
  <node id="20043" lat="42.99423465077" lon="-78.79493580098">
    <tag k="local_x" v="-199.077089" />
    <tag k="local_y" v="179.594180" />
    <tag k="ele" v="0" />
  </node>
  <node id="20044" lat="42.99423852704" lon="-78.79494613189">
    <tag k="local_x" v="-199.919547" />
    <tag k="local_y" v="180.024830" />
    <tag k="ele" v="0" />
  </node>
  <node id="20045" lat="42.99424174928" lon="-78.79495687397">
    <tag k="local_x" v="-200.795538" />
    <tag k="local_y" v="180.382823" />
    <tag k="ele" v="0" />
  </node>
  <node id="20046" lat="42.99424434803" lon="-78.79496792028">
    <tag k="local_x" v="-201.696341" />
    <tag k="local_y" v="180.671551" />
    <tag k="ele" v="0" />
  </node>
  <node id="20047" lat="42.99424636128" lon="-78.79497918627">
    <tag k="local_x" v="-202.615059" />
    <tag k="local_y" v="180.895235" />
    <tag k="ele" v="0" />
  </node>
  <node id="20048" lat="42.99424779764" lon="-78.79499061326">
    <tag k="local_x" v="-203.546909" />
    <tag k="local_y" v="181.054832" />
    <tag k="ele" v="0" />
  </node>
  <node id="20049" lat="42.99424866950" lon="-78.79500214815">
    <tag k="local_x" v="-204.487560" />
    <tag k="local_y" v="181.151717" />
    <tag k="ele" v="0" />
  </node>
  <node id="20050" lat="42.99420002916" lon="-78.79771900334">
    <tag k="local_x" v="-426.043559" />
    <tag k="local_y" v="175.758329" />
    <tag k="ele" v="0" />
  </node>
  <node id="20051" lat="42.99420007552" lon="-78.79770683599">
    <tag k="local_x" v="-425.051328" />
    <tag k="local_y" v="175.763417" />
    <tag k="ele" v="0" />
  </node>
  <node id="20052" lat="42.99420012189" lon="-78.79769466864">
    <tag k="local_x" v="-424.059097" />
    <tag k="local_y" v="175.768507" />
    <tag k="ele" v="0" />
  </node>
  <node id="20053" lat="42.99420016835" lon="-78.79768250129">
    <tag k="local_x" v="-423.066866" />
    <tag k="local_y" v="175.773607" />
    <tag k="ele" v="0" />
  </node>
  <node id="20054" lat="42.99420021469" lon="-78.79767033394">
    <tag k="local_x" v="-422.074634" />
    <tag k="local_y" v="175.778694" />
    <tag k="ele" v="0" />
  </node>
  <node id="20055" lat="42.99420026104" lon="-78.79765816659">
    <tag k="local_x" v="-421.082403" />
    <tag k="local_y" v="175.783782" />
    <tag k="ele" v="0" />
  </node>
  <node id="20056" lat="42.99420030738" lon="-78.79764599924">
    <tag k="local_x" v="-420.090172" />
    <tag k="local_y" v="175.788869" />
    <tag k="ele" v="0" />
  </node>
  <node id="20057" lat="42.99420035372" lon="-78.79763383189">
    <tag k="local_x" v="-419.097941" />
    <tag k="local_y" v="175.793957" />
    <tag k="ele" v="0" />
  </node>
  <node id="20058" lat="42.99420040013" lon="-78.79762166454">
    <tag k="local_x" v="-418.105710" />
    <tag k="local_y" v="175.799052" />
    <tag k="ele" v="0" />
  </node>
  <node id="20059" lat="42.99420044654" lon="-78.79760949719">
    <tag k="local_x" v="-417.113479" />
    <tag k="local_y" v="175.804147" />
    <tag k="ele" v="0" />
  </node>
  <node id="20060" lat="42.99420049288" lon="-78.79759732984">
    <tag k="local_x" v="-416.121248" />
    <tag k="local_y" v="175.809234" />
    <tag k="ele" v="0" />
  </node>
  <node id="20061" lat="42.99420053922" lon="-78.79758516249">
    <tag k="local_x" v="-415.129017" />
    <tag k="local_y" v="175.814322" />
    <tag k="ele" v="0" />
  </node>
  <node id="20062" lat="42.99420058556" lon="-78.79757299514">
    <tag k="local_x" v="-414.136785" />
    <tag k="local_y" v="175.819410" />
    <tag k="ele" v="0" />
  </node>
  <node id="20063" lat="42.99420063189" lon="-78.79756082779">
    <tag k="local_x" v="-413.144554" />
    <tag k="local_y" v="175.824498" />
    <tag k="ele" v="0" />
  </node>
  <node id="20064" lat="42.99420067834" lon="-78.79754866044">
    <tag k="local_x" v="-412.152323" />
    <tag k="local_y" v="175.829598" />
    <tag k="ele" v="0" />
  </node>
  <node id="20065" lat="42.99420072469" lon="-78.79753649309">
    <tag k="local_x" v="-411.160092" />
    <tag k="local_y" v="175.834688" />
    <tag k="ele" v="0" />
  </node>
  <node id="20066" lat="42.99420077102" lon="-78.79752432574">
    <tag k="local_x" v="-410.167861" />
    <tag k="local_y" v="175.839775" />
    <tag k="ele" v="0" />
  </node>
  <node id="20067" lat="42.99420081735" lon="-78.79751215839">
    <tag k="local_x" v="-409.175630" />
    <tag k="local_y" v="175.844863" />
    <tag k="ele" v="0" />
  </node>
  <node id="20068" lat="42.99420086368" lon="-78.79749999104">
    <tag k="local_x" v="-408.183399" />
    <tag k="local_y" v="175.849950" />
    <tag k="ele" v="0" />
  </node>
  <node id="20069" lat="42.99420091002" lon="-78.79748782369">
    <tag k="local_x" v="-407.191168" />
    <tag k="local_y" v="175.855040" />
    <tag k="ele" v="0" />
  </node>
  <node id="20070" lat="42.99420095647" lon="-78.79747565634">
    <tag k="local_x" v="-406.198937" />
    <tag k="local_y" v="175.860140" />
    <tag k="ele" v="0" />
  </node>
  <node id="20071" lat="42.99420100279" lon="-78.79746348899">
    <tag k="local_x" v="-405.206705" />
    <tag k="local_y" v="175.865228" />
    <tag k="ele" v="0" />
  </node>
  <node id="20072" lat="42.99420104911" lon="-78.79745132164">
    <tag k="local_x" v="-404.214474" />
    <tag k="local_y" v="175.870315" />
    <tag k="ele" v="0" />
  </node>
  <node id="20073" lat="42.99420109544" lon="-78.79743915429">
    <tag k="local_x" v="-403.222243" />
    <tag k="local_y" v="175.875403" />
    <tag k="ele" v="0" />
  </node>
  <node id="20074" lat="42.99420114176" lon="-78.79742698694">
    <tag k="local_x" v="-402.230012" />
    <tag k="local_y" v="175.880490" />
    <tag k="ele" v="0" />
  </node>
  <node id="20075" lat="42.99420118807" lon="-78.79741481959">
    <tag k="local_x" v="-401.237781" />
    <tag k="local_y" v="175.885578" />
    <tag k="ele" v="0" />
  </node>
  <node id="20076" lat="42.99420123446" lon="-78.79740265224">
    <tag k="local_x" v="-400.245550" />
    <tag k="local_y" v="175.890673" />
    <tag k="ele" v="0" />
  </node>
  <node id="20077" lat="42.99420128084" lon="-78.79739048489">
    <tag k="local_x" v="-399.253319" />
    <tag k="local_y" v="175.895768" />
    <tag k="ele" v="0" />
  </node>
  <node id="20078" lat="42.99420132716" lon="-78.79737831754">
    <tag k="local_x" v="-398.261088" />
    <tag k="local_y" v="175.900856" />
    <tag k="ele" v="0" />
  </node>
  <node id="20079" lat="42.99420137347" lon="-78.79736615018">
    <tag k="local_x" v="-397.268857" />
    <tag k="local_y" v="175.905943" />
    <tag k="ele" v="0" />
  </node>
  <node id="20080" lat="42.99420141979" lon="-78.79735398283">
    <tag k="local_x" v="-396.276625" />
    <tag k="local_y" v="175.911030" />
    <tag k="ele" v="0" />
  </node>
  <node id="20081" lat="42.99420146610" lon="-78.79734181548">
    <tag k="local_x" v="-395.284394" />
    <tag k="local_y" v="175.916118" />
    <tag k="ele" v="0" />
  </node>
  <node id="20082" lat="42.99420151252" lon="-78.79732964813">
    <tag k="local_x" v="-394.292163" />
    <tag k="local_y" v="175.921218" />
    <tag k="ele" v="0" />
  </node>
  <node id="20083" lat="42.99420155885" lon="-78.79731748078">
    <tag k="local_x" v="-393.299932" />
    <tag k="local_y" v="175.926308" />
    <tag k="ele" v="0" />
  </node>
  <node id="20084" lat="42.99420160516" lon="-78.79730531343">
    <tag k="local_x" v="-392.307701" />
    <tag k="local_y" v="175.931396" />
    <tag k="ele" v="0" />
  </node>
  <node id="20085" lat="42.99420165146" lon="-78.79729314608">
    <tag k="local_x" v="-391.315470" />
    <tag k="local_y" v="175.936483" />
    <tag k="ele" v="0" />
  </node>
  <node id="20086" lat="42.99420169777" lon="-78.79728097873">
    <tag k="local_x" v="-390.323239" />
    <tag k="local_y" v="175.941571" />
    <tag k="ele" v="0" />
  </node>
  <node id="20087" lat="42.99420174409" lon="-78.79726881138">
    <tag k="local_x" v="-389.331008" />
    <tag k="local_y" v="175.946660" />
    <tag k="ele" v="0" />
  </node>
  <node id="20088" lat="42.99420179051" lon="-78.79725664403">
    <tag k="local_x" v="-388.338777" />
    <tag k="local_y" v="175.951761" />
    <tag k="ele" v="0" />
  </node>
  <node id="20089" lat="42.99420183681" lon="-78.79724447668">
    <tag k="local_x" v="-387.346545" />
    <tag k="local_y" v="175.956848" />
    <tag k="ele" v="0" />
  </node>
  <node id="20090" lat="42.99420188311" lon="-78.79723230933">
    <tag k="local_x" v="-386.354314" />
    <tag k="local_y" v="175.961936" />
    <tag k="ele" v="0" />
  </node>
  <node id="20091" lat="42.99420192941" lon="-78.79722014198">
    <tag k="local_x" v="-385.362083" />
    <tag k="local_y" v="175.967023" />
    <tag k="ele" v="0" />
  </node>
  <node id="20092" lat="42.99420197570" lon="-78.79720797463">
    <tag k="local_x" v="-384.369852" />
    <tag k="local_y" v="175.972111" />
    <tag k="ele" v="0" />
  </node>
  <node id="20093" lat="42.99420202206" lon="-78.79719580728">
    <tag k="local_x" v="-383.377621" />
    <tag k="local_y" v="175.977205" />
    <tag k="ele" v="0" />
  </node>
  <node id="20094" lat="42.99420206843" lon="-78.79718363993">
    <tag k="local_x" v="-382.385390" />
    <tag k="local_y" v="175.982301" />
    <tag k="ele" v="0" />
  </node>
  <node id="20095" lat="42.99420211472" lon="-78.79717147258">
    <tag k="local_x" v="-381.393159" />
    <tag k="local_y" v="175.987388" />
    <tag k="ele" v="0" />
  </node>
  <node id="20096" lat="42.99420216102" lon="-78.79715930523">
    <tag k="local_x" v="-380.400928" />
    <tag k="local_y" v="175.992476" />
    <tag k="ele" v="0" />
  </node>
  <node id="20097" lat="42.99420220731" lon="-78.79714713787">
    <tag k="local_x" v="-379.408696" />
    <tag k="local_y" v="175.997563" />
    <tag k="ele" v="0" />
  </node>
  <node id="20098" lat="42.99420225359" lon="-78.79713497052">
    <tag k="local_x" v="-378.416465" />
    <tag k="local_y" v="176.002651" />
    <tag k="ele" v="0" />
  </node>
  <node id="20099" lat="42.99420229999" lon="-78.79712280317">
    <tag k="local_x" v="-377.424234" />
    <tag k="local_y" v="176.007751" />
    <tag k="ele" v="0" />
  </node>
  <node id="20100" lat="42.99420234631" lon="-78.79711063582">
    <tag k="local_x" v="-376.432003" />
    <tag k="local_y" v="176.012841" />
    <tag k="ele" v="0" />
  </node>
  <node id="20101" lat="42.99420239259" lon="-78.79709846847">
    <tag k="local_x" v="-375.439772" />
    <tag k="local_y" v="176.017928" />
    <tag k="ele" v="0" />
  </node>
  <node id="20102" lat="42.99420243887" lon="-78.79708630112">
    <tag k="local_x" v="-374.447541" />
    <tag k="local_y" v="176.023016" />
    <tag k="ele" v="0" />
  </node>
  <node id="20103" lat="42.99420248516" lon="-78.79707413377">
    <tag k="local_x" v="-373.455310" />
    <tag k="local_y" v="176.028103" />
    <tag k="ele" v="0" />
  </node>
  <node id="20104" lat="42.99420253145" lon="-78.79706196642">
    <tag k="local_x" v="-372.463079" />
    <tag k="local_y" v="176.033192" />
    <tag k="ele" v="0" />
  </node>
  <node id="20105" lat="42.99420257785" lon="-78.79704979907">
    <tag k="local_x" v="-371.470848" />
    <tag k="local_y" v="176.038294" />
    <tag k="ele" v="0" />
  </node>
  <node id="20106" lat="42.99420262413" lon="-78.79703763172">
    <tag k="local_x" v="-370.478616" />
    <tag k="local_y" v="176.043381" />
    <tag k="ele" v="0" />
  </node>
  <node id="20107" lat="42.99420267041" lon="-78.79702546437">
    <tag k="local_x" v="-369.486385" />
    <tag k="local_y" v="176.048469" />
    <tag k="ele" v="0" />
  </node>
  <node id="20108" lat="42.99420271669" lon="-78.79701329702">
    <tag k="local_x" v="-368.494154" />
    <tag k="local_y" v="176.053557" />
    <tag k="ele" v="0" />
  </node>
  <node id="20109" lat="42.99420276297" lon="-78.79700112967">
    <tag k="local_x" v="-367.501923" />
    <tag k="local_y" v="176.058644" />
    <tag k="ele" v="0" />
  </node>
  <node id="20110" lat="42.99420280924" lon="-78.79698896231">
    <tag k="local_x" v="-366.509692" />
    <tag k="local_y" v="176.063732" />
    <tag k="ele" v="0" />
  </node>
  <node id="20111" lat="42.99420285558" lon="-78.79697679496">
    <tag k="local_x" v="-365.517461" />
    <tag k="local_y" v="176.068827" />
    <tag k="ele" v="0" />
  </node>
  <node id="20112" lat="42.99420290192" lon="-78.79696462761">
    <tag k="local_x" v="-364.525230" />
    <tag k="local_y" v="176.073922" />
    <tag k="ele" v="0" />
  </node>
  <node id="20113" lat="42.99420294819" lon="-78.79695246026">
    <tag k="local_x" v="-363.532999" />
    <tag k="local_y" v="176.079009" />
    <tag k="ele" v="0" />
  </node>
  <node id="20114" lat="42.99420299446" lon="-78.79694029291">
    <tag k="local_x" v="-362.540768" />
    <tag k="local_y" v="176.084097" />
    <tag k="ele" v="0" />
  </node>
  <node id="20115" lat="42.99420304072" lon="-78.79692812556">
    <tag k="local_x" v="-361.548536" />
    <tag k="local_y" v="176.089184" />
    <tag k="ele" v="0" />
  </node>
  <node id="20116" lat="42.99420308699" lon="-78.79691595821">
    <tag k="local_x" v="-360.556305" />
    <tag k="local_y" v="176.094272" />
    <tag k="ele" v="0" />
  </node>
  <node id="20117" lat="42.99420313337" lon="-78.79690379086">
    <tag k="local_x" v="-359.564074" />
    <tag k="local_y" v="176.099372" />
    <tag k="ele" v="0" />
  </node>
  <node id="20118" lat="42.99420317965" lon="-78.79689162351">
    <tag k="local_x" v="-358.571843" />
    <tag k="local_y" v="176.104462" />
    <tag k="ele" v="0" />
  </node>
  <node id="20119" lat="42.99420322592" lon="-78.79687945616">
    <tag k="local_x" v="-357.579612" />
    <tag k="local_y" v="176.109549" />
    <tag k="ele" v="0" />
  </node>
  <node id="20120" lat="42.99420327218" lon="-78.79686728880">
    <tag k="local_x" v="-356.587381" />
    <tag k="local_y" v="176.114637" />
    <tag k="ele" v="0" />
  </node>
  <node id="20121" lat="42.99420331844" lon="-78.79685512145">
    <tag k="local_x" v="-355.595150" />
    <tag k="local_y" v="176.119724" />
    <tag k="ele" v="0" />
  </node>
  <node id="20122" lat="42.99420336471" lon="-78.79684295410">
    <tag k="local_x" v="-354.602919" />
    <tag k="local_y" v="176.124813" />
    <tag k="ele" v="0" />
  </node>
  <node id="20123" lat="42.99420341109" lon="-78.79683078675">
    <tag k="local_x" v="-353.610688" />
    <tag k="local_y" v="176.129915" />
    <tag k="ele" v="0" />
  </node>
  <node id="20124" lat="42.99420345734" lon="-78.79681861940">
    <tag k="local_x" v="-352.618456" />
    <tag k="local_y" v="176.135002" />
    <tag k="ele" v="0" />
  </node>
  <node id="20125" lat="42.99420350360" lon="-78.79680645205">
    <tag k="local_x" v="-351.626225" />
    <tag k="local_y" v="176.140090" />
    <tag k="ele" v="0" />
  </node>
  <node id="20126" lat="42.99420354985" lon="-78.79679428470">
    <tag k="local_x" v="-350.633994" />
    <tag k="local_y" v="176.145177" />
    <tag k="ele" v="0" />
  </node>
  <node id="20127" lat="42.99420359610" lon="-78.79678211735">
    <tag k="local_x" v="-349.641763" />
    <tag k="local_y" v="176.150265" />
    <tag k="ele" v="0" />
  </node>
  <node id="20128" lat="42.99420364241" lon="-78.79676994999">
    <tag k="local_x" v="-348.649532" />
    <tag k="local_y" v="176.155359" />
    <tag k="ele" v="0" />
  </node>
  <node id="20129" lat="42.99420368874" lon="-78.79675778264">
    <tag k="local_x" v="-347.657301" />
    <tag k="local_y" v="176.160455" />
    <tag k="ele" v="0" />
  </node>
  <node id="20130" lat="42.99420373498" lon="-78.79674561529">
    <tag k="local_x" v="-346.665070" />
    <tag k="local_y" v="176.165542" />
    <tag k="ele" v="0" />
  </node>
  <node id="20131" lat="42.99420378123" lon="-78.79673344794">
    <tag k="local_x" v="-345.672839" />
    <tag k="local_y" v="176.170630" />
    <tag k="ele" v="0" />
  </node>
  <node id="20132" lat="42.99420382749" lon="-78.79672128059">
    <tag k="local_x" v="-344.680607" />
    <tag k="local_y" v="176.175719" />
    <tag k="ele" v="0" />
  </node>
  <node id="20133" lat="42.99420387376" lon="-78.79670911324">
    <tag k="local_x" v="-343.688376" />
    <tag k="local_y" v="176.180810" />
    <tag k="ele" v="0" />
  </node>
  <node id="20134" lat="42.99420392003" lon="-78.79669694589">
    <tag k="local_x" v="-342.696145" />
    <tag k="local_y" v="176.185900" />
    <tag k="ele" v="0" />
  </node>
  <node id="20135" lat="42.99420396630" lon="-78.79668477854">
    <tag k="local_x" v="-341.703914" />
    <tag k="local_y" v="176.190990" />
    <tag k="ele" v="0" />
  </node>
  <node id="20136" lat="42.99420401256" lon="-78.79667261118">
    <tag k="local_x" v="-340.711683" />
    <tag k="local_y" v="176.196081" />
    <tag k="ele" v="0" />
  </node>
  <node id="20137" lat="42.99420405883" lon="-78.79666044383">
    <tag k="local_x" v="-339.719452" />
    <tag k="local_y" v="176.201171" />
    <tag k="ele" v="0" />
  </node>
  <node id="20138" lat="42.99420410509" lon="-78.79664827648">
    <tag k="local_x" v="-338.727221" />
    <tag k="local_y" v="176.206262" />
    <tag k="ele" v="0" />
  </node>
  <node id="20139" lat="42.99420413461" lon="-78.79663610903">
    <tag k="local_x" v="-337.734982" />
    <tag k="local_y" v="176.209492" />
    <tag k="ele" v="0" />
  </node>
  <node id="20140" lat="42.99420418078" lon="-78.79662394168">
    <tag k="local_x" v="-336.742751" />
    <tag k="local_y" v="176.214572" />
    <tag k="ele" v="0" />
  </node>
  <node id="20141" lat="42.99420422695" lon="-78.79661177433">
    <tag k="local_x" v="-335.750520" />
    <tag k="local_y" v="176.219653" />
    <tag k="ele" v="0" />
  </node>
  <node id="20142" lat="42.99420427312" lon="-78.79659960698">
    <tag k="local_x" v="-334.758288" />
    <tag k="local_y" v="176.224733" />
    <tag k="ele" v="0" />
  </node>
  <node id="20143" lat="42.99420431929" lon="-78.79658743963">
    <tag k="local_x" v="-333.766057" />
    <tag k="local_y" v="176.229814" />
    <tag k="ele" v="0" />
  </node>
  <node id="20144" lat="42.99420436545" lon="-78.79657527227">
    <tag k="local_x" v="-332.773826" />
    <tag k="local_y" v="176.234894" />
    <tag k="ele" v="0" />
  </node>
  <node id="20145" lat="42.99420441158" lon="-78.79656310492">
    <tag k="local_x" v="-331.781595" />
    <tag k="local_y" v="176.239970" />
    <tag k="ele" v="0" />
  </node>
  <node id="20146" lat="42.99420445772" lon="-78.79655093757">
    <tag k="local_x" v="-330.789364" />
    <tag k="local_y" v="176.245048" />
    <tag k="ele" v="0" />
  </node>
  <node id="20147" lat="42.99420450387" lon="-78.79653877022">
    <tag k="local_x" v="-329.797133" />
    <tag k="local_y" v="176.250128" />
    <tag k="ele" v="0" />
  </node>
  <node id="20148" lat="42.99420455003" lon="-78.79652660286">
    <tag k="local_x" v="-328.804901" />
    <tag k="local_y" v="176.255207" />
    <tag k="ele" v="0" />
  </node>
  <node id="20149" lat="42.99420459625" lon="-78.79651443551">
    <tag k="local_x" v="-327.812670" />
    <tag k="local_y" v="176.260295" />
    <tag k="ele" v="0" />
  </node>
  <node id="20150" lat="42.99420464238" lon="-78.79650226816">
    <tag k="local_x" v="-326.820439" />
    <tag k="local_y" v="176.265372" />
    <tag k="ele" v="0" />
  </node>
  <node id="20151" lat="42.99420468856" lon="-78.79649010081">
    <tag k="local_x" v="-325.828208" />
    <tag k="local_y" v="176.270455" />
    <tag k="ele" v="0" />
  </node>
  <node id="20152" lat="42.99420473467" lon="-78.79647793346">
    <tag k="local_x" v="-324.835977" />
    <tag k="local_y" v="176.275530" />
    <tag k="ele" v="0" />
  </node>
  <node id="20153" lat="42.99420478083" lon="-78.79646576610">
    <tag k="local_x" v="-323.843746" />
    <tag k="local_y" v="176.280612" />
    <tag k="ele" v="0" />
  </node>
  <node id="20154" lat="42.99420482699" lon="-78.79645359875">
    <tag k="local_x" v="-322.851514" />
    <tag k="local_y" v="176.285693" />
    <tag k="ele" v="0" />
  </node>
  <node id="20155" lat="42.99420487314" lon="-78.79644143140">
    <tag k="local_x" v="-321.859283" />
    <tag k="local_y" v="176.290773" />
    <tag k="ele" v="0" />
  </node>
  <node id="20156" lat="42.99416139495" lon="-78.79771882273">
    <tag k="local_x" v="-426.029097" />
    <tag k="local_y" v="171.466352" />
    <tag k="ele" v="0" />
  </node>
  <node id="20157" lat="42.99416144131" lon="-78.79770665451">
    <tag k="local_x" v="-425.036795" />
    <tag k="local_y" v="171.471441" />
    <tag k="ele" v="0" />
  </node>
  <node id="20158" lat="42.99416148769" lon="-78.79769448630">
    <tag k="local_x" v="-424.044493" />
    <tag k="local_y" v="171.476531" />
    <tag k="ele" v="0" />
  </node>
  <node id="20159" lat="42.99416153415" lon="-78.79768231809">
    <tag k="local_x" v="-423.052191" />
    <tag k="local_y" v="171.481632" />
    <tag k="ele" v="0" />
  </node>
  <node id="20160" lat="42.99416158050" lon="-78.79767014988">
    <tag k="local_x" v="-422.059889" />
    <tag k="local_y" v="171.486719" />
    <tag k="ele" v="0" />
  </node>
  <node id="20161" lat="42.99416162685" lon="-78.79765798167">
    <tag k="local_x" v="-421.067587" />
    <tag k="local_y" v="171.491807" />
    <tag k="ele" v="0" />
  </node>
  <node id="20162" lat="42.99416167319" lon="-78.79764581346">
    <tag k="local_x" v="-420.075285" />
    <tag k="local_y" v="171.496895" />
    <tag k="ele" v="0" />
  </node>
  <node id="20163" lat="42.99416171954" lon="-78.79763364524">
    <tag k="local_x" v="-419.082983" />
    <tag k="local_y" v="171.501983" />
    <tag k="ele" v="0" />
  </node>
  <node id="20164" lat="42.99416176595" lon="-78.79762147703">
    <tag k="local_x" v="-418.090681" />
    <tag k="local_y" v="171.507078" />
    <tag k="ele" v="0" />
  </node>
  <node id="20165" lat="42.99416181236" lon="-78.79760930882">
    <tag k="local_x" v="-417.098379" />
    <tag k="local_y" v="171.512174" />
    <tag k="ele" v="0" />
  </node>
  <node id="20166" lat="42.99416185870" lon="-78.79759714061">
    <tag k="local_x" v="-416.106077" />
    <tag k="local_y" v="171.517261" />
    <tag k="ele" v="0" />
  </node>
  <node id="20167" lat="42.99416190504" lon="-78.79758497240">
    <tag k="local_x" v="-415.113775" />
    <tag k="local_y" v="171.522350" />
    <tag k="ele" v="0" />
  </node>
  <node id="20168" lat="42.99416195138" lon="-78.79757280419">
    <tag k="local_x" v="-414.121473" />
    <tag k="local_y" v="171.527438" />
    <tag k="ele" v="0" />
  </node>
  <node id="20169" lat="42.99416199772" lon="-78.79756063597">
    <tag k="local_x" v="-413.129171" />
    <tag k="local_y" v="171.532525" />
    <tag k="ele" v="0" />
  </node>
  <node id="20170" lat="42.99416204417" lon="-78.79754846776">
    <tag k="local_x" v="-412.136869" />
    <tag k="local_y" v="171.537626" />
    <tag k="ele" v="0" />
  </node>
  <node id="20171" lat="42.99416209053" lon="-78.79753629955">
    <tag k="local_x" v="-411.144567" />
    <tag k="local_y" v="171.542716" />
    <tag k="ele" v="0" />
  </node>
  <node id="20172" lat="42.99416213686" lon="-78.79752413134">
    <tag k="local_x" v="-410.152265" />
    <tag k="local_y" v="171.547804" />
    <tag k="ele" v="0" />
  </node>
  <node id="20173" lat="42.99416218319" lon="-78.79751196313">
    <tag k="local_x" v="-409.159963" />
    <tag k="local_y" v="171.552892" />
    <tag k="ele" v="0" />
  </node>
  <node id="20174" lat="42.99416222952" lon="-78.79749979492">
    <tag k="local_x" v="-408.167661" />
    <tag k="local_y" v="171.557980" />
    <tag k="ele" v="0" />
  </node>
  <node id="20175" lat="42.99416227587" lon="-78.79748762670">
    <tag k="local_x" v="-407.175359" />
    <tag k="local_y" v="171.563069" />
    <tag k="ele" v="0" />
  </node>
  <node id="20176" lat="42.99416232232" lon="-78.79747545849">
    <tag k="local_x" v="-406.183057" />
    <tag k="local_y" v="171.568170" />
    <tag k="ele" v="0" />
  </node>
  <node id="20177" lat="42.99416236865" lon="-78.79746329028">
    <tag k="local_x" v="-405.190755" />
    <tag k="local_y" v="171.573258" />
    <tag k="ele" v="0" />
  </node>
  <node id="20178" lat="42.99416241497" lon="-78.79745112207">
    <tag k="local_x" v="-404.198453" />
    <tag k="local_y" v="171.578346" />
    <tag k="ele" v="0" />
  </node>
  <node id="20179" lat="42.99416246129" lon="-78.79743895386">
    <tag k="local_x" v="-403.206151" />
    <tag k="local_y" v="171.583434" />
    <tag k="ele" v="0" />
  </node>
  <node id="20180" lat="42.99416250762" lon="-78.79742678564">
    <tag k="local_x" v="-402.213849" />
    <tag k="local_y" v="171.588522" />
    <tag k="ele" v="0" />
  </node>
  <node id="20181" lat="42.99416255394" lon="-78.79741461743">
    <tag k="local_x" v="-401.221547" />
    <tag k="local_y" v="171.593609" />
    <tag k="ele" v="0" />
  </node>
  <node id="20182" lat="42.99416260033" lon="-78.79740244922">
    <tag k="local_x" v="-400.229245" />
    <tag k="local_y" v="171.598705" />
    <tag k="ele" v="0" />
  </node>
  <node id="20183" lat="42.99416264671" lon="-78.79739028101">
    <tag k="local_x" v="-399.236943" />
    <tag k="local_y" v="171.603800" />
    <tag k="ele" v="0" />
  </node>
  <node id="20184" lat="42.99416269303" lon="-78.79737811280">
    <tag k="local_x" v="-398.244641" />
    <tag k="local_y" v="171.608888" />
    <tag k="ele" v="0" />
  </node>
  <node id="20185" lat="42.99416273935" lon="-78.79736594459">
    <tag k="local_x" v="-397.252339" />
    <tag k="local_y" v="171.613976" />
    <tag k="ele" v="0" />
  </node>
  <node id="20186" lat="42.99416278566" lon="-78.79735377637">
    <tag k="local_x" v="-396.260037" />
    <tag k="local_y" v="171.619063" />
    <tag k="ele" v="0" />
  </node>
  <node id="20187" lat="42.99416283198" lon="-78.79734160816">
    <tag k="local_x" v="-395.267735" />
    <tag k="local_y" v="171.624151" />
    <tag k="ele" v="0" />
  </node>
  <node id="20188" lat="42.99416287841" lon="-78.79732943995">
    <tag k="local_x" v="-394.275433" />
    <tag k="local_y" v="171.629252" />
    <tag k="ele" v="0" />
  </node>
  <node id="20189" lat="42.99416292474" lon="-78.79731727174">
    <tag k="local_x" v="-393.283131" />
    <tag k="local_y" v="171.634342" />
    <tag k="ele" v="0" />
  </node>
  <node id="20190" lat="42.99416297105" lon="-78.79730510353">
    <tag k="local_x" v="-392.290829" />
    <tag k="local_y" v="171.639430" />
    <tag k="ele" v="0" />
  </node>
  <node id="20191" lat="42.99416301735" lon="-78.79729293531">
    <tag k="local_x" v="-391.298527" />
    <tag k="local_y" v="171.644518" />
    <tag k="ele" v="0" />
  </node>
  <node id="20192" lat="42.99416306366" lon="-78.79728076710">
    <tag k="local_x" v="-390.306225" />
    <tag k="local_y" v="171.649605" />
    <tag k="ele" v="0" />
  </node>
  <node id="20193" lat="42.99416310999" lon="-78.79726859889">
    <tag k="local_x" v="-389.313923" />
    <tag k="local_y" v="171.654695" />
    <tag k="ele" v="0" />
  </node>
  <node id="20194" lat="42.99416315641" lon="-78.79725643068">
    <tag k="local_x" v="-388.321621" />
    <tag k="local_y" v="171.659796" />
    <tag k="ele" v="0" />
  </node>
  <node id="20195" lat="42.99416320271" lon="-78.79724426246">
    <tag k="local_x" v="-387.329319" />
    <tag k="local_y" v="171.664884" />
    <tag k="ele" v="0" />
  </node>
  <node id="20196" lat="42.99416324901" lon="-78.79723209425">
    <tag k="local_x" v="-386.337017" />
    <tag k="local_y" v="171.669972" />
    <tag k="ele" v="0" />
  </node>
  <node id="20197" lat="42.99416329532" lon="-78.79721992604">
    <tag k="local_x" v="-385.344715" />
    <tag k="local_y" v="171.675060" />
    <tag k="ele" v="0" />
  </node>
  <node id="20198" lat="42.99416334161" lon="-78.79720775783">
    <tag k="local_x" v="-384.352413" />
    <tag k="local_y" v="171.680147" />
    <tag k="ele" v="0" />
  </node>
  <node id="20199" lat="42.99416338798" lon="-78.79719558962">
    <tag k="local_x" v="-383.360111" />
    <tag k="local_y" v="171.685242" />
    <tag k="ele" v="0" />
  </node>
  <node id="20200" lat="42.99416343435" lon="-78.79718342140">
    <tag k="local_x" v="-382.367809" />
    <tag k="local_y" v="171.690338" />
    <tag k="ele" v="0" />
  </node>
  <node id="20201" lat="42.99416348064" lon="-78.79717125319">
    <tag k="local_x" v="-381.375507" />
    <tag k="local_y" v="171.695426" />
    <tag k="ele" v="0" />
  </node>
  <node id="20202" lat="42.99416352694" lon="-78.79715908498">
    <tag k="local_x" v="-380.383205" />
    <tag k="local_y" v="171.700514" />
    <tag k="ele" v="0" />
  </node>
  <node id="20203" lat="42.99416357323" lon="-78.79714691677">
    <tag k="local_x" v="-379.390903" />
    <tag k="local_y" v="171.705602" />
    <tag k="ele" v="0" />
  </node>
  <node id="20204" lat="42.99416361952" lon="-78.79713474855">
    <tag k="local_x" v="-378.398601" />
    <tag k="local_y" v="171.710689" />
    <tag k="ele" v="0" />
  </node>
  <node id="20205" lat="42.99416366592" lon="-78.79712258034">
    <tag k="local_x" v="-377.406299" />
    <tag k="local_y" v="171.715789" />
    <tag k="ele" v="0" />
  </node>
  <node id="20206" lat="42.99416371224" lon="-78.79711041213">
    <tag k="local_x" v="-376.413997" />
    <tag k="local_y" v="171.720880" />
    <tag k="ele" v="0" />
  </node>
  <node id="20207" lat="42.99416375853" lon="-78.79709824392">
    <tag k="local_x" v="-375.421695" />
    <tag k="local_y" v="171.725968" />
    <tag k="ele" v="0" />
  </node>
  <node id="20208" lat="42.99416380481" lon="-78.79708607570">
    <tag k="local_x" v="-374.429393" />
    <tag k="local_y" v="171.731056" />
    <tag k="ele" v="0" />
  </node>
  <node id="20209" lat="42.99416385110" lon="-78.79707390749">
    <tag k="local_x" v="-373.437091" />
    <tag k="local_y" v="171.736143" />
    <tag k="ele" v="0" />
  </node>
  <node id="20210" lat="42.99416389739" lon="-78.79706173928">
    <tag k="local_x" v="-372.444789" />
    <tag k="local_y" v="171.741233" />
    <tag k="ele" v="0" />
  </node>
  <node id="20211" lat="42.99416394380" lon="-78.79704957107">
    <tag k="local_x" v="-371.452487" />
    <tag k="local_y" v="171.746334" />
    <tag k="ele" v="0" />
  </node>
  <node id="20212" lat="42.99416399008" lon="-78.79703740285">
    <tag k="local_x" v="-370.460185" />
    <tag k="local_y" v="171.751422" />
    <tag k="ele" v="0" />
  </node>
  <node id="20213" lat="42.99416403636" lon="-78.79702523464">
    <tag k="local_x" v="-369.467883" />
    <tag k="local_y" v="171.756510" />
    <tag k="ele" v="0" />
  </node>
  <node id="20214" lat="42.99416408265" lon="-78.79701306643">
    <tag k="local_x" v="-368.475581" />
    <tag k="local_y" v="171.761598" />
    <tag k="ele" v="0" />
  </node>
  <node id="20215" lat="42.99416412892" lon="-78.79700089822">
    <tag k="local_x" v="-367.483279" />
    <tag k="local_y" v="171.766686" />
    <tag k="ele" v="0" />
  </node>
  <node id="20216" lat="42.99416417520" lon="-78.79698873000">
    <tag k="local_x" v="-366.490977" />
    <tag k="local_y" v="171.771774" />
    <tag k="ele" v="0" />
  </node>
  <node id="20217" lat="42.99416422154" lon="-78.79697656179">
    <tag k="local_x" v="-365.498675" />
    <tag k="local_y" v="171.776869" />
    <tag k="ele" v="0" />
  </node>
  <node id="20218" lat="42.99416426789" lon="-78.79696439358">
    <tag k="local_x" v="-364.506373" />
    <tag k="local_y" v="171.781965" />
    <tag k="ele" v="0" />
  </node>
  <node id="20219" lat="42.99416431416" lon="-78.79695222537">
    <tag k="local_x" v="-363.514071" />
    <tag k="local_y" v="171.787053" />
    <tag k="ele" v="0" />
  </node>
  <node id="20220" lat="42.99416436043" lon="-78.79694005715">
    <tag k="local_x" v="-362.521769" />
    <tag k="local_y" v="171.792140" />
    <tag k="ele" v="0" />
  </node>
  <node id="20221" lat="42.99416440670" lon="-78.79692788894">
    <tag k="local_x" v="-361.529467" />
    <tag k="local_y" v="171.797228" />
    <tag k="ele" v="0" />
  </node>
  <node id="20222" lat="42.99416445297" lon="-78.79691572073">
    <tag k="local_x" v="-360.537165" />
    <tag k="local_y" v="171.802316" />
    <tag k="ele" v="0" />
  </node>
  <node id="20223" lat="42.99416449935" lon="-78.79690355252">
    <tag k="local_x" v="-359.544863" />
    <tag k="local_y" v="171.807416" />
    <tag k="ele" v="0" />
  </node>
  <node id="20224" lat="42.99416454564" lon="-78.79689138430">
    <tag k="local_x" v="-358.552561" />
    <tag k="local_y" v="171.812507" />
    <tag k="ele" v="0" />
  </node>
  <node id="20225" lat="42.99416459190" lon="-78.79687921609">
    <tag k="local_x" v="-357.560259" />
    <tag k="local_y" v="171.817594" />
    <tag k="ele" v="0" />
  </node>
  <node id="20226" lat="42.99416463816" lon="-78.79686704788">
    <tag k="local_x" v="-356.567957" />
    <tag k="local_y" v="171.822682" />
    <tag k="ele" v="0" />
  </node>
  <node id="20227" lat="42.99416468443" lon="-78.79685487966">
    <tag k="local_x" v="-355.575655" />
    <tag k="local_y" v="171.827770" />
    <tag k="ele" v="0" />
  </node>
  <node id="20228" lat="42.99416473070" lon="-78.79684271145">
    <tag k="local_x" v="-354.583353" />
    <tag k="local_y" v="171.832859" />
    <tag k="ele" v="0" />
  </node>
  <node id="20229" lat="42.99416477708" lon="-78.79683054324">
    <tag k="local_x" v="-353.591051" />
    <tag k="local_y" v="171.837961" />
    <tag k="ele" v="0" />
  </node>
  <node id="20230" lat="42.99416482334" lon="-78.79681837503">
    <tag k="local_x" v="-352.598749" />
    <tag k="local_y" v="171.843049" />
    <tag k="ele" v="0" />
  </node>
  <node id="20231" lat="42.99416486960" lon="-78.79680620681">
    <tag k="local_x" v="-351.606447" />
    <tag k="local_y" v="171.848136" />
    <tag k="ele" v="0" />
  </node>
  <node id="20232" lat="42.99416491585" lon="-78.79679403860">
    <tag k="local_x" v="-350.614145" />
    <tag k="local_y" v="171.853224" />
    <tag k="ele" v="0" />
  </node>
  <node id="20233" lat="42.99416496211" lon="-78.79678187039">
    <tag k="local_x" v="-349.621843" />
    <tag k="local_y" v="171.858312" />
    <tag k="ele" v="0" />
  </node>
  <node id="20234" lat="42.99416500842" lon="-78.79676970218">
    <tag k="local_x" v="-348.629541" />
    <tag k="local_y" v="171.863406" />
    <tag k="ele" v="0" />
  </node>
  <node id="20235" lat="42.99416505475" lon="-78.79675753396">
    <tag k="local_x" v="-347.637239" />
    <tag k="local_y" v="171.868503" />
    <tag k="ele" v="0" />
  </node>
  <node id="20236" lat="42.99416510100" lon="-78.79674536575">
    <tag k="local_x" v="-346.644937" />
    <tag k="local_y" v="171.873591" />
    <tag k="ele" v="0" />
  </node>
  <node id="20237" lat="42.99416514725" lon="-78.79673319754">
    <tag k="local_x" v="-345.652635" />
    <tag k="local_y" v="171.878678" />
    <tag k="ele" v="0" />
  </node>
  <node id="20238" lat="42.99416519351" lon="-78.79672102932">
    <tag k="local_x" v="-344.660333" />
    <tag k="local_y" v="171.883768" />
    <tag k="ele" v="0" />
  </node>
  <node id="20239" lat="42.99416523979" lon="-78.79670886111">
    <tag k="local_x" v="-343.668031" />
    <tag k="local_y" v="171.888859" />
    <tag k="ele" v="0" />
  </node>
  <node id="20240" lat="42.99416528606" lon="-78.79669669290">
    <tag k="local_x" v="-342.675729" />
    <tag k="local_y" v="171.893949" />
    <tag k="ele" v="0" />
  </node>
  <node id="20241" lat="42.99416533233" lon="-78.79668452468">
    <tag k="local_x" v="-341.683427" />
    <tag k="local_y" v="171.899040" />
    <tag k="ele" v="0" />
  </node>
  <node id="20242" lat="42.99416537860" lon="-78.79667235647">
    <tag k="local_x" v="-340.691125" />
    <tag k="local_y" v="171.904131" />
    <tag k="ele" v="0" />
  </node>
  <node id="20243" lat="42.99416542486" lon="-78.79666018826">
    <tag k="local_x" v="-339.698823" />
    <tag k="local_y" v="171.909222" />
    <tag k="ele" v="0" />
  </node>
  <node id="20244" lat="42.99416547113" lon="-78.79664802005">
    <tag k="local_x" v="-338.706521" />
    <tag k="local_y" v="171.914312" />
    <tag k="ele" v="0" />
  </node>
  <node id="20245" lat="42.99416550065" lon="-78.79663585174">
    <tag k="local_x" v="-337.714211" />
    <tag k="local_y" v="171.917543" />
    <tag k="ele" v="0" />
  </node>
  <node id="20246" lat="42.99416554683" lon="-78.79662368352">
    <tag k="local_x" v="-336.721909" />
    <tag k="local_y" v="171.922624" />
    <tag k="ele" v="0" />
  </node>
  <node id="20247" lat="42.99416559300" lon="-78.79661151531">
    <tag k="local_x" v="-335.729607" />
    <tag k="local_y" v="171.927705" />
    <tag k="ele" v="0" />
  </node>
  <node id="20248" lat="42.99416563917" lon="-78.79659934710">
    <tag k="local_x" v="-334.737305" />
    <tag k="local_y" v="171.932785" />
    <tag k="ele" v="0" />
  </node>
  <node id="20249" lat="42.99416568534" lon="-78.79658717888">
    <tag k="local_x" v="-333.745003" />
    <tag k="local_y" v="171.937866" />
    <tag k="ele" v="0" />
  </node>
  <node id="20250" lat="42.99416573151" lon="-78.79657501067">
    <tag k="local_x" v="-332.752701" />
    <tag k="local_y" v="171.942947" />
    <tag k="ele" v="0" />
  </node>
  <node id="20251" lat="42.99416577764" lon="-78.79656284245">
    <tag k="local_x" v="-331.760399" />
    <tag k="local_y" v="171.948023" />
    <tag k="ele" v="0" />
  </node>
  <node id="20252" lat="42.99416582377" lon="-78.79655067424">
    <tag k="local_x" v="-330.768097" />
    <tag k="local_y" v="171.953101" />
    <tag k="ele" v="0" />
  </node>
  <node id="20253" lat="42.99416586994" lon="-78.79653850603">
    <tag k="local_x" v="-329.775795" />
    <tag k="local_y" v="171.958181" />
    <tag k="ele" v="0" />
  </node>
  <node id="20254" lat="42.99416591609" lon="-78.79652633781">
    <tag k="local_x" v="-328.783493" />
    <tag k="local_y" v="171.963261" />
    <tag k="ele" v="0" />
  </node>
  <node id="20255" lat="42.99416596232" lon="-78.79651416960">
    <tag k="local_x" v="-327.791191" />
    <tag k="local_y" v="171.968349" />
    <tag k="ele" v="0" />
  </node>
  <node id="20256" lat="42.99416600845" lon="-78.79650200138">
    <tag k="local_x" v="-326.798889" />
    <tag k="local_y" v="171.973427" />
    <tag k="ele" v="0" />
  </node>
  <node id="20257" lat="42.99416605463" lon="-78.79648983317">
    <tag k="local_x" v="-325.806587" />
    <tag k="local_y" v="171.978509" />
    <tag k="ele" v="0" />
  </node>
  <node id="20258" lat="42.99416610075" lon="-78.79647766496">
    <tag k="local_x" v="-324.814285" />
    <tag k="local_y" v="171.983585" />
    <tag k="ele" v="0" />
  </node>
  <node id="20259" lat="42.99416614691" lon="-78.79646549674">
    <tag k="local_x" v="-323.821983" />
    <tag k="local_y" v="171.988667" />
    <tag k="ele" v="0" />
  </node>
  <node id="20260" lat="42.99416619307" lon="-78.79645332853">
    <tag k="local_x" v="-322.829680" />
    <tag k="local_y" v="171.993748" />
    <tag k="ele" v="0" />
  </node>
  <node id="20261" lat="42.99416623922" lon="-78.79644116031">
    <tag k="local_x" v="-321.837378" />
    <tag k="local_y" v="171.998829" />
    <tag k="ele" v="0" />
  </node>
  <node id="20262" lat="42.99420457031" lon="-78.79641771155">
    <tag k="local_x" v="-319.924964" />
    <tag k="local_y" v="176.257040" />
    <tag k="ele" v="0" />
  </node>
  <node id="20263" lat="42.99420379311" lon="-78.79640621036">
    <tag k="local_x" v="-318.987062" />
    <tag k="local_y" v="176.170655" />
    <tag k="ele" v="0" />
  </node>
  <node id="20264" lat="42.99420255565" lon="-78.79639477742">
    <tag k="local_x" v="-318.054727" />
    <tag k="local_y" v="176.033139" />
    <tag k="ele" v="0" />
  </node>
  <node id="20265" lat="42.99420063414" lon="-78.79638351535">
    <tag k="local_x" v="-317.136331" />
    <tag k="local_y" v="175.819631" />
    <tag k="ele" v="0" />
  </node>
  <node id="20266" lat="42.99419812355" lon="-78.79637248079">
    <tag k="local_x" v="-316.236490" />
    <tag k="local_y" v="175.540682" />
    <tag k="ele" v="0" />
  </node>
  <node id="20267" lat="42.99419509328" lon="-78.79636169523">
    <tag k="local_x" v="-315.356958" />
    <tag k="local_y" v="175.204000" />
    <tag k="ele" v="0" />
  </node>
  <node id="20268" lat="42.99419151217" lon="-78.79635122005">
    <tag k="local_x" v="-314.502739" />
    <tag k="local_y" v="174.806126" />
    <tag k="ele" v="0" />
  </node>
  <node id="20269" lat="42.99418725356" lon="-78.79634121858">
    <tag k="local_x" v="-313.687155" />
    <tag k="local_y" v="174.332989" />
    <tag k="ele" v="0" />
  </node>
  <node id="20270" lat="42.99418231930" lon="-78.79633182010">
    <tag k="local_x" v="-312.920747" />
    <tag k="local_y" v="173.784793" />
    <tag k="ele" v="0" />
  </node>
  <node id="20271" lat="42.99417678457" lon="-78.79632307735">
    <tag k="local_x" v="-312.207815" />
    <tag k="local_y" v="173.169894" />
    <tag k="ele" v="0" />
  </node>
  <node id="20272" lat="42.99417063522" lon="-78.79631514101">
    <tag k="local_x" v="-311.560648" />
    <tag k="local_y" v="172.486716" />
    <tag k="ele" v="0" />
  </node>
  <node id="20273" lat="42.99416387435" lon="-78.79630819175">
    <tag k="local_x" v="-310.993979" />
    <tag k="local_y" v="171.735608" />
    <tag k="ele" v="0" />
  </node>
  <node id="20274" lat="42.99415653374" lon="-78.79630243474">
    <tag k="local_x" v="-310.524540" />
    <tag k="local_y" v="170.920099" />
    <tag k="ele" v="0" />
  </node>
  <node id="20275" lat="42.99414868654" lon="-78.79629808165">
    <tag k="local_x" v="-310.169590" />
    <tag k="local_y" v="170.048316" />
    <tag k="ele" v="0" />
  </node>
  <node id="20276" lat="42.99414045502" lon="-78.79629531621">
    <tag k="local_x" v="-309.944113" />
    <tag k="local_y" v="169.133846" />
    <tag k="ele" v="0" />
  </node>
  <node id="20277" lat="42.99416496200" lon="-78.79641761898">
    <tag k="local_x" v="-319.917620" />
    <tag k="local_y" v="171.856849" />
    <tag k="ele" v="0" />
  </node>
  <node id="20278" lat="42.99416117819" lon="-78.79640732850">
    <tag k="local_x" v="-319.078465" />
    <tag k="local_y" v="171.436457" />
    <tag k="ele" v="0" />
  </node>
  <node id="20279" lat="42.99415524815" lon="-78.79639913192">
    <tag k="local_x" v="-318.410075" />
    <tag k="local_y" v="170.777641" />
    <tag k="ele" v="0" />
  </node>
  <node id="20280" lat="42.99414775005" lon="-78.79639382842">
    <tag k="local_x" v="-317.977620" />
    <tag k="local_y" v="169.944638" />
    <tag k="ele" v="0" />
  </node>
  <node id="20281" lat="42.99420496519" lon="-78.79641716250">
    <tag k="local_x" v="-319.880187" />
    <tag k="local_y" v="176.300906" />
    <tag k="ele" v="0" />
  </node>
  <node id="20282" lat="42.99420501109" lon="-78.79640506095">
    <tag k="local_x" v="-318.893322" />
    <tag k="local_y" v="176.305959" />
    <tag k="ele" v="0" />
  </node>
  <node id="20283" lat="42.99420505699" lon="-78.79639295940">
    <tag k="local_x" v="-317.906457" />
    <tag k="local_y" v="176.311012" />
    <tag k="ele" v="0" />
  </node>
  <node id="20284" lat="42.99420510288" lon="-78.79638085785">
    <tag k="local_x" v="-316.919593" />
    <tag k="local_y" v="176.316065" />
    <tag k="ele" v="0" />
  </node>
  <node id="20285" lat="42.99420514878" lon="-78.79636875631">
    <tag k="local_x" v="-315.932728" />
    <tag k="local_y" v="176.321118" />
    <tag k="ele" v="0" />
  </node>
  <node id="20286" lat="42.99420519467" lon="-78.79635665476">
    <tag k="local_x" v="-314.945863" />
    <tag k="local_y" v="176.326171" />
    <tag k="ele" v="0" />
  </node>
  <node id="20287" lat="42.99420524151" lon="-78.79634455322">
    <tag k="local_x" v="-313.958998" />
    <tag k="local_y" v="176.331330" />
    <tag k="ele" v="0" />
  </node>
  <node id="20288" lat="42.99420528926" lon="-78.79633245168">
    <tag k="local_x" v="-312.972135" />
    <tag k="local_y" v="176.336590" />
    <tag k="ele" v="0" />
  </node>
  <node id="20289" lat="42.99420533767" lon="-78.79632035015">
    <tag k="local_x" v="-311.985271" />
    <tag k="local_y" v="176.341921" />
    <tag k="ele" v="0" />
  </node>
  <node id="20290" lat="42.99420538606" lon="-78.79630824862">
    <tag k="local_x" v="-310.998408" />
    <tag k="local_y" v="176.347253" />
    <tag k="ele" v="0" />
  </node>
  <node id="20291" lat="42.99420543446" lon="-78.79629614709">
    <tag k="local_x" v="-310.011544" />
    <tag k="local_y" v="176.352585" />
    <tag k="ele" v="0" />
  </node>
  <node id="20292" lat="42.99420548286" lon="-78.79628404556">
    <tag k="local_x" v="-309.024681" />
    <tag k="local_y" v="176.357917" />
    <tag k="ele" v="0" />
  </node>
  <node id="20293" lat="42.99420553126" lon="-78.79627194403">
    <tag k="local_x" v="-308.037817" />
    <tag k="local_y" v="176.363249" />
    <tag k="ele" v="0" />
  </node>
  <node id="20294" lat="42.99420557965" lon="-78.79625984250">
    <tag k="local_x" v="-307.050954" />
    <tag k="local_y" v="176.368581" />
    <tag k="ele" v="0" />
  </node>
  <node id="20295" lat="42.99420562804" lon="-78.79624774097">
    <tag k="local_x" v="-306.064091" />
    <tag k="local_y" v="176.373913" />
    <tag k="ele" v="0" />
  </node>
  <node id="20296" lat="42.99420567643" lon="-78.79623563944">
    <tag k="local_x" v="-305.077227" />
    <tag k="local_y" v="176.379245" />
    <tag k="ele" v="0" />
  </node>
  <node id="20297" lat="42.99420572483" lon="-78.79622353791">
    <tag k="local_x" v="-304.090364" />
    <tag k="local_y" v="176.384577" />
    <tag k="ele" v="0" />
  </node>
  <node id="20298" lat="42.99420577322" lon="-78.79621143638">
    <tag k="local_x" v="-303.103500" />
    <tag k="local_y" v="176.389909" />
    <tag k="ele" v="0" />
  </node>
  <node id="20299" lat="42.99420586844" lon="-78.79618709375">
    <tag k="local_x" v="-301.118392" />
    <tag k="local_y" v="176.400401" />
    <tag k="ele" v="0" />
  </node>
  <node id="20300" lat="42.99420591511" lon="-78.79617485265">
    <tag k="local_x" v="-300.120146" />
    <tag k="local_y" v="176.405542" />
    <tag k="ele" v="0" />
  </node>
  <node id="20301" lat="42.99420596182" lon="-78.79616261154">
    <tag k="local_x" v="-299.121901" />
    <tag k="local_y" v="176.410687" />
    <tag k="ele" v="0" />
  </node>
  <node id="20302" lat="42.99420600862" lon="-78.79615037044">
    <tag k="local_x" v="-298.123655" />
    <tag k="local_y" v="176.415843" />
    <tag k="ele" v="0" />
  </node>
  <node id="20303" lat="42.99420605531" lon="-78.79613812934">
    <tag k="local_x" v="-297.125410" />
    <tag k="local_y" v="176.420986" />
    <tag k="ele" v="0" />
  </node>
  <node id="20304" lat="42.99420610199" lon="-78.79612588823">
    <tag k="local_x" v="-296.127164" />
    <tag k="local_y" v="176.426129" />
    <tag k="ele" v="0" />
  </node>
  <node id="20305" lat="42.99420614871" lon="-78.79611364713">
    <tag k="local_x" v="-295.128919" />
    <tag k="local_y" v="176.431276" />
    <tag k="ele" v="0" />
  </node>
  <node id="20306" lat="42.99420619549" lon="-78.79610140603">
    <tag k="local_x" v="-294.130674" />
    <tag k="local_y" v="176.436430" />
    <tag k="ele" v="0" />
  </node>
  <node id="20307" lat="42.99420624217" lon="-78.79608916492">
    <tag k="local_x" v="-293.132428" />
    <tag k="local_y" v="176.441573" />
    <tag k="ele" v="0" />
  </node>
  <node id="20308" lat="42.99420628885" lon="-78.79607692382">
    <tag k="local_x" v="-292.134183" />
    <tag k="local_y" v="176.446716" />
    <tag k="ele" v="0" />
  </node>
  <node id="20309" lat="42.99420633554" lon="-78.79606468271">
    <tag k="local_x" v="-291.135937" />
    <tag k="local_y" v="176.451861" />
    <tag k="ele" v="0" />
  </node>
  <node id="20310" lat="42.99420638224" lon="-78.79605244161">
    <tag k="local_x" v="-290.137692" />
    <tag k="local_y" v="176.457006" />
    <tag k="ele" v="0" />
  </node>
  <node id="20311" lat="42.99420642899" lon="-78.79604020051">
    <tag k="local_x" v="-289.139446" />
    <tag k="local_y" v="176.462158" />
    <tag k="ele" v="0" />
  </node>
  <node id="20312" lat="42.99420647572" lon="-78.79602795940">
    <tag k="local_x" v="-288.141201" />
    <tag k="local_y" v="176.467307" />
    <tag k="ele" v="0" />
  </node>
  <node id="20313" lat="42.99420652240" lon="-78.79601571830">
    <tag k="local_x" v="-287.142956" />
    <tag k="local_y" v="176.472450" />
    <tag k="ele" v="0" />
  </node>
  <node id="20314" lat="42.99420656906" lon="-78.79600347720">
    <tag k="local_x" v="-286.144710" />
    <tag k="local_y" v="176.477593" />
    <tag k="ele" v="0" />
  </node>
  <node id="20315" lat="42.99420661583" lon="-78.79599123609">
    <tag k="local_x" v="-285.146465" />
    <tag k="local_y" v="176.482747" />
    <tag k="ele" v="0" />
  </node>
  <node id="20316" lat="42.99420666254" lon="-78.79597899499">
    <tag k="local_x" v="-284.148219" />
    <tag k="local_y" v="176.487894" />
    <tag k="ele" v="0" />
  </node>
  <node id="20317" lat="42.99420670920" lon="-78.79596675389">
    <tag k="local_x" v="-283.149974" />
    <tag k="local_y" v="176.493037" />
    <tag k="ele" v="0" />
  </node>
  <node id="20318" lat="42.99420675587" lon="-78.79595451278">
    <tag k="local_x" v="-282.151728" />
    <tag k="local_y" v="176.498180" />
    <tag k="ele" v="0" />
  </node>
  <node id="20319" lat="42.99420680266" lon="-78.79594227168">
    <tag k="local_x" v="-281.153483" />
    <tag k="local_y" v="176.503337" />
    <tag k="ele" v="0" />
  </node>
  <node id="20320" lat="42.99420684933" lon="-78.79593003057">
    <tag k="local_x" v="-280.155238" />
    <tag k="local_y" v="176.508481" />
    <tag k="ele" v="0" />
  </node>
  <node id="20321" lat="42.99420689599" lon="-78.79591778947">
    <tag k="local_x" v="-279.156992" />
    <tag k="local_y" v="176.513624" />
    <tag k="ele" v="0" />
  </node>
  <node id="20322" lat="42.99420694265" lon="-78.79590554837">
    <tag k="local_x" v="-278.158747" />
    <tag k="local_y" v="176.518767" />
    <tag k="ele" v="0" />
  </node>
  <node id="20323" lat="42.99420698945" lon="-78.79589330726">
    <tag k="local_x" v="-277.160501" />
    <tag k="local_y" v="176.523925" />
    <tag k="ele" v="0" />
  </node>
  <node id="20324" lat="42.99420703610" lon="-78.79588106616">
    <tag k="local_x" v="-276.162256" />
    <tag k="local_y" v="176.529068" />
    <tag k="ele" v="0" />
  </node>
  <node id="20325" lat="42.99420708276" lon="-78.79586882506">
    <tag k="local_x" v="-275.164010" />
    <tag k="local_y" v="176.534211" />
    <tag k="ele" v="0" />
  </node>
  <node id="20326" lat="42.99420712941" lon="-78.79585658395">
    <tag k="local_x" v="-274.165765" />
    <tag k="local_y" v="176.539354" />
    <tag k="ele" v="0" />
  </node>
  <node id="20327" lat="42.99420717610" lon="-78.79584434285">
    <tag k="local_x" v="-273.167520" />
    <tag k="local_y" v="176.544500" />
    <tag k="ele" v="0" />
  </node>
  <node id="20328" lat="42.99420722285" lon="-78.79583210174">
    <tag k="local_x" v="-272.169274" />
    <tag k="local_y" v="176.549655" />
    <tag k="ele" v="0" />
  </node>
  <node id="20329" lat="42.99420726950" lon="-78.79581986064">
    <tag k="local_x" v="-271.171029" />
    <tag k="local_y" v="176.554798" />
    <tag k="ele" v="0" />
  </node>
  <node id="20330" lat="42.99420731615" lon="-78.79580761954">
    <tag k="local_x" v="-270.172783" />
    <tag k="local_y" v="176.559941" />
    <tag k="ele" v="0" />
  </node>
  <node id="20331" lat="42.99420736286" lon="-78.79579537843">
    <tag k="local_x" v="-269.174538" />
    <tag k="local_y" v="176.565090" />
    <tag k="ele" v="0" />
  </node>
  <node id="20332" lat="42.99420740958" lon="-78.79578313733">
    <tag k="local_x" v="-268.176292" />
    <tag k="local_y" v="176.570242" />
    <tag k="ele" v="0" />
  </node>
  <node id="20333" lat="42.99420745623" lon="-78.79577089622">
    <tag k="local_x" v="-267.178047" />
    <tag k="local_y" v="176.575385" />
    <tag k="ele" v="0" />
  </node>
  <node id="20334" lat="42.99420750287" lon="-78.79575865512">
    <tag k="local_x" v="-266.179802" />
    <tag k="local_y" v="176.580527" />
    <tag k="ele" v="0" />
  </node>
  <node id="20335" lat="42.99420754960" lon="-78.79574641402">
    <tag k="local_x" v="-265.181556" />
    <tag k="local_y" v="176.585679" />
    <tag k="ele" v="0" />
  </node>
  <node id="20336" lat="42.99420759629" lon="-78.79573417291">
    <tag k="local_x" v="-264.183311" />
    <tag k="local_y" v="176.590828" />
    <tag k="ele" v="0" />
  </node>
  <node id="20337" lat="42.99420764293" lon="-78.79572193181">
    <tag k="local_x" v="-263.185065" />
    <tag k="local_y" v="176.595971" />
    <tag k="ele" v="0" />
  </node>
  <node id="20338" lat="42.99420768957" lon="-78.79570969070">
    <tag k="local_x" v="-262.186820" />
    <tag k="local_y" v="176.601114" />
    <tag k="ele" v="0" />
  </node>
  <node id="20339" lat="42.99420773631" lon="-78.79569744960">
    <tag k="local_x" v="-261.188574" />
    <tag k="local_y" v="176.606269" />
    <tag k="ele" v="0" />
  </node>
  <node id="20340" lat="42.99420778298" lon="-78.79568520850">
    <tag k="local_x" v="-260.190329" />
    <tag k="local_y" v="176.611415" />
    <tag k="ele" v="0" />
  </node>
  <node id="20341" lat="42.99420782962" lon="-78.79567296739">
    <tag k="local_x" v="-259.192084" />
    <tag k="local_y" v="176.616558" />
    <tag k="ele" v="0" />
  </node>
  <node id="20342" lat="42.99420787625" lon="-78.79566072629">
    <tag k="local_x" v="-258.193838" />
    <tag k="local_y" v="176.621701" />
    <tag k="ele" v="0" />
  </node>
  <node id="20343" lat="42.99420792292" lon="-78.79564848518">
    <tag k="local_x" v="-257.195593" />
    <tag k="local_y" v="176.626849" />
    <tag k="ele" v="0" />
  </node>
  <node id="20344" lat="42.99420796955" lon="-78.79563624408">
    <tag k="local_x" v="-256.197347" />
    <tag k="local_y" v="176.631992" />
    <tag k="ele" v="0" />
  </node>
  <node id="20345" lat="42.99420801632" lon="-78.79562400298">
    <tag k="local_x" v="-255.199102" />
    <tag k="local_y" v="176.637150" />
    <tag k="ele" v="0" />
  </node>
  <node id="20346" lat="42.99420806295" lon="-78.79561176187">
    <tag k="local_x" v="-254.200856" />
    <tag k="local_y" v="176.642293" />
    <tag k="ele" v="0" />
  </node>
  <node id="20347" lat="42.99420810957" lon="-78.79559952077">
    <tag k="local_x" v="-253.202611" />
    <tag k="local_y" v="176.647436" />
    <tag k="ele" v="0" />
  </node>
  <node id="20348" lat="42.99420815622" lon="-78.79558727966">
    <tag k="local_x" v="-252.204366" />
    <tag k="local_y" v="176.652581" />
    <tag k="ele" v="0" />
  </node>
  <node id="20349" lat="42.99420820296" lon="-78.79557503856">
    <tag k="local_x" v="-251.206120" />
    <tag k="local_y" v="176.657737" />
    <tag k="ele" v="0" />
  </node>
  <node id="20350" lat="42.99420824958" lon="-78.79556279745">
    <tag k="local_x" v="-250.207875" />
    <tag k="local_y" v="176.662880" />
    <tag k="ele" v="0" />
  </node>
  <node id="20351" lat="42.99420829621" lon="-78.79555055635">
    <tag k="local_x" v="-249.209629" />
    <tag k="local_y" v="176.668023" />
    <tag k="ele" v="0" />
  </node>
  <node id="20352" lat="42.99420834287" lon="-78.79553831525">
    <tag k="local_x" v="-248.211384" />
    <tag k="local_y" v="176.673170" />
    <tag k="ele" v="0" />
  </node>
  <node id="20353" lat="42.99420838958" lon="-78.79552607414">
    <tag k="local_x" v="-247.213138" />
    <tag k="local_y" v="176.678324" />
    <tag k="ele" v="0" />
  </node>
  <node id="20354" lat="42.99420843620" lon="-78.79551383304">
    <tag k="local_x" v="-246.214893" />
    <tag k="local_y" v="176.683467" />
    <tag k="ele" v="0" />
  </node>
  <node id="20355" lat="42.99420848281" lon="-78.79550159193">
    <tag k="local_x" v="-245.216648" />
    <tag k="local_y" v="176.688610" />
    <tag k="ele" v="0" />
  </node>
  <node id="20356" lat="42.99420852950" lon="-78.79548935083">
    <tag k="local_x" v="-244.218402" />
    <tag k="local_y" v="176.693760" />
    <tag k="ele" v="0" />
  </node>
  <node id="20357" lat="42.99420857618" lon="-78.79547710972">
    <tag k="local_x" v="-243.220157" />
    <tag k="local_y" v="176.698911" />
    <tag k="ele" v="0" />
  </node>
  <node id="20358" lat="42.99420862279" lon="-78.79546486862">
    <tag k="local_x" v="-242.221911" />
    <tag k="local_y" v="176.704054" />
    <tag k="ele" v="0" />
  </node>
  <node id="20359" lat="42.99420866940" lon="-78.79545262751">
    <tag k="local_x" v="-241.223666" />
    <tag k="local_y" v="176.709196" />
    <tag k="ele" v="0" />
  </node>
  <node id="20360" lat="42.99420871610" lon="-78.79544038641">
    <tag k="local_x" v="-240.225420" />
    <tag k="local_y" v="176.714349" />
    <tag k="ele" v="0" />
  </node>
  <node id="20361" lat="42.99420876276" lon="-78.79542814531">
    <tag k="local_x" v="-239.227175" />
    <tag k="local_y" v="176.719497" />
    <tag k="ele" v="0" />
  </node>
  <node id="20362" lat="42.99420880937" lon="-78.79541590420">
    <tag k="local_x" v="-238.228930" />
    <tag k="local_y" v="176.724640" />
    <tag k="ele" v="0" />
  </node>
  <node id="20363" lat="42.99420885597" lon="-78.79540366310">
    <tag k="local_x" v="-237.230684" />
    <tag k="local_y" v="176.729783" />
    <tag k="ele" v="0" />
  </node>
  <node id="20364" lat="42.99420890258" lon="-78.79539142199">
    <tag k="local_x" v="-236.232439" />
    <tag k="local_y" v="176.734926" />
    <tag k="ele" v="0" />
  </node>
  <node id="20365" lat="42.99420894930" lon="-78.79537918089">
    <tag k="local_x" v="-235.234193" />
    <tag k="local_y" v="176.740082" />
    <tag k="ele" v="0" />
  </node>
  <node id="20366" lat="42.99420899536" lon="-78.79536693978">
    <tag k="local_x" v="-234.235948" />
    <tag k="local_y" v="176.745165" />
    <tag k="ele" v="0" />
  </node>
  <node id="20367" lat="42.99420903979" lon="-78.79535469866">
    <tag k="local_x" v="-233.237701" />
    <tag k="local_y" v="176.750067" />
    <tag k="ele" v="0" />
  </node>
  <node id="20368" lat="42.99416633128" lon="-78.79641689046">
    <tag k="local_x" v="-319.858204" />
    <tag k="local_y" v="172.008963" />
    <tag k="ele" v="0" />
  </node>
  <node id="20369" lat="42.99416637718" lon="-78.79640478883">
    <tag k="local_x" v="-318.871331" />
    <tag k="local_y" v="172.014016" />
    <tag k="ele" v="0" />
  </node>
  <node id="20370" lat="42.99416642307" lon="-78.79639268719">
    <tag k="local_x" v="-317.884458" />
    <tag k="local_y" v="172.019069" />
    <tag k="ele" v="0" />
  </node>
  <node id="20371" lat="42.99416646897" lon="-78.79638058555">
    <tag k="local_x" v="-316.897585" />
    <tag k="local_y" v="172.024122" />
    <tag k="ele" v="0" />
  </node>
  <node id="20372" lat="42.99416651487" lon="-78.79636848391">
    <tag k="local_x" v="-315.910712" />
    <tag k="local_y" v="172.029175" />
    <tag k="ele" v="0" />
  </node>
  <node id="20373" lat="42.99416656076" lon="-78.79635638227">
    <tag k="local_x" v="-314.923839" />
    <tag k="local_y" v="172.034228" />
    <tag k="ele" v="0" />
  </node>
  <node id="20374" lat="42.99416660760" lon="-78.79634428064">
    <tag k="local_x" v="-313.936967" />
    <tag k="local_y" v="172.039386" />
    <tag k="ele" v="0" />
  </node>
  <node id="20375" lat="42.99416665535" lon="-78.79633217902">
    <tag k="local_x" v="-312.950095" />
    <tag k="local_y" v="172.044646" />
    <tag k="ele" v="0" />
  </node>
  <node id="20376" lat="42.99416670375" lon="-78.79632007740">
    <tag k="local_x" v="-311.963224" />
    <tag k="local_y" v="172.049978" />
    <tag k="ele" v="0" />
  </node>
  <node id="20377" lat="42.99416675215" lon="-78.79630797578">
    <tag k="local_x" v="-310.976353" />
    <tag k="local_y" v="172.055310" />
    <tag k="ele" v="0" />
  </node>
  <node id="20378" lat="42.99416680055" lon="-78.79629587416">
    <tag k="local_x" v="-309.989481" />
    <tag k="local_y" v="172.060642" />
    <tag k="ele" v="0" />
  </node>
  <node id="20379" lat="42.99416684895" lon="-78.79628377254">
    <tag k="local_x" v="-309.002610" />
    <tag k="local_y" v="172.065974" />
    <tag k="ele" v="0" />
  </node>
  <node id="20380" lat="42.99416689735" lon="-78.79627167092">
    <tag k="local_x" v="-308.015738" />
    <tag k="local_y" v="172.071306" />
    <tag k="ele" v="0" />
  </node>
  <node id="20381" lat="42.99416694574" lon="-78.79625956930">
    <tag k="local_x" v="-307.028867" />
    <tag k="local_y" v="172.076638" />
    <tag k="ele" v="0" />
  </node>
  <node id="20382" lat="42.99416699413" lon="-78.79624746768">
    <tag k="local_x" v="-306.041996" />
    <tag k="local_y" v="172.081970" />
    <tag k="ele" v="0" />
  </node>
  <node id="20383" lat="42.99416704253" lon="-78.79623536606">
    <tag k="local_x" v="-305.055124" />
    <tag k="local_y" v="172.087302" />
    <tag k="ele" v="0" />
  </node>
  <node id="20384" lat="42.99416709092" lon="-78.79622326444">
    <tag k="local_x" v="-304.068253" />
    <tag k="local_y" v="172.092634" />
    <tag k="ele" v="0" />
  </node>
  <node id="20385" lat="42.99416713931" lon="-78.79621116282">
    <tag k="local_x" v="-303.081382" />
    <tag k="local_y" v="172.097966" />
    <tag k="ele" v="0" />
  </node>
  <node id="20386" lat="42.99416723454" lon="-78.79618682031">
    <tag k="local_x" v="-301.096282" />
    <tag k="local_y" v="172.108458" />
    <tag k="ele" v="0" />
  </node>
  <node id="20387" lat="42.99416728121" lon="-78.79617457942">
    <tag k="local_x" v="-300.098053" />
    <tag k="local_y" v="172.113599" />
    <tag k="ele" v="0" />
  </node>
  <node id="20388" lat="42.99416732791" lon="-78.79616233853">
    <tag k="local_x" v="-299.099824" />
    <tag k="local_y" v="172.118743" />
    <tag k="ele" v="0" />
  </node>
  <node id="20389" lat="42.99416737471" lon="-78.79615009764">
    <tag k="local_x" v="-298.101596" />
    <tag k="local_y" v="172.123900" />
    <tag k="ele" v="0" />
  </node>
  <node id="20390" lat="42.99416742140" lon="-78.79613785675">
    <tag k="local_x" v="-297.103367" />
    <tag k="local_y" v="172.129042" />
    <tag k="ele" v="0" />
  </node>
  <node id="20391" lat="42.99416746808" lon="-78.79612561586">
    <tag k="local_x" v="-296.105139" />
    <tag k="local_y" v="172.134185" />
    <tag k="ele" v="0" />
  </node>
  <node id="20392" lat="42.99416751480" lon="-78.79611337497">
    <tag k="local_x" v="-295.106910" />
    <tag k="local_y" v="172.139333" />
    <tag k="ele" v="0" />
  </node>
  <node id="20393" lat="42.99416756158" lon="-78.79610113409">
    <tag k="local_x" v="-294.108681" />
    <tag k="local_y" v="172.144486" />
    <tag k="ele" v="0" />
  </node>
  <node id="20394" lat="42.99416760826" lon="-78.79608889320">
    <tag k="local_x" v="-293.110453" />
    <tag k="local_y" v="172.149629" />
    <tag k="ele" v="0" />
  </node>
  <node id="20395" lat="42.99416765493" lon="-78.79607665231">
    <tag k="local_x" v="-292.112224" />
    <tag k="local_y" v="172.154772" />
    <tag k="ele" v="0" />
  </node>
  <node id="20396" lat="42.99416770163" lon="-78.79606441142">
    <tag k="local_x" v="-291.113996" />
    <tag k="local_y" v="172.159917" />
    <tag k="ele" v="0" />
  </node>
  <node id="20397" lat="42.99416774833" lon="-78.79605217053">
    <tag k="local_x" v="-290.115767" />
    <tag k="local_y" v="172.165062" />
    <tag k="ele" v="0" />
  </node>
  <node id="20398" lat="42.99416779507" lon="-78.79603992964">
    <tag k="local_x" v="-289.117538" />
    <tag k="local_y" v="172.170214" />
    <tag k="ele" v="0" />
  </node>
  <node id="20399" lat="42.99416784181" lon="-78.79602768875">
    <tag k="local_x" v="-288.119310" />
    <tag k="local_y" v="172.175363" />
    <tag k="ele" v="0" />
  </node>
  <node id="20400" lat="42.99416788848" lon="-78.79601544786">
    <tag k="local_x" v="-287.121081" />
    <tag k="local_y" v="172.180506" />
    <tag k="ele" v="0" />
  </node>
  <node id="20401" lat="42.99416793515" lon="-78.79600320697">
    <tag k="local_x" v="-286.122853" />
    <tag k="local_y" v="172.185649" />
    <tag k="ele" v="0" />
  </node>
  <node id="20402" lat="42.99416798191" lon="-78.79599096608">
    <tag k="local_x" v="-285.124624" />
    <tag k="local_y" v="172.190803" />
    <tag k="ele" v="0" />
  </node>
  <node id="20403" lat="42.99416802862" lon="-78.79597872519">
    <tag k="local_x" v="-284.126395" />
    <tag k="local_y" v="172.195950" />
    <tag k="ele" v="0" />
  </node>
  <node id="20404" lat="42.99416807528" lon="-78.79596648430">
    <tag k="local_x" v="-283.128167" />
    <tag k="local_y" v="172.201092" />
    <tag k="ele" v="0" />
  </node>
  <node id="20405" lat="42.99416812195" lon="-78.79595424341">
    <tag k="local_x" v="-282.129938" />
    <tag k="local_y" v="172.206235" />
    <tag k="ele" v="0" />
  </node>
  <node id="20406" lat="42.99416816873" lon="-78.79594200252">
    <tag k="local_x" v="-281.131710" />
    <tag k="local_y" v="172.211392" />
    <tag k="ele" v="0" />
  </node>
  <node id="20407" lat="42.99416821541" lon="-78.79592976163">
    <tag k="local_x" v="-280.133481" />
    <tag k="local_y" v="172.216536" />
    <tag k="ele" v="0" />
  </node>
  <node id="20408" lat="42.99416826207" lon="-78.79591752074">
    <tag k="local_x" v="-279.135252" />
    <tag k="local_y" v="172.221679" />
    <tag k="ele" v="0" />
  </node>
  <node id="20409" lat="42.99416830873" lon="-78.79590527985">
    <tag k="local_x" v="-278.137024" />
    <tag k="local_y" v="172.226822" />
    <tag k="ele" v="0" />
  </node>
  <node id="20410" lat="42.99416835552" lon="-78.79589303896">
    <tag k="local_x" v="-277.138795" />
    <tag k="local_y" v="172.231980" />
    <tag k="ele" v="0" />
  </node>
  <node id="20411" lat="42.99416840218" lon="-78.79588079807">
    <tag k="local_x" v="-276.140566" />
    <tag k="local_y" v="172.237123" />
    <tag k="ele" v="0" />
  </node>
  <node id="20412" lat="42.99416844883" lon="-78.79586855718">
    <tag k="local_x" v="-275.142338" />
    <tag k="local_y" v="172.242265" />
    <tag k="ele" v="0" />
  </node>
  <node id="20413" lat="42.99416849548" lon="-78.79585631629">
    <tag k="local_x" v="-274.144109" />
    <tag k="local_y" v="172.247408" />
    <tag k="ele" v="0" />
  </node>
  <node id="20414" lat="42.99416854217" lon="-78.79584407540">
    <tag k="local_x" v="-273.145881" />
    <tag k="local_y" v="172.252555" />
    <tag k="ele" v="0" />
  </node>
  <node id="20415" lat="42.99416858892" lon="-78.79583183451">
    <tag k="local_x" v="-272.147652" />
    <tag k="local_y" v="172.257709" />
    <tag k="ele" v="0" />
  </node>
  <node id="20416" lat="42.99416863557" lon="-78.79581959362">
    <tag k="local_x" v="-271.149423" />
    <tag k="local_y" v="172.262852" />
    <tag k="ele" v="0" />
  </node>
  <node id="20417" lat="42.99416868222" lon="-78.79580735273">
    <tag k="local_x" v="-270.151195" />
    <tag k="local_y" v="172.267995" />
    <tag k="ele" v="0" />
  </node>
  <node id="20418" lat="42.99416872892" lon="-78.79579511184">
    <tag k="local_x" v="-269.152966" />
    <tag k="local_y" v="172.273144" />
    <tag k="ele" v="0" />
  </node>
  <node id="20419" lat="42.99416877565" lon="-78.79578287095">
    <tag k="local_x" v="-268.154738" />
    <tag k="local_y" v="172.278296" />
    <tag k="ele" v="0" />
  </node>
  <node id="20420" lat="42.99416882229" lon="-78.79577063006">
    <tag k="local_x" v="-267.156509" />
    <tag k="local_y" v="172.283439" />
    <tag k="ele" v="0" />
  </node>
  <node id="20421" lat="42.99416886894" lon="-78.79575838917">
    <tag k="local_x" v="-266.158280" />
    <tag k="local_y" v="172.288581" />
    <tag k="ele" v="0" />
  </node>
  <node id="20422" lat="42.99416891566" lon="-78.79574614828">
    <tag k="local_x" v="-265.160052" />
    <tag k="local_y" v="172.293733" />
    <tag k="ele" v="0" />
  </node>
  <node id="20423" lat="42.99416896236" lon="-78.79573390739">
    <tag k="local_x" v="-264.161823" />
    <tag k="local_y" v="172.298882" />
    <tag k="ele" v="0" />
  </node>
  <node id="20424" lat="42.99416900899" lon="-78.79572166650">
    <tag k="local_x" v="-263.163595" />
    <tag k="local_y" v="172.304025" />
    <tag k="ele" v="0" />
  </node>
  <node id="20425" lat="42.99416905563" lon="-78.79570942561">
    <tag k="local_x" v="-262.165366" />
    <tag k="local_y" v="172.309168" />
    <tag k="ele" v="0" />
  </node>
  <node id="20426" lat="42.99416910237" lon="-78.79569718472">
    <tag k="local_x" v="-261.167137" />
    <tag k="local_y" v="172.314322" />
    <tag k="ele" v="0" />
  </node>
  <node id="20427" lat="42.99416914904" lon="-78.79568494383">
    <tag k="local_x" v="-260.168909" />
    <tag k="local_y" v="172.319469" />
    <tag k="ele" v="0" />
  </node>
  <node id="20428" lat="42.99416919567" lon="-78.79567270294">
    <tag k="local_x" v="-259.170680" />
    <tag k="local_y" v="172.324612" />
    <tag k="ele" v="0" />
  </node>
  <node id="20429" lat="42.99416924231" lon="-78.79566046205">
    <tag k="local_x" v="-258.172451" />
    <tag k="local_y" v="172.329754" />
    <tag k="ele" v="0" />
  </node>
  <node id="20430" lat="42.99416928898" lon="-78.79564822116">
    <tag k="local_x" v="-257.174223" />
    <tag k="local_y" v="172.334902" />
    <tag k="ele" v="0" />
  </node>
  <node id="20431" lat="42.99416933561" lon="-78.79563598027">
    <tag k="local_x" v="-256.175994" />
    <tag k="local_y" v="172.340045" />
    <tag k="ele" v="0" />
  </node>
  <node id="20432" lat="42.99416938238" lon="-78.79562373938">
    <tag k="local_x" v="-255.177766" />
    <tag k="local_y" v="172.345203" />
    <tag k="ele" v="0" />
  </node>
  <node id="20433" lat="42.99416942900" lon="-78.79561149849">
    <tag k="local_x" v="-254.179537" />
    <tag k="local_y" v="172.350346" />
    <tag k="ele" v="0" />
  </node>
  <node id="20434" lat="42.99416947563" lon="-78.79559925760">
    <tag k="local_x" v="-253.181308" />
    <tag k="local_y" v="172.355489" />
    <tag k="ele" v="0" />
  </node>
  <node id="20435" lat="42.99416952227" lon="-78.79558701671">
    <tag k="local_x" v="-252.183080" />
    <tag k="local_y" v="172.360634" />
    <tag k="ele" v="0" />
  </node>
  <node id="20436" lat="42.99416956901" lon="-78.79557477582">
    <tag k="local_x" v="-251.184851" />
    <tag k="local_y" v="172.365789" />
    <tag k="ele" v="0" />
  </node>
  <node id="20437" lat="42.99416961564" lon="-78.79556253493">
    <tag k="local_x" v="-250.186623" />
    <tag k="local_y" v="172.370932" />
    <tag k="ele" v="0" />
  </node>
  <node id="20438" lat="42.99416966226" lon="-78.79555029404">
    <tag k="local_x" v="-249.188394" />
    <tag k="local_y" v="172.376075" />
    <tag k="ele" v="0" />
  </node>
  <node id="20439" lat="42.99416970892" lon="-78.79553805314">
    <tag k="local_x" v="-248.190165" />
    <tag k="local_y" v="172.381223" />
    <tag k="ele" v="0" />
  </node>
  <node id="20440" lat="42.99416975563" lon="-78.79552581225">
    <tag k="local_x" v="-247.191937" />
    <tag k="local_y" v="172.386376" />
    <tag k="ele" v="0" />
  </node>
  <node id="20441" lat="42.99416980225" lon="-78.79551357136">
    <tag k="local_x" v="-246.193708" />
    <tag k="local_y" v="172.391519" />
    <tag k="ele" v="0" />
  </node>
  <node id="20442" lat="42.99416984886" lon="-78.79550133047">
    <tag k="local_x" v="-245.195480" />
    <tag k="local_y" v="172.396662" />
    <tag k="ele" v="0" />
  </node>
  <node id="20443" lat="42.99416989554" lon="-78.79548908958">
    <tag k="local_x" v="-244.197251" />
    <tag k="local_y" v="172.401812" />
    <tag k="ele" v="0" />
  </node>
  <node id="20444" lat="42.99416994223" lon="-78.79547684869">
    <tag k="local_x" v="-243.199022" />
    <tag k="local_y" v="172.406963" />
    <tag k="ele" v="0" />
  </node>
  <node id="20445" lat="42.99416998884" lon="-78.79546460780">
    <tag k="local_x" v="-242.200794" />
    <tag k="local_y" v="172.412105" />
    <tag k="ele" v="0" />
  </node>
  <node id="20446" lat="42.99417003545" lon="-78.79545236691">
    <tag k="local_x" v="-241.202565" />
    <tag k="local_y" v="172.417248" />
    <tag k="ele" v="0" />
  </node>
  <node id="20447" lat="42.99417008215" lon="-78.79544012602">
    <tag k="local_x" v="-240.204337" />
    <tag k="local_y" v="172.422401" />
    <tag k="ele" v="0" />
  </node>
  <node id="20448" lat="42.99417012880" lon="-78.79542788513">
    <tag k="local_x" v="-239.206108" />
    <tag k="local_y" v="172.427549" />
    <tag k="ele" v="0" />
  </node>
  <node id="20449" lat="42.99417017541" lon="-78.79541564424">
    <tag k="local_x" v="-238.207879" />
    <tag k="local_y" v="172.432692" />
    <tag k="ele" v="0" />
  </node>
  <node id="20450" lat="42.99417022201" lon="-78.79540340335">
    <tag k="local_x" v="-237.209651" />
    <tag k="local_y" v="172.437835" />
    <tag k="ele" v="0" />
  </node>
  <node id="20451" lat="42.99417026862" lon="-78.79539116246">
    <tag k="local_x" v="-236.211422" />
    <tag k="local_y" v="172.442977" />
    <tag k="ele" v="0" />
  </node>
  <node id="20452" lat="42.99417031534" lon="-78.79537892157">
    <tag k="local_x" v="-235.213194" />
    <tag k="local_y" v="172.448134" />
    <tag k="ele" v="0" />
  </node>
  <node id="20453" lat="42.99417036140" lon="-78.79536668067">
    <tag k="local_x" v="-234.214965" />
    <tag k="local_y" v="172.453217" />
    <tag k="ele" v="0" />
  </node>
  <node id="20454" lat="42.99417040583" lon="-78.79535443977">
    <tag k="local_x" v="-233.216735" />
    <tag k="local_y" v="172.458119" />
    <tag k="ele" v="0" />
  </node>
  <node id="20455" lat="42.99414066456" lon="-78.79629365763">
    <tag k="local_x" v="-309.808858" />
    <tag k="local_y" v="169.157118" />
    <tag k="ele" v="0" />
  </node>
  <node id="20456" lat="42.99414921755" lon="-78.79629173740">
    <tag k="local_x" v="-309.652222" />
    <tag k="local_y" v="170.107285" />
    <tag k="ele" v="0" />
  </node>
  <node id="20457" lat="42.99415755168" lon="-78.79628850317">
    <tag k="local_x" v="-309.388433" />
    <tag k="local_y" v="171.033133" />
    <tag k="ele" v="0" />
  </node>
  <node id="20458" lat="42.99416555782" lon="-78.79628399152">
    <tag k="local_x" v="-309.020474" />
    <tag k="local_y" v="171.922539" />
    <tag k="ele" v="0" />
  </node>
  <node id="20459" lat="42.99417313032" lon="-78.79627825697">
    <tag k="local_x" v="-308.552791" />
    <tag k="local_y" v="172.763768" />
    <tag k="ele" v="0" />
  </node>
  <node id="20460" lat="42.99418016731" lon="-78.79627136847">
    <tag k="local_x" v="-307.991008" />
    <tag k="local_y" v="173.545500" />
    <tag k="ele" v="0" />
  </node>
  <node id="20461" lat="42.99418657023" lon="-78.79626340757">
    <tag k="local_x" v="-307.341775" />
    <tag k="local_y" v="174.256788" />
    <tag k="ele" v="0" />
  </node>
  <node id="20462" lat="42.99419214042" lon="-78.79625435939">
    <tag k="local_x" v="-306.603880" />
    <tag k="local_y" v="174.875562" />
    <tag k="ele" v="0" />
  </node>
  <node id="20463" lat="42.99419685943" lon="-78.79624445973">
    <tag k="local_x" v="-305.796553" />
    <tag k="local_y" v="175.399773" />
    <tag k="ele" v="0" />
  </node>
  <node id="20464" lat="42.99420065072" lon="-78.79623384923">
    <tag k="local_x" v="-304.931262" />
    <tag k="local_y" v="175.820919" />
    <tag k="ele" v="0" />
  </node>
  <node id="20465" lat="42.99420344133" lon="-78.79622267747">
    <tag k="local_x" v="-304.020207" />
    <tag k="local_y" v="176.130894" />
    <tag k="ele" v="0" />
  </node>
  <node id="20466" lat="42.99420517548" lon="-78.79621111214">
    <tag k="local_x" v="-303.077062" />
    <tag k="local_y" v="176.323504" />
    <tag k="ele" v="0" />
  </node>
  <node id="20467" lat="42.99414398955" lon="-78.79624975322">
    <tag k="local_x" v="-306.228492" />
    <tag k="local_y" v="169.526339" />
    <tag k="ele" v="0" />
  </node>
  <node id="20468" lat="42.99415097097" lon="-78.79624513187">
    <tag k="local_x" v="-305.851593" />
    <tag k="local_y" v="170.301906" />
    <tag k="ele" v="0" />
  </node>
  <node id="20469" lat="42.99415683523" lon="-78.79623817998">
    <tag k="local_x" v="-305.284647" />
    <tag k="local_y" v="170.953357" />
    <tag k="ele" v="0" />
  </node>
  <node id="20470" lat="42.99416136726" lon="-78.79622956288">
    <tag k="local_x" v="-304.581911" />
    <tag k="local_y" v="171.456801" />
    <tag k="ele" v="0" />
  </node>
  <node id="20471" lat="42.99416458243" lon="-78.79621990683">
    <tag k="local_x" v="-303.794457" />
    <tag k="local_y" v="171.813948" />
    <tag k="ele" v="0" />
  </node>
  <node id="20472" lat="42.99416650920" lon="-78.79620963127">
    <tag k="local_x" v="-302.956489" />
    <tag k="local_y" v="172.027960" />
    <tag k="ele" v="0" />
  </node>
  <node id="20473" lat="42.99268047059" lon="-78.79627506624">
    <tag k="local_x" v="-308.300052" />
    <tag k="local_y" v="6.940293" />
    <tag k="ele" v="0" />
  </node>
  <node id="20474" lat="42.99267198824" lon="-78.79627686397">
    <tag k="local_x" v="-308.446700" />
    <tag k="local_y" v="5.997974" />
    <tag k="ele" v="0" />
  </node>
  <node id="20475" lat="42.99266362428" lon="-78.79627965815">
    <tag k="local_x" v="-308.674609" />
    <tag k="local_y" v="5.068810" />
    <tag k="ele" v="0" />
  </node>
  <node id="20476" lat="42.99265568316" lon="-78.79628420352">
    <tag k="local_x" v="-309.045327" />
    <tag k="local_y" v="4.186627" />
    <tag k="ele" v="0" />
  </node>
  <node id="20477" lat="42.99264807374" lon="-78.79628962855">
    <tag k="local_x" v="-309.487781" />
    <tag k="local_y" v="3.341297" />
    <tag k="ele" v="0" />
  </node>
  <node id="20478" lat="42.99264079297" lon="-78.79629588186">
    <tag k="local_x" v="-309.997779" />
    <tag k="local_y" v="2.532480" />
    <tag k="ele" v="0" />
  </node>
  <node id="20479" lat="42.99263419403" lon="-78.79630342345">
    <tag k="local_x" v="-310.612834" />
    <tag k="local_y" v="1.799415" />
    <tag k="ele" v="0" />
  </node>
  <node id="20480" lat="42.99262809041" lon="-78.79631166313">
    <tag k="local_x" v="-311.284817" />
    <tag k="local_y" v="1.121378" />
    <tag k="ele" v="0" />
  </node>
  <node id="20481" lat="42.99262240412" lon="-78.79632046665">
    <tag k="local_x" v="-312.002779" />
    <tag k="local_y" v="0.489706" />
    <tag k="ele" v="0" />
  </node>
  <node id="20482" lat="42.99261756886" lon="-78.79633017741">
    <tag k="local_x" v="-312.794723" />
    <tag k="local_y" v="-0.047419" />
    <tag k="ele" v="0" />
  </node>
  <node id="20483" lat="42.99261326319" lon="-78.79634031051">
    <tag k="local_x" v="-313.621106" />
    <tag k="local_y" v="-0.525710" />
    <tag k="ele" v="0" />
  </node>
  <node id="20484" lat="42.99260941414" lon="-78.79635080776">
    <tag k="local_x" v="-314.477184" />
    <tag k="local_y" v="-0.953272" />
    <tag k="ele" v="0" />
  </node>
  <node id="20485" lat="42.99260656716" lon="-78.79636187859">
    <tag k="local_x" v="-315.380034" />
    <tag k="local_y" v="-1.269508" />
    <tag k="ele" v="0" />
  </node>
  <node id="20486" lat="42.99260414068" lon="-78.79637311360">
    <tag k="local_x" v="-316.296270" />
    <tag k="local_y" v="-1.539030" />
    <tag k="ele" v="0" />
  </node>
  <node id="20487" lat="42.99260241148" lon="-78.79638460866">
    <tag k="local_x" v="-317.233709" />
    <tag k="local_y" v="-1.731087" />
    <tag k="ele" v="0" />
  </node>
  <node id="20488" lat="42.99260146195" lon="-78.79639625020">
    <tag k="local_x" v="-318.183090" />
    <tag k="local_y" v="-1.836529" />
    <tag k="ele" v="0" />
  </node>
  <node id="20489" lat="42.99266885190" lon="-78.79637325275">
    <tag k="local_x" v="-316.307285" />
    <tag k="local_y" v="5.649908" />
    <tag k="ele" v="0" />
  </node>
  <node id="20490" lat="42.99266129540" lon="-78.79637835987">
    <tag k="local_x" v="-316.723813" />
    <tag k="local_y" v="4.810456" />
    <tag k="ele" v="0" />
  </node>
  <node id="20491" lat="42.99265527565" lon="-78.79638641209">
    <tag k="local_x" v="-317.380508" />
    <tag k="local_y" v="4.141736" />
    <tag k="ele" v="0" />
  </node>
  <node id="20492" lat="42.99265138944" lon="-78.79639661109">
    <tag k="local_x" v="-318.212263" />
    <tag k="local_y" v="3.710046" />
    <tag k="ele" v="0" />
  </node>
  <node id="20493" lat="42.99260170812" lon="-78.79620541365">
    <tag k="local_x" v="-302.620225" />
    <tag k="local_y" v="-1.809887" />
    <tag k="ele" v="0" />
  </node>
  <node id="20494" lat="42.99260165436" lon="-78.79621732778">
    <tag k="local_x" v="-303.591832" />
    <tag k="local_y" v="-1.815816" />
    <tag k="ele" v="0" />
  </node>
  <node id="20495" lat="42.99260160061" lon="-78.79622924191">
    <tag k="local_x" v="-304.563438" />
    <tag k="local_y" v="-1.821744" />
    <tag k="ele" v="0" />
  </node>
  <node id="20496" lat="42.99260154685" lon="-78.79624115605">
    <tag k="local_x" v="-305.535045" />
    <tag k="local_y" v="-1.827673" />
    <tag k="ele" v="0" />
  </node>
  <node id="20497" lat="42.99260149309" lon="-78.79625307018">
    <tag k="local_x" v="-306.506652" />
    <tag k="local_y" v="-1.833602" />
    <tag k="ele" v="0" />
  </node>
  <node id="20498" lat="42.99260143933" lon="-78.79626498431">
    <tag k="local_x" v="-307.478258" />
    <tag k="local_y" v="-1.839531" />
    <tag k="ele" v="0" />
  </node>
  <node id="20499" lat="42.99260138557" lon="-78.79627689844">
    <tag k="local_x" v="-308.449865" />
    <tag k="local_y" v="-1.845459" />
    <tag k="ele" v="0" />
  </node>
  <node id="20500" lat="42.99260133181" lon="-78.79628881258">
    <tag k="local_x" v="-309.421472" />
    <tag k="local_y" v="-1.851388" />
    <tag k="ele" v="0" />
  </node>
  <node id="20501" lat="42.99260127805" lon="-78.79630072671">
    <tag k="local_x" v="-310.393078" />
    <tag k="local_y" v="-1.857317" />
    <tag k="ele" v="0" />
  </node>
  <node id="20502" lat="42.99260123573" lon="-78.79631264088">
    <tag k="local_x" v="-311.364688" />
    <tag k="local_y" v="-1.861974" />
    <tag k="ele" v="0" />
  </node>
  <node id="20503" lat="42.99260124551" lon="-78.79632455523">
    <tag k="local_x" v="-312.336312" />
    <tag k="local_y" v="-1.860843" />
    <tag k="ele" v="0" />
  </node>
  <node id="20504" lat="42.99260121593" lon="-78.79633646942">
    <tag k="local_x" v="-313.307924" />
    <tag k="local_y" v="-1.864086" />
    <tag k="ele" v="0" />
  </node>
  <node id="20505" lat="42.99260115368" lon="-78.79634838347">
    <tag k="local_x" v="-314.279524" />
    <tag k="local_y" v="-1.870956" />
    <tag k="ele" v="0" />
  </node>
  <node id="20506" lat="42.99260109144" lon="-78.79636029753">
    <tag k="local_x" v="-315.251125" />
    <tag k="local_y" v="-1.877826" />
    <tag k="ele" v="0" />
  </node>
  <node id="20507" lat="42.99260102920" lon="-78.79637221159">
    <tag k="local_x" v="-316.222725" />
    <tag k="local_y" v="-1.884696" />
    <tag k="ele" v="0" />
  </node>
  <node id="20508" lat="42.99260096695" lon="-78.79638412564">
    <tag k="local_x" v="-317.194326" />
    <tag k="local_y" v="-1.891566" />
    <tag k="ele" v="0" />
  </node>
  <node id="20509" lat="42.99260090470" lon="-78.79639603970">
    <tag k="local_x" v="-318.165926" />
    <tag k="local_y" v="-1.898436" />
    <tag k="ele" v="0" />
  </node>
  <node id="20510" lat="42.99265086423" lon="-78.79620587149">
    <tag k="local_x" v="-302.657321" />
    <tag k="local_y" v="3.650994" />
    <tag k="ele" v="0" />
  </node>
  <node id="20511" lat="42.99265081061" lon="-78.79621775846">
    <tag k="local_x" v="-303.626712" />
    <tag k="local_y" v="3.645081" />
    <tag k="ele" v="0" />
  </node>
  <node id="20512" lat="42.99265075700" lon="-78.79622964544">
    <tag k="local_x" v="-304.596103" />
    <tag k="local_y" v="3.639168" />
    <tag k="ele" v="0" />
  </node>
  <node id="20513" lat="42.99265070339" lon="-78.79624153241">
    <tag k="local_x" v="-305.565494" />
    <tag k="local_y" v="3.633255" />
    <tag k="ele" v="0" />
  </node>
  <node id="20514" lat="42.99265064977" lon="-78.79625341938">
    <tag k="local_x" v="-306.534885" />
    <tag k="local_y" v="3.627342" />
    <tag k="ele" v="0" />
  </node>
  <node id="20515" lat="42.99265059615" lon="-78.79626530636">
    <tag k="local_x" v="-307.504276" />
    <tag k="local_y" v="3.621429" />
    <tag k="ele" v="0" />
  </node>
  <node id="20516" lat="42.99265054254" lon="-78.79627719333">
    <tag k="local_x" v="-308.473667" />
    <tag k="local_y" v="3.615516" />
    <tag k="ele" v="0" />
  </node>
  <node id="20517" lat="42.99265048892" lon="-78.79628908030">
    <tag k="local_x" v="-309.443058" />
    <tag k="local_y" v="3.609603" />
    <tag k="ele" v="0" />
  </node>
  <node id="20518" lat="42.99265043530" lon="-78.79630096727">
    <tag k="local_x" v="-310.412449" />
    <tag k="local_y" v="3.603690" />
    <tag k="ele" v="0" />
  </node>
  <node id="20519" lat="42.99265039337" lon="-78.79631285429">
    <tag k="local_x" v="-311.381844" />
    <tag k="local_y" v="3.599076" />
    <tag k="ele" v="0" />
  </node>
  <node id="20520" lat="42.99265040297" lon="-78.79632474148">
    <tag k="local_x" v="-312.351252" />
    <tag k="local_y" v="3.600187" />
    <tag k="ele" v="0" />
  </node>
  <node id="20521" lat="42.99265037360" lon="-78.79633662851">
    <tag k="local_x" v="-313.320648" />
    <tag k="local_y" v="3.596969" />
    <tag k="ele" v="0" />
  </node>
  <node id="20522" lat="42.99265031150" lon="-78.79634851540">
    <tag k="local_x" v="-314.290033" />
    <tag k="local_y" v="3.590114" />
    <tag k="ele" v="0" />
  </node>
  <node id="20523" lat="42.99265024939" lon="-78.79636040230">
    <tag k="local_x" v="-315.259417" />
    <tag k="local_y" v="3.583259" />
    <tag k="ele" v="0" />
  </node>
  <node id="20524" lat="42.99265018729" lon="-78.79637228919">
    <tag k="local_x" v="-316.228802" />
    <tag k="local_y" v="3.576404" />
    <tag k="ele" v="0" />
  </node>
  <node id="20525" lat="42.99265012518" lon="-78.79638417609">
    <tag k="local_x" v="-317.198187" />
    <tag k="local_y" v="3.569549" />
    <tag k="ele" v="0" />
  </node>
  <node id="20526" lat="42.99265006307" lon="-78.79639606299">
    <tag k="local_x" v="-318.167572" />
    <tag k="local_y" v="3.562694" />
    <tag k="ele" v="0" />
  </node>
  <node id="20527" lat="42.99258455925" lon="-78.79770008375">
    <tag k="local_x" v="-424.511811" />
    <tag k="local_y" v="-3.708532" />
    <tag k="ele" v="0" />
  </node>
  <node id="20528" lat="42.99258666597" lon="-78.79771171834">
    <tag k="local_x" v="-425.460606" />
    <tag k="local_y" v="-3.474432" />
    <tag k="ele" v="0" />
  </node>
  <node id="20529" lat="42.99258978439" lon="-78.79772292522">
    <tag k="local_x" v="-426.374515" />
    <tag k="local_y" v="-3.127942" />
    <tag k="ele" v="0" />
  </node>
  <node id="20530" lat="42.99259367156" lon="-78.79773367647">
    <tag k="local_x" v="-427.251260" />
    <tag k="local_y" v="-2.696051" />
    <tag k="ele" v="0" />
  </node>
  <node id="20531" lat="42.99259837519" lon="-78.79774380646">
    <tag k="local_x" v="-428.077336" />
    <tag k="local_y" v="-2.173462" />
    <tag k="ele" v="0" />
  </node>
  <node id="20532" lat="42.99260367195" lon="-78.79775337870">
    <tag k="local_x" v="-428.857923" />
    <tag k="local_y" v="-1.584982" />
    <tag k="ele" v="0" />
  </node>
  <node id="20533" lat="42.99260960931" lon="-78.79776222680">
    <tag k="local_x" v="-429.579451" />
    <tag k="local_y" v="-0.925340" />
    <tag k="ele" v="0" />
  </node>
  <node id="20534" lat="42.99261600029" lon="-78.79777046733">
    <tag k="local_x" v="-430.251427" />
    <tag k="local_y" v="-0.215307" />
    <tag k="ele" v="0" />
  </node>
  <node id="20535" lat="42.99262283418" lon="-78.79777801940">
    <tag k="local_x" v="-430.867256" />
    <tag k="local_y" v="0.543926" />
    <tag k="ele" v="0" />
  </node>
  <node id="20536" lat="42.99263004495" lon="-78.79778489182">
    <tag k="local_x" v="-431.427657" />
    <tag k="local_y" v="1.345025" />
    <tag k="ele" v="0" />
  </node>
  <node id="20537" lat="42.99263755493" lon="-78.79779114223">
    <tag k="local_x" v="-431.937330" />
    <tag k="local_y" v="2.179360" />
    <tag k="ele" v="0" />
  </node>
  <node id="20538" lat="42.99264535468" lon="-78.79779669531">
    <tag k="local_x" v="-432.390132" />
    <tag k="local_y" v="3.045883" />
    <tag k="ele" v="0" />
  </node>
  <node id="20539" lat="42.99265339121" lon="-78.79780158211">
    <tag k="local_x" v="-432.788597" />
    <tag k="local_y" v="3.938706" />
    <tag k="ele" v="0" />
  </node>
  <node id="20540" lat="42.99266161658" lon="-78.79780584598">
    <tag k="local_x" v="-433.136261" />
    <tag k="local_y" v="4.852506" />
    <tag k="ele" v="0" />
  </node>
  <node id="20541" lat="42.99267000287" lon="-78.79780948533">
    <tag k="local_x" v="-433.432994" />
    <tag k="local_y" v="5.784180" />
    <tag k="ele" v="0" />
  </node>
  <node id="20542" lat="42.99267854008" lon="-78.79781240198">
    <tag k="local_x" v="-433.670789" />
    <tag k="local_y" v="6.732616" />
    <tag k="ele" v="0" />
  </node>
  <node id="20543" lat="42.99268717951" lon="-78.79781468838">
    <tag k="local_x" v="-433.857185" />
    <tag k="local_y" v="7.692404" />
    <tag k="ele" v="0" />
  </node>
  <node id="20544" lat="42.99269589576" lon="-78.79781634598">
    <tag k="local_x" v="-433.992302" />
    <tag k="local_y" v="8.660724" />
    <tag k="ele" v="0" />
  </node>
  <node id="20545" lat="42.99270466456" lon="-78.79781737237">
    <tag k="local_x" v="-434.075944" />
    <tag k="local_y" v="9.634878" />
    <tag k="ele" v="0" />
  </node>
  <node id="20546" lat="42.99263408121" lon="-78.79769923963">
    <tag k="local_x" v="-424.442632" />
    <tag k="local_y" v="1.792986" />
    <tag k="ele" v="0" />
  </node>
  <node id="20547" lat="42.99263746037" lon="-78.79771050258">
    <tag k="local_x" v="-425.361110" />
    <tag k="local_y" v="2.168443" />
    <tag k="ele" v="0" />
  </node>
  <node id="20548" lat="42.99264230157" lon="-78.79772073753">
    <tag k="local_x" v="-426.195744" />
    <tag k="local_y" v="2.706317" />
    <tag k="ele" v="0" />
  </node>
  <node id="20549" lat="42.99264827959" lon="-78.79772979369">
    <tag k="local_x" v="-426.934238" />
    <tag k="local_y" v="3.370477" />
    <tag k="ele" v="0" />
  </node>
  <node id="20550" lat="42.99265510419" lon="-78.79773766638">
    <tag k="local_x" v="-427.576215" />
    <tag k="local_y" v="4.128679" />
    <tag k="ele" v="0" />
  </node>
  <node id="20551" lat="42.99266255681" lon="-78.79774440429">
    <tag k="local_x" v="-428.125644" />
    <tag k="local_y" v="4.956644" />
    <tag k="ele" v="0" />
  </node>
  <node id="20552" lat="42.99267049272" lon="-78.79775003069">
    <tag k="local_x" v="-428.584425" />
    <tag k="local_y" v="5.838293" />
    <tag k="ele" v="0" />
  </node>
  <node id="20553" lat="42.99267879559" lon="-78.79775457160">
    <tag k="local_x" v="-428.954682" />
    <tag k="local_y" v="6.760704" />
    <tag k="ele" v="0" />
  </node>
  <node id="20554" lat="42.99268736279" lon="-78.79775808491">
    <tag k="local_x" v="-429.241135" />
    <tag k="local_y" v="7.712474" />
    <tag k="ele" v="0" />
  </node>
  <node id="20555" lat="42.99269611861" lon="-78.79776059198">
    <tag k="local_x" v="-429.445527" />
    <tag k="local_y" v="8.685194" />
    <tag k="ele" v="0" />
  </node>
  <node id="20556" lat="42.99270499657" lon="-78.79776210884">
    <tag k="local_x" v="-429.569166" />
    <tag k="local_y" v="9.671478" />
    <tag k="ele" v="0" />
  </node>
  <node id="20557" lat="42.99270466352" lon="-78.79781738488">
    <tag k="local_x" v="-434.076964" />
    <tag k="local_y" v="9.634763" />
    <tag k="ele" v="0" />
  </node>
  <node id="20558" lat="42.99269589305" lon="-78.79781637227">
    <tag k="local_x" v="-433.994446" />
    <tag k="local_y" v="8.660423" />
    <tag k="ele" v="0" />
  </node>
  <node id="20559" lat="42.99268717483" lon="-78.79781472280">
    <tag k="local_x" v="-433.859992" />
    <tag k="local_y" v="7.691884" />
    <tag k="ele" v="0" />
  </node>
  <node id="20560" lat="42.99267853456" lon="-78.79781243231">
    <tag k="local_x" v="-433.673262" />
    <tag k="local_y" v="6.732002" />
    <tag k="ele" v="0" />
  </node>
  <node id="20561" lat="42.99267000318" lon="-78.79780947847">
    <tag k="local_x" v="-433.432434" />
    <tag k="local_y" v="5.784214" />
    <tag k="ele" v="0" />
  </node>
  <node id="20562" lat="42.99266160956" lon="-78.79780586734">
    <tag k="local_x" v="-433.138003" />
    <tag k="local_y" v="4.851727" />
    <tag k="ele" v="0" />
  </node>
  <node id="20563" lat="42.99265338119" lon="-78.79780161011">
    <tag k="local_x" v="-432.790881" />
    <tag k="local_y" v="3.937594" />
    <tag k="ele" v="0" />
  </node>
  <node id="20564" lat="42.99264535069" lon="-78.79779670230">
    <tag k="local_x" v="-432.390702" />
    <tag k="local_y" v="3.045440" />
    <tag k="ele" v="0" />
  </node>
  <node id="20565" lat="42.99263755404" lon="-78.79779113905">
    <tag k="local_x" v="-431.937070" />
    <tag k="local_y" v="2.179260" />
    <tag k="ele" v="0" />
  </node>
  <node id="20566" lat="42.99263003136" lon="-78.79778491538">
    <tag k="local_x" v="-431.429578" />
    <tag k="local_y" v="1.343515" />
    <tag k="ele" v="0" />
  </node>
  <node id="20567" lat="42.99262282794" lon="-78.79777802682">
    <tag k="local_x" v="-430.867861" />
    <tag k="local_y" v="0.543233" />
    <tag k="ele" v="0" />
  </node>
  <node id="20568" lat="42.99261599519" lon="-78.79777047045">
    <tag k="local_x" v="-430.251681" />
    <tag k="local_y" v="-0.215874" />
    <tag k="ele" v="0" />
  </node>
  <node id="20569" lat="42.99260959163" lon="-78.79776224666">
    <tag k="local_x" v="-429.581070" />
    <tag k="local_y" v="-0.927304" />
    <tag k="ele" v="0" />
  </node>
  <node id="20570" lat="42.99260368365" lon="-78.79775336163">
    <tag k="local_x" v="-428.856530" />
    <tag k="local_y" v="-1.583682" />
    <tag k="ele" v="0" />
  </node>
  <node id="20571" lat="42.99259834573" lon="-78.79774383081">
    <tag k="local_x" v="-428.079322" />
    <tag k="local_y" v="-2.176735" />
    <tag k="ele" v="0" />
  </node>
  <node id="20572" lat="42.99259366339" lon="-78.79773368039">
    <tag k="local_x" v="-427.251580" />
    <tag k="local_y" v="-2.696959" />
    <tag k="ele" v="0" />
  </node>
  <node id="20573" lat="42.99258975393" lon="-78.79772294117">
    <tag k="local_x" v="-426.375816" />
    <tag k="local_y" v="-3.131326" />
    <tag k="ele" v="0" />
  </node>
  <node id="20574" lat="42.99258668083" lon="-78.79771171078">
    <tag k="local_x" v="-425.459989" />
    <tag k="local_y" v="-3.472781" />
    <tag k="ele" v="0" />
  </node>
  <node id="20575" lat="42.99258452369" lon="-78.79770009202">
    <tag k="local_x" v="-424.512485" />
    <tag k="local_y" v="-3.712483" />
    <tag k="ele" v="0" />
  </node>
  <node id="20576" lat="42.99270422656" lon="-78.79787507437">
    <tag k="local_x" v="-438.781580" />
    <tag k="local_y" v="9.586519" />
    <tag k="ele" v="0" />
  </node>
  <node id="20577" lat="42.99269548742" lon="-78.79787429743">
    <tag k="local_x" v="-438.718282" />
    <tag k="local_y" v="8.615661" />
    <tag k="ele" v="0" />
  </node>
  <node id="20578" lat="42.99268677720" lon="-78.79787305556">
    <tag k="local_x" v="-438.617069" />
    <tag k="local_y" v="7.648014" />
    <tag k="ele" v="0" />
  </node>
  <node id="20579" lat="42.99267811265" lon="-78.79787131891">
    <tag k="local_x" v="-438.475506" />
    <tag k="local_y" v="6.685437" />
    <tag k="ele" v="0" />
  </node>
  <node id="20580" lat="42.99266951205" lon="-78.79786906805">
    <tag k="local_x" v="-438.292008" />
    <tag k="local_y" v="5.729962" />
    <tag k="ele" v="0" />
  </node>
  <node id="20581" lat="42.99266098302" lon="-78.79786635931">
    <tag k="local_x" v="-438.071169" />
    <tag k="local_y" v="4.782436" />
    <tag k="ele" v="0" />
  </node>
  <node id="20582" lat="42.99265254185" lon="-78.79786318001">
    <tag k="local_x" v="-437.811955" />
    <tag k="local_y" v="3.844668" />
    <tag k="ele" v="0" />
  </node>
  <node id="20583" lat="42.99264421714" lon="-78.79785947417">
    <tag k="local_x" v="-437.509799" />
    <tag k="local_y" v="2.919836" />
    <tag k="ele" v="0" />
  </node>
  <node id="20584" lat="42.99263600771" lon="-78.79785531911">
    <tag k="local_x" v="-437.171010" />
    <tag k="local_y" v="2.007807" />
    <tag k="ele" v="0" />
  </node>
  <node id="20585" lat="42.99262793604" lon="-78.79785069040">
    <tag k="local_x" v="-436.793592" />
    <tag k="local_y" v="1.111080" />
    <tag k="ele" v="0" />
  </node>
  <node id="20586" lat="42.99262003218" lon="-78.79784555197">
    <tag k="local_x" v="-436.374606" />
    <tag k="local_y" v="0.232993" />
    <tag k="ele" v="0" />
  </node>
  <node id="20587" lat="42.99261229100" lon="-78.79783997300">
    <tag k="local_x" v="-435.919691" />
    <tag k="local_y" v="-0.627024" />
    <tag k="ele" v="0" />
  </node>
  <node id="20588" lat="42.99260475700" lon="-78.79783389103">
    <tag k="local_x" v="-435.423756" />
    <tag k="local_y" v="-1.464026" />
    <tag k="ele" v="0" />
  </node>
  <node id="20589" lat="42.99259743648" lon="-78.79782734293">
    <tag k="local_x" v="-434.889805" />
    <tag k="local_y" v="-2.277316" />
    <tag k="ele" v="0" />
  </node>
  <node id="20590" lat="42.99259034879" lon="-78.79782033607">
    <tag k="local_x" v="-434.318440" />
    <tag k="local_y" v="-3.064742" />
    <tag k="ele" v="0" />
  </node>
  <node id="20591" lat="42.99258354172" lon="-78.79781283026">
    <tag k="local_x" v="-433.706383" />
    <tag k="local_y" v="-3.820996" />
    <tag k="ele" v="0" />
  </node>
  <node id="20592" lat="42.99257700227" lon="-78.79780489534">
    <tag k="local_x" v="-433.059331" />
    <tag k="local_y" v="-4.547522" />
    <tag k="ele" v="0" />
  </node>
  <node id="20593" lat="42.99257081621" lon="-78.79779645091">
    <tag k="local_x" v="-432.370723" />
    <tag k="local_y" v="-5.234790" />
    <tag k="ele" v="0" />
  </node>
  <node id="20594" lat="42.99256494675" lon="-78.79778759716">
    <tag k="local_x" v="-431.648735" />
    <tag k="local_y" v="-5.886889" />
    <tag k="ele" v="0" />
  </node>
  <node id="20595" lat="42.99255950615" lon="-78.79777824908">
    <tag k="local_x" v="-430.886429" />
    <tag k="local_y" v="-6.491347" />
    <tag k="ele" v="0" />
  </node>
  <node id="20596" lat="42.99255444969" lon="-78.79776850962">
    <tag k="local_x" v="-430.092204" />
    <tag k="local_y" v="-7.053133" />
    <tag k="ele" v="0" />
  </node>
  <node id="20597" lat="42.99254989506" lon="-78.79775832090">
    <tag k="local_x" v="-429.261337" />
    <tag k="local_y" v="-7.559171" />
    <tag k="ele" v="0" />
  </node>
  <node id="20598" lat="42.99254581206" lon="-78.79774776906">
    <tag k="local_x" v="-428.400854" />
    <tag k="local_y" v="-8.012815" />
    <tag k="ele" v="0" />
  </node>
  <node id="20599" lat="42.99254229348" lon="-78.79773684568">
    <tag k="local_x" v="-427.510068" />
    <tag k="local_y" v="-8.403759" />
    <tag k="ele" v="0" />
  </node>
  <node id="20600" lat="42.99253934892" lon="-78.79772561337">
    <tag k="local_x" v="-426.594084" />
    <tag k="local_y" v="-8.730935" />
    <tag k="ele" v="0" />
  </node>
  <node id="20601" lat="42.99253701086" lon="-78.79771411809">
    <tag k="local_x" v="-425.656650" />
    <tag k="local_y" v="-8.990735" />
    <tag k="ele" v="0" />
  </node>
  <node id="20602" lat="42.99253534881" lon="-78.79770240793">
    <tag k="local_x" v="-424.701689" />
    <tag k="local_y" v="-9.175435" />
    <tag k="ele" v="0" />
  </node>
  <node id="20603" lat="42.99260090472" lon="-78.79639603970">
    <tag k="local_x" v="-318.165926" />
    <tag k="local_y" v="-1.898435" />
    <tag k="ele" v="0" />
  </node>
  <node id="20604" lat="42.99260096698" lon="-78.79638412564">
    <tag k="local_x" v="-317.194326" />
    <tag k="local_y" v="-1.891563" />
    <tag k="ele" v="0" />
  </node>
  <node id="20605" lat="42.99260102924" lon="-78.79637221159">
    <tag k="local_x" v="-316.222725" />
    <tag k="local_y" v="-1.884691" />
    <tag k="ele" v="0" />
  </node>
  <node id="20606" lat="42.99260109149" lon="-78.79636029753">
    <tag k="local_x" v="-315.251125" />
    <tag k="local_y" v="-1.877820" />
    <tag k="ele" v="0" />
  </node>
  <node id="20607" lat="42.99260115375" lon="-78.79634838348">
    <tag k="local_x" v="-314.279524" />
    <tag k="local_y" v="-1.870948" />
    <tag k="ele" v="0" />
  </node>
  <node id="20608" lat="42.99260121601" lon="-78.79633646942">
    <tag k="local_x" v="-313.307924" />
    <tag k="local_y" v="-1.864077" />
    <tag k="ele" v="0" />
  </node>
  <node id="20609" lat="42.99260124568" lon="-78.79632455523">
    <tag k="local_x" v="-312.336313" />
    <tag k="local_y" v="-1.860824" />
    <tag k="ele" v="0" />
  </node>
  <node id="20610" lat="42.99260123646" lon="-78.79631264088">
    <tag k="local_x" v="-311.364688" />
    <tag k="local_y" v="-1.861893" />
    <tag k="ele" v="0" />
  </node>
  <node id="20611" lat="42.99260127861" lon="-78.79630072671">
    <tag k="local_x" v="-310.393079" />
    <tag k="local_y" v="-1.857255" />
    <tag k="ele" v="0" />
  </node>
  <node id="20612" lat="42.99260133231" lon="-78.79628881258">
    <tag k="local_x" v="-309.421472" />
    <tag k="local_y" v="-1.851333" />
    <tag k="ele" v="0" />
  </node>
  <node id="20613" lat="42.99260138601" lon="-78.79627689844">
    <tag k="local_x" v="-308.449865" />
    <tag k="local_y" v="-1.845411" />
    <tag k="ele" v="0" />
  </node>
  <node id="20614" lat="42.99260143971" lon="-78.79626498431">
    <tag k="local_x" v="-307.478258" />
    <tag k="local_y" v="-1.839489" />
    <tag k="ele" v="0" />
  </node>
  <node id="20615" lat="42.99260149340" lon="-78.79625307018">
    <tag k="local_x" v="-306.506652" />
    <tag k="local_y" v="-1.833567" />
    <tag k="ele" v="0" />
  </node>
  <node id="20616" lat="42.99260154710" lon="-78.79624115605">
    <tag k="local_x" v="-305.535045" />
    <tag k="local_y" v="-1.827646" />
    <tag k="ele" v="0" />
  </node>
  <node id="20617" lat="42.99260160080" lon="-78.79622924191">
    <tag k="local_x" v="-304.563438" />
    <tag k="local_y" v="-1.821724" />
    <tag k="ele" v="0" />
  </node>
  <node id="20618" lat="42.99260165449" lon="-78.79621732778">
    <tag k="local_x" v="-303.591832" />
    <tag k="local_y" v="-1.815802" />
    <tag k="ele" v="0" />
  </node>
  <node id="20619" lat="42.99260170818" lon="-78.79620541365">
    <tag k="local_x" v="-302.620225" />
    <tag k="local_y" v="-1.809880" />
    <tag k="ele" v="0" />
  </node>
  <node id="20620" lat="42.99255210096" lon="-78.79632951742">
    <tag k="local_x" v="-312.741232" />
    <tag k="local_y" v="-7.320420" />
    <tag k="ele" v="0" />
  </node>
  <node id="20621" lat="42.99255216462" lon="-78.79631754328">
    <tag k="local_x" v="-311.764731" />
    <tag k="local_y" v="-7.313393" />
    <tag k="ele" v="0" />
  </node>
  <node id="20622" lat="42.99255222827" lon="-78.79630556914">
    <tag k="local_x" v="-310.788230" />
    <tag k="local_y" v="-7.306366" />
    <tag k="ele" v="0" />
  </node>
  <node id="20623" lat="42.99255229192" lon="-78.79629359500">
    <tag k="local_x" v="-309.811729" />
    <tag k="local_y" v="-7.299339" />
    <tag k="ele" v="0" />
  </node>
  <node id="20624" lat="42.99255223841" lon="-78.79628162078">
    <tag k="local_x" v="-308.835221" />
    <tag k="local_y" v="-7.305328" />
    <tag k="ele" v="0" />
  </node>
  <node id="20625" lat="42.99255228807" lon="-78.79626964651">
    <tag k="local_x" v="-307.858710" />
    <tag k="local_y" v="-7.299854" />
    <tag k="ele" v="0" />
  </node>
  <node id="20626" lat="42.99255233774" lon="-78.79625767225">
    <tag k="local_x" v="-306.882199" />
    <tag k="local_y" v="-7.294381" />
    <tag k="ele" v="0" />
  </node>
  <node id="20627" lat="42.99255238741" lon="-78.79624569799">
    <tag k="local_x" v="-305.905687" />
    <tag k="local_y" v="-7.288907" />
    <tag k="ele" v="0" />
  </node>
  <node id="20628" lat="42.99255243707" lon="-78.79623372372">
    <tag k="local_x" v="-304.929176" />
    <tag k="local_y" v="-7.283433" />
    <tag k="ele" v="0" />
  </node>
  <node id="20629" lat="42.99255248673" lon="-78.79622174946">
    <tag k="local_x" v="-303.952665" />
    <tag k="local_y" v="-7.277959" />
    <tag k="ele" v="0" />
  </node>
  <node id="20630" lat="42.99268015198" lon="-78.79627363883">
    <tag k="local_x" v="-308.183647" />
    <tag k="local_y" v="6.904893" />
    <tag k="ele" v="0" />
  </node>
  <node id="20631" lat="42.99267128504" lon="-78.79627232750">
    <tag k="local_x" v="-308.076752" />
    <tag k="local_y" v="5.919837" />
    <tag k="ele" v="0" />
  </node>
  <node id="20632" lat="42.99266251864" lon="-78.79627008911">
    <tag k="local_x" v="-307.894254" />
    <tag k="local_y" v="4.945946" />
    <tag k="ele" v="0" />
  </node>
  <node id="20633" lat="42.99265388900" lon="-78.79626702655">
    <tag k="local_x" v="-307.644542" />
    <tag k="local_y" v="3.987247" />
    <tag k="ele" v="0" />
  </node>
  <node id="20634" lat="42.99264546173" lon="-78.79626304946">
    <tag k="local_x" v="-307.320250" />
    <tag k="local_y" v="3.051025" />
    <tag k="ele" v="0" />
  </node>
  <node id="20635" lat="42.99263732349" lon="-78.79625808383">
    <tag k="local_x" v="-306.915341" />
    <tag k="local_y" v="2.146908" />
    <tag k="ele" v="0" />
  </node>
  <node id="20636" lat="42.99262955436" lon="-78.79625212660">
    <tag k="local_x" v="-306.429563" />
    <tag k="local_y" v="1.283793" />
    <tag k="ele" v="0" />
  </node>
  <node id="20637" lat="42.99262228504" lon="-78.79624509821">
    <tag k="local_x" v="-305.856429" />
    <tag k="local_y" v="0.476200" />
    <tag k="ele" v="0" />
  </node>
  <node id="20638" lat="42.99261569561" lon="-78.79623692348">
    <tag k="local_x" v="-305.189806" />
    <tag k="local_y" v="-0.255867" />
    <tag k="ele" v="0" />
  </node>
  <node id="20639" lat="42.99261002975" lon="-78.79622755754">
    <tag k="local_x" v="-304.426035" />
    <tag k="local_y" v="-0.885335" />
    <tag k="ele" v="0" />
  </node>
  <node id="20640" lat="42.99260559795" lon="-78.79621703684">
    <tag k="local_x" v="-303.568085" />
    <tag k="local_y" v="-1.377713" />
    <tag k="ele" v="0" />
  </node>
  <node id="20641" lat="42.99260274554" lon="-78.79620555179">
    <tag k="local_x" v="-302.631485" />
    <tag k="local_y" v="-1.694637" />
    <tag k="ele" v="0" />
  </node>
  <node id="20642" lat="42.99266852568" lon="-78.79637105726">
    <tag k="local_x" v="-316.128243" />
    <tag k="local_y" v="5.613659" />
    <tag k="ele" v="0" />
  </node>
  <node id="20643" lat="42.99265989478" lon="-78.79636978313">
    <tag k="local_x" v="-316.024382" />
    <tag k="local_y" v="4.654825" />
    <tag k="ele" v="0" />
  </node>
  <node id="20644" lat="42.99265134383" lon="-78.79636774482">
    <tag k="local_x" v="-315.858200" />
    <tag k="local_y" v="3.704870" />
    <tag k="ele" v="0" />
  </node>
  <node id="20645" lat="42.99264291023" lon="-78.79636494611">
    <tag k="local_x" v="-315.630006" />
    <tag k="local_y" v="2.767949" />
    <tag k="ele" v="0" />
  </node>
  <node id="20646" lat="42.99263463131" lon="-78.79636139526">
    <tag k="local_x" v="-315.340474" />
    <tag k="local_y" v="1.848209" />
    <tag k="ele" v="0" />
  </node>
  <node id="20647" lat="42.99262654409" lon="-78.79635710452">
    <tag k="local_x" v="-314.990602" />
    <tag k="local_y" v="0.949763" />
    <tag k="ele" v="0" />
  </node>
  <node id="20648" lat="42.99261868519" lon="-78.79635208957">
    <tag k="local_x" v="-314.581670" />
    <tag k="local_y" v="0.076678" />
    <tag k="ele" v="0" />
  </node>
  <node id="20649" lat="42.99261109081" lon="-78.79634636916">
    <tag k="local_x" v="-314.115205" />
    <tag k="local_y" v="-0.767022" />
    <tag k="ele" v="0" />
  </node>
  <node id="20650" lat="42.99260379681" lon="-78.79633996477">
    <tag k="local_x" v="-313.592959" />
    <tag k="local_y" v="-1.577355" />
    <tag k="ele" v="0" />
  </node>
  <node id="20651" lat="42.99259683880" lon="-78.79633290047">
    <tag k="local_x" v="-313.016896" />
    <tag k="local_y" v="-2.350365" />
    <tag k="ele" v="0" />
  </node>
  <node id="20652" lat="42.99259025225" lon="-78.79632520292">
    <tag k="local_x" v="-312.389187" />
    <tag k="local_y" v="-3.082111" />
    <tag k="ele" v="0" />
  </node>
  <node id="20653" lat="42.99258407254" lon="-78.79631690147">
    <tag k="local_x" v="-311.712230" />
    <tag k="local_y" v="-3.768662" />
    <tag k="ele" v="0" />
  </node>
  <node id="20654" lat="42.99257833500" lon="-78.79630802852">
    <tag k="local_x" v="-310.988663" />
    <tag k="local_y" v="-4.406093" />
    <tag k="ele" v="0" />
  </node>
  <node id="20655" lat="42.99257311824" lon="-78.79629857782">
    <tag k="local_x" v="-310.217977" />
    <tag k="local_y" v="-4.985671" />
    <tag k="ele" v="0" />
  </node>
  <node id="20656" lat="42.99256842716" lon="-78.79628863084">
    <tag k="local_x" v="-309.406816" />
    <tag k="local_y" v="-5.506852" />
    <tag k="ele" v="0" />
  </node>
  <node id="20657" lat="42.99256428804" lon="-78.79627824090">
    <tag k="local_x" v="-308.559529" />
    <tag k="local_y" v="-5.966716" />
    <tag k="ele" v="0" />
  </node>
  <node id="20658" lat="42.99256073220" lon="-78.79626745862">
    <tag k="local_x" v="-307.680243" />
    <tag k="local_y" v="-6.361783" />
    <tag k="ele" v="0" />
  </node>
  <node id="20659" lat="42.99255778813" lon="-78.79625633973">
    <tag k="local_x" v="-306.773503" />
    <tag k="local_y" v="-6.688887" />
    <tag k="ele" v="0" />
  </node>
  <node id="20660" lat="42.99255548039" lon="-78.79624494497">
    <tag k="local_x" v="-305.844263" />
    <tag k="local_y" v="-6.945302" />
    <tag k="ele" v="0" />
  </node>
  <node id="20661" lat="42.99255382839" lon="-78.79623333967">
    <tag k="local_x" v="-304.897849" />
    <tag k="local_y" v="-7.128869" />
    <tag k="ele" v="0" />
  </node>
  <node id="20662" lat="42.99255284519" lon="-78.79622159272">
    <tag k="local_x" v="-303.939881" />
    <tag k="local_y" v="-7.238138" />
    <tag k="ele" v="0" />
  </node>
  <node id="20663" lat="42.99260537114" lon="-78.79532232736">
    <tag k="local_x" v="-230.603862" />
    <tag k="local_y" v="-1.405755" />
    <tag k="ele" v="0" />
  </node>
  <node id="20664" lat="42.99260532070" lon="-78.79533442697">
    <tag k="local_x" v="-231.590594" />
    <tag k="local_y" v="-1.411325" />
    <tag k="ele" v="0" />
  </node>
  <node id="20665" lat="42.99260527025" lon="-78.79534652658">
    <tag k="local_x" v="-232.577327" />
    <tag k="local_y" v="-1.416896" />
    <tag k="ele" v="0" />
  </node>
  <node id="20666" lat="42.99260521981" lon="-78.79535862620">
    <tag k="local_x" v="-233.564059" />
    <tag k="local_y" v="-1.422466" />
    <tag k="ele" v="0" />
  </node>
  <node id="20667" lat="42.99260516936" lon="-78.79537072581">
    <tag k="local_x" v="-234.550792" />
    <tag k="local_y" v="-1.428037" />
    <tag k="ele" v="0" />
  </node>
  <node id="20668" lat="42.99260511891" lon="-78.79538282542">
    <tag k="local_x" v="-235.537524" />
    <tag k="local_y" v="-1.433607" />
    <tag k="ele" v="0" />
  </node>
  <node id="20669" lat="42.99260506847" lon="-78.79539492503">
    <tag k="local_x" v="-236.524257" />
    <tag k="local_y" v="-1.439178" />
    <tag k="ele" v="0" />
  </node>
  <node id="20670" lat="42.99260501802" lon="-78.79540702464">
    <tag k="local_x" v="-237.510989" />
    <tag k="local_y" v="-1.444748" />
    <tag k="ele" v="0" />
  </node>
  <node id="20671" lat="42.99260496756" lon="-78.79541912425">
    <tag k="local_x" v="-238.497722" />
    <tag k="local_y" v="-1.450319" />
    <tag k="ele" v="0" />
  </node>
  <node id="20672" lat="42.99260491711" lon="-78.79543122386">
    <tag k="local_x" v="-239.484454" />
    <tag k="local_y" v="-1.455889" />
    <tag k="ele" v="0" />
  </node>
  <node id="20673" lat="42.99260486666" lon="-78.79544332347">
    <tag k="local_x" v="-240.471187" />
    <tag k="local_y" v="-1.461460" />
    <tag k="ele" v="0" />
  </node>
  <node id="20674" lat="42.99260481620" lon="-78.79545542308">
    <tag k="local_x" v="-241.457919" />
    <tag k="local_y" v="-1.467030" />
    <tag k="ele" v="0" />
  </node>
  <node id="20675" lat="42.99260476575" lon="-78.79546752270">
    <tag k="local_x" v="-242.444652" />
    <tag k="local_y" v="-1.472601" />
    <tag k="ele" v="0" />
  </node>
  <node id="20676" lat="42.99260471529" lon="-78.79547962231">
    <tag k="local_x" v="-243.431384" />
    <tag k="local_y" v="-1.478171" />
    <tag k="ele" v="0" />
  </node>
  <node id="20677" lat="42.99260466483" lon="-78.79549172192">
    <tag k="local_x" v="-244.418117" />
    <tag k="local_y" v="-1.483742" />
    <tag k="ele" v="0" />
  </node>
  <node id="20678" lat="42.99260461437" lon="-78.79550382153">
    <tag k="local_x" v="-245.404850" />
    <tag k="local_y" v="-1.489312" />
    <tag k="ele" v="0" />
  </node>
  <node id="20679" lat="42.99260456391" lon="-78.79551592114">
    <tag k="local_x" v="-246.391582" />
    <tag k="local_y" v="-1.494883" />
    <tag k="ele" v="0" />
  </node>
  <node id="20680" lat="42.99260451345" lon="-78.79552802075">
    <tag k="local_x" v="-247.378315" />
    <tag k="local_y" v="-1.500453" />
    <tag k="ele" v="0" />
  </node>
  <node id="20681" lat="42.99260446781" lon="-78.79554012040">
    <tag k="local_x" v="-248.365050" />
    <tag k="local_y" v="-1.505487" />
    <tag k="ele" v="0" />
  </node>
  <node id="20682" lat="42.99260441899" lon="-78.79555222002">
    <tag k="local_x" v="-249.351783" />
    <tag k="local_y" v="-1.510875" />
    <tag k="ele" v="0" />
  </node>
  <node id="20683" lat="42.99260436889" lon="-78.79556431963">
    <tag k="local_x" v="-250.338516" />
    <tag k="local_y" v="-1.516405" />
    <tag k="ele" v="0" />
  </node>
  <node id="20684" lat="42.99260431878" lon="-78.79557641925">
    <tag k="local_x" v="-251.325249" />
    <tag k="local_y" v="-1.521935" />
    <tag k="ele" v="0" />
  </node>
  <node id="20685" lat="42.99260426868" lon="-78.79558851886">
    <tag k="local_x" v="-252.311982" />
    <tag k="local_y" v="-1.527465" />
    <tag k="ele" v="0" />
  </node>
  <node id="20686" lat="42.99260421858" lon="-78.79560061847">
    <tag k="local_x" v="-253.298714" />
    <tag k="local_y" v="-1.532995" />
    <tag k="ele" v="0" />
  </node>
  <node id="20687" lat="42.99260416847" lon="-78.79561271809">
    <tag k="local_x" v="-254.285447" />
    <tag k="local_y" v="-1.538524" />
    <tag k="ele" v="0" />
  </node>
  <node id="20688" lat="42.99260411836" lon="-78.79562481770">
    <tag k="local_x" v="-255.272180" />
    <tag k="local_y" v="-1.544054" />
    <tag k="ele" v="0" />
  </node>
  <node id="20689" lat="42.99260406825" lon="-78.79563691731">
    <tag k="local_x" v="-256.258912" />
    <tag k="local_y" v="-1.549584" />
    <tag k="ele" v="0" />
  </node>
  <node id="20690" lat="42.99260401814" lon="-78.79564901693">
    <tag k="local_x" v="-257.245645" />
    <tag k="local_y" v="-1.555114" />
    <tag k="ele" v="0" />
  </node>
  <node id="20691" lat="42.99260396803" lon="-78.79566111654">
    <tag k="local_x" v="-258.232378" />
    <tag k="local_y" v="-1.560644" />
    <tag k="ele" v="0" />
  </node>
  <node id="20692" lat="42.99260391792" lon="-78.79567321615">
    <tag k="local_x" v="-259.219111" />
    <tag k="local_y" v="-1.566174" />
    <tag k="ele" v="0" />
  </node>
  <node id="20693" lat="42.99260386781" lon="-78.79568531577">
    <tag k="local_x" v="-260.205843" />
    <tag k="local_y" v="-1.571704" />
    <tag k="ele" v="0" />
  </node>
  <node id="20694" lat="42.99260381769" lon="-78.79569741538">
    <tag k="local_x" v="-261.192576" />
    <tag k="local_y" v="-1.577233" />
    <tag k="ele" v="0" />
  </node>
  <node id="20695" lat="42.99260376758" lon="-78.79570951499">
    <tag k="local_x" v="-262.179309" />
    <tag k="local_y" v="-1.582763" />
    <tag k="ele" v="0" />
  </node>
  <node id="20696" lat="42.99260371746" lon="-78.79572161461">
    <tag k="local_x" v="-263.166042" />
    <tag k="local_y" v="-1.588293" />
    <tag k="ele" v="0" />
  </node>
  <node id="20697" lat="42.99260366734" lon="-78.79573371422">
    <tag k="local_x" v="-264.152774" />
    <tag k="local_y" v="-1.593823" />
    <tag k="ele" v="0" />
  </node>
  <node id="20698" lat="42.99260361722" lon="-78.79574581384">
    <tag k="local_x" v="-265.139507" />
    <tag k="local_y" v="-1.599353" />
    <tag k="ele" v="0" />
  </node>
  <node id="20699" lat="42.99260356710" lon="-78.79575791345">
    <tag k="local_x" v="-266.126240" />
    <tag k="local_y" v="-1.604883" />
    <tag k="ele" v="0" />
  </node>
  <node id="20700" lat="42.99260351697" lon="-78.79577001306">
    <tag k="local_x" v="-267.112972" />
    <tag k="local_y" v="-1.610413" />
    <tag k="ele" v="0" />
  </node>
  <node id="20701" lat="42.99260346685" lon="-78.79578211268">
    <tag k="local_x" v="-268.099705" />
    <tag k="local_y" v="-1.615943" />
    <tag k="ele" v="0" />
  </node>
  <node id="20702" lat="42.99260341672" lon="-78.79579421229">
    <tag k="local_x" v="-269.086438" />
    <tag k="local_y" v="-1.621473" />
    <tag k="ele" v="0" />
  </node>
  <node id="20703" lat="42.99260336660" lon="-78.79580631190">
    <tag k="local_x" v="-270.073171" />
    <tag k="local_y" v="-1.627002" />
    <tag k="ele" v="0" />
  </node>
  <node id="20704" lat="42.99260331647" lon="-78.79581841151">
    <tag k="local_x" v="-271.059903" />
    <tag k="local_y" v="-1.632532" />
    <tag k="ele" v="0" />
  </node>
  <node id="20705" lat="42.99260326634" lon="-78.79583051113">
    <tag k="local_x" v="-272.046636" />
    <tag k="local_y" v="-1.638062" />
    <tag k="ele" v="0" />
  </node>
  <node id="20706" lat="42.99260321621" lon="-78.79584261074">
    <tag k="local_x" v="-273.033369" />
    <tag k="local_y" v="-1.643592" />
    <tag k="ele" v="0" />
  </node>
  <node id="20707" lat="42.99260316608" lon="-78.79585471035">
    <tag k="local_x" v="-274.020102" />
    <tag k="local_y" v="-1.649122" />
    <tag k="ele" v="0" />
  </node>
  <node id="20708" lat="42.99260311595" lon="-78.79586680997">
    <tag k="local_x" v="-275.006834" />
    <tag k="local_y" v="-1.654652" />
    <tag k="ele" v="0" />
  </node>
  <node id="20709" lat="42.99260306581" lon="-78.79587890958">
    <tag k="local_x" v="-275.993567" />
    <tag k="local_y" v="-1.660182" />
    <tag k="ele" v="0" />
  </node>
  <node id="20710" lat="42.99260301568" lon="-78.79589100919">
    <tag k="local_x" v="-276.980300" />
    <tag k="local_y" v="-1.665711" />
    <tag k="ele" v="0" />
  </node>
  <node id="20711" lat="42.99260296554" lon="-78.79590310881">
    <tag k="local_x" v="-277.967033" />
    <tag k="local_y" v="-1.671241" />
    <tag k="ele" v="0" />
  </node>
  <node id="20712" lat="42.99260291540" lon="-78.79591520842">
    <tag k="local_x" v="-278.953765" />
    <tag k="local_y" v="-1.676771" />
    <tag k="ele" v="0" />
  </node>
  <node id="20713" lat="42.99260286526" lon="-78.79592730803">
    <tag k="local_x" v="-279.940498" />
    <tag k="local_y" v="-1.682301" />
    <tag k="ele" v="0" />
  </node>
  <node id="20714" lat="42.99260281512" lon="-78.79593940765">
    <tag k="local_x" v="-280.927231" />
    <tag k="local_y" v="-1.687831" />
    <tag k="ele" v="0" />
  </node>
  <node id="20715" lat="42.99260276498" lon="-78.79595150726">
    <tag k="local_x" v="-281.913963" />
    <tag k="local_y" v="-1.693361" />
    <tag k="ele" v="0" />
  </node>
  <node id="20716" lat="42.99260271484" lon="-78.79596360687">
    <tag k="local_x" v="-282.900696" />
    <tag k="local_y" v="-1.698891" />
    <tag k="ele" v="0" />
  </node>
  <node id="20717" lat="42.99260266469" lon="-78.79597570649">
    <tag k="local_x" v="-283.887429" />
    <tag k="local_y" v="-1.704420" />
    <tag k="ele" v="0" />
  </node>
  <node id="20718" lat="42.99260261455" lon="-78.79598780610">
    <tag k="local_x" v="-284.874162" />
    <tag k="local_y" v="-1.709950" />
    <tag k="ele" v="0" />
  </node>
  <node id="20719" lat="42.99260256440" lon="-78.79599990571">
    <tag k="local_x" v="-285.860894" />
    <tag k="local_y" v="-1.715480" />
    <tag k="ele" v="0" />
  </node>
  <node id="20720" lat="42.99260251425" lon="-78.79601200532">
    <tag k="local_x" v="-286.847627" />
    <tag k="local_y" v="-1.721010" />
    <tag k="ele" v="0" />
  </node>
  <node id="20721" lat="42.99260246410" lon="-78.79602410494">
    <tag k="local_x" v="-287.834360" />
    <tag k="local_y" v="-1.726540" />
    <tag k="ele" v="0" />
  </node>
  <node id="20722" lat="42.99260241395" lon="-78.79603620455">
    <tag k="local_x" v="-288.821093" />
    <tag k="local_y" v="-1.732070" />
    <tag k="ele" v="0" />
  </node>
  <node id="20723" lat="42.99260236380" lon="-78.79604830416">
    <tag k="local_x" v="-289.807825" />
    <tag k="local_y" v="-1.737600" />
    <tag k="ele" v="0" />
  </node>
  <node id="20724" lat="42.99260231364" lon="-78.79606040378">
    <tag k="local_x" v="-290.794558" />
    <tag k="local_y" v="-1.743130" />
    <tag k="ele" v="0" />
  </node>
  <node id="20725" lat="42.99260226349" lon="-78.79607250339">
    <tag k="local_x" v="-291.781291" />
    <tag k="local_y" v="-1.748659" />
    <tag k="ele" v="0" />
  </node>
  <node id="20726" lat="42.99260221333" lon="-78.79608460300">
    <tag k="local_x" v="-292.768024" />
    <tag k="local_y" v="-1.754189" />
    <tag k="ele" v="0" />
  </node>
  <node id="20727" lat="42.99260216318" lon="-78.79609670261">
    <tag k="local_x" v="-293.754756" />
    <tag k="local_y" v="-1.759719" />
    <tag k="ele" v="0" />
  </node>
  <node id="20728" lat="42.99260211302" lon="-78.79610880223">
    <tag k="local_x" v="-294.741489" />
    <tag k="local_y" v="-1.765249" />
    <tag k="ele" v="0" />
  </node>
  <node id="20729" lat="42.99260206286" lon="-78.79612090184">
    <tag k="local_x" v="-295.728222" />
    <tag k="local_y" v="-1.770779" />
    <tag k="ele" v="0" />
  </node>
  <node id="20730" lat="42.99260201270" lon="-78.79613300145">
    <tag k="local_x" v="-296.714954" />
    <tag k="local_y" v="-1.776309" />
    <tag k="ele" v="0" />
  </node>
  <node id="20731" lat="42.99260196253" lon="-78.79614510107">
    <tag k="local_x" v="-297.701687" />
    <tag k="local_y" v="-1.781839" />
    <tag k="ele" v="0" />
  </node>
  <node id="20732" lat="42.99260191237" lon="-78.79615720068">
    <tag k="local_x" v="-298.688420" />
    <tag k="local_y" v="-1.787369" />
    <tag k="ele" v="0" />
  </node>
  <node id="20733" lat="42.99260186221" lon="-78.79616930029">
    <tag k="local_x" v="-299.675153" />
    <tag k="local_y" v="-1.792898" />
    <tag k="ele" v="0" />
  </node>
  <node id="20734" lat="42.99260181204" lon="-78.79618139990">
    <tag k="local_x" v="-300.661885" />
    <tag k="local_y" v="-1.798428" />
    <tag k="ele" v="0" />
  </node>
  <node id="20735" lat="42.99265452753" lon="-78.79532270902">
    <tag k="local_x" v="-230.634803" />
    <tag k="local_y" v="4.055158" />
    <tag k="ele" v="0" />
  </node>
  <node id="20736" lat="42.99265447709" lon="-78.79533481007">
    <tag k="local_x" v="-231.621652" />
    <tag k="local_y" v="4.049587" />
    <tag k="ele" v="0" />
  </node>
  <node id="20737" lat="42.99265442664" lon="-78.79534691112">
    <tag k="local_x" v="-232.608501" />
    <tag k="local_y" v="4.044016" />
    <tag k="ele" v="0" />
  </node>
  <node id="20738" lat="42.99265437619" lon="-78.79535901216">
    <tag k="local_x" v="-233.595349" />
    <tag k="local_y" v="4.038444" />
    <tag k="ele" v="0" />
  </node>
  <node id="20739" lat="42.99265432573" lon="-78.79537111321">
    <tag k="local_x" v="-234.582198" />
    <tag k="local_y" v="4.032873" />
    <tag k="ele" v="0" />
  </node>
  <node id="20740" lat="42.99265427528" lon="-78.79538321426">
    <tag k="local_x" v="-235.569047" />
    <tag k="local_y" v="4.027302" />
    <tag k="ele" v="0" />
  </node>
  <node id="20741" lat="42.99265422482" lon="-78.79539531530">
    <tag k="local_x" v="-236.555896" />
    <tag k="local_y" v="4.021731" />
    <tag k="ele" v="0" />
  </node>
  <node id="20742" lat="42.99265417437" lon="-78.79540741635">
    <tag k="local_x" v="-237.542744" />
    <tag k="local_y" v="4.016160" />
    <tag k="ele" v="0" />
  </node>
  <node id="20743" lat="42.99265412391" lon="-78.79541951740">
    <tag k="local_x" v="-238.529593" />
    <tag k="local_y" v="4.010589" />
    <tag k="ele" v="0" />
  </node>
  <node id="20744" lat="42.99265407345" lon="-78.79543161844">
    <tag k="local_x" v="-239.516442" />
    <tag k="local_y" v="4.005017" />
    <tag k="ele" v="0" />
  </node>
  <node id="20745" lat="42.99265402299" lon="-78.79544371949">
    <tag k="local_x" v="-240.503291" />
    <tag k="local_y" v="3.999446" />
    <tag k="ele" v="0" />
  </node>
  <node id="20746" lat="42.99265397253" lon="-78.79545582054">
    <tag k="local_x" v="-241.490139" />
    <tag k="local_y" v="3.993875" />
    <tag k="ele" v="0" />
  </node>
  <node id="20747" lat="42.99265392207" lon="-78.79546792158">
    <tag k="local_x" v="-242.476988" />
    <tag k="local_y" v="3.988304" />
    <tag k="ele" v="0" />
  </node>
  <node id="20748" lat="42.99265387161" lon="-78.79548002263">
    <tag k="local_x" v="-243.463837" />
    <tag k="local_y" v="3.982733" />
    <tag k="ele" v="0" />
  </node>
  <node id="20749" lat="42.99265382114" lon="-78.79549212367">
    <tag k="local_x" v="-244.450686" />
    <tag k="local_y" v="3.977162" />
    <tag k="ele" v="0" />
  </node>
  <node id="20750" lat="42.99265377067" lon="-78.79550422472">
    <tag k="local_x" v="-245.437535" />
    <tag k="local_y" v="3.971590" />
    <tag k="ele" v="0" />
  </node>
  <node id="20751" lat="42.99265372021" lon="-78.79551632577">
    <tag k="local_x" v="-246.424383" />
    <tag k="local_y" v="3.966019" />
    <tag k="ele" v="0" />
  </node>
  <node id="20752" lat="42.99265366974" lon="-78.79552842681">
    <tag k="local_x" v="-247.411232" />
    <tag k="local_y" v="3.960448" />
    <tag k="ele" v="0" />
  </node>
  <node id="20753" lat="42.99265362410" lon="-78.79554052789">
    <tag k="local_x" v="-248.398084" />
    <tag k="local_y" v="3.955413" />
    <tag k="ele" v="0" />
  </node>
  <node id="20754" lat="42.99265357527" lon="-78.79555262895">
    <tag k="local_x" v="-249.384933" />
    <tag k="local_y" v="3.950025" />
    <tag k="ele" v="0" />
  </node>
  <node id="20755" lat="42.99265352516" lon="-78.79556473000">
    <tag k="local_x" v="-250.371782" />
    <tag k="local_y" v="3.944494" />
    <tag k="ele" v="0" />
  </node>
  <node id="20756" lat="42.99265347505" lon="-78.79557683105">
    <tag k="local_x" v="-251.358631" />
    <tag k="local_y" v="3.938964" />
    <tag k="ele" v="0" />
  </node>
  <node id="20757" lat="42.99265342494" lon="-78.79558893210">
    <tag k="local_x" v="-252.345480" />
    <tag k="local_y" v="3.933433" />
    <tag k="ele" v="0" />
  </node>
  <node id="20758" lat="42.99265337483" lon="-78.79560103315">
    <tag k="local_x" v="-253.332329" />
    <tag k="local_y" v="3.927903" />
    <tag k="ele" v="0" />
  </node>
  <node id="20759" lat="42.99265332472" lon="-78.79561313420">
    <tag k="local_x" v="-254.319178" />
    <tag k="local_y" v="3.922372" />
    <tag k="ele" v="0" />
  </node>
  <node id="20760" lat="42.99265327461" lon="-78.79562523525">
    <tag k="local_x" v="-255.306027" />
    <tag k="local_y" v="3.916842" />
    <tag k="ele" v="0" />
  </node>
  <node id="20761" lat="42.99265322449" lon="-78.79563733629">
    <tag k="local_x" v="-256.292876" />
    <tag k="local_y" v="3.911311" />
    <tag k="ele" v="0" />
  </node>
  <node id="20762" lat="42.99265317438" lon="-78.79564943734">
    <tag k="local_x" v="-257.279725" />
    <tag k="local_y" v="3.905781" />
    <tag k="ele" v="0" />
  </node>
  <node id="20763" lat="42.99265312426" lon="-78.79566153839">
    <tag k="local_x" v="-258.266574" />
    <tag k="local_y" v="3.900250" />
    <tag k="ele" v="0" />
  </node>
  <node id="20764" lat="42.99265307414" lon="-78.79567363944">
    <tag k="local_x" v="-259.253423" />
    <tag k="local_y" v="3.894720" />
    <tag k="ele" v="0" />
  </node>
  <node id="20765" lat="42.99265302402" lon="-78.79568574049">
    <tag k="local_x" v="-260.240272" />
    <tag k="local_y" v="3.889189" />
    <tag k="ele" v="0" />
  </node>
  <node id="20766" lat="42.99265297390" lon="-78.79569784154">
    <tag k="local_x" v="-261.227121" />
    <tag k="local_y" v="3.883659" />
    <tag k="ele" v="0" />
  </node>
  <node id="20767" lat="42.99265292378" lon="-78.79570994259">
    <tag k="local_x" v="-262.213970" />
    <tag k="local_y" v="3.878128" />
    <tag k="ele" v="0" />
  </node>
  <node id="20768" lat="42.99265287366" lon="-78.79572204364">
    <tag k="local_x" v="-263.200819" />
    <tag k="local_y" v="3.872598" />
    <tag k="ele" v="0" />
  </node>
  <node id="20769" lat="42.99265282353" lon="-78.79573414468">
    <tag k="local_x" v="-264.187668" />
    <tag k="local_y" v="3.867067" />
    <tag k="ele" v="0" />
  </node>
  <node id="20770" lat="42.99265277340" lon="-78.79574624573">
    <tag k="local_x" v="-265.174517" />
    <tag k="local_y" v="3.861537" />
    <tag k="ele" v="0" />
  </node>
  <node id="20771" lat="42.99265272328" lon="-78.79575834678">
    <tag k="local_x" v="-266.161366" />
    <tag k="local_y" v="3.856006" />
    <tag k="ele" v="0" />
  </node>
  <node id="20772" lat="42.99265267315" lon="-78.79577044783">
    <tag k="local_x" v="-267.148215" />
    <tag k="local_y" v="3.850476" />
    <tag k="ele" v="0" />
  </node>
  <node id="20773" lat="42.99265262302" lon="-78.79578254888">
    <tag k="local_x" v="-268.135064" />
    <tag k="local_y" v="3.844945" />
    <tag k="ele" v="0" />
  </node>
  <node id="20774" lat="42.99265257289" lon="-78.79579464993">
    <tag k="local_x" v="-269.121913" />
    <tag k="local_y" v="3.839414" />
    <tag k="ele" v="0" />
  </node>
  <node id="20775" lat="42.99265252275" lon="-78.79580675098">
    <tag k="local_x" v="-270.108762" />
    <tag k="local_y" v="3.833884" />
    <tag k="ele" v="0" />
  </node>
  <node id="20776" lat="42.99265247262" lon="-78.79581885202">
    <tag k="local_x" v="-271.095611" />
    <tag k="local_y" v="3.828353" />
    <tag k="ele" v="0" />
  </node>
  <node id="20777" lat="42.99265242249" lon="-78.79583095307">
    <tag k="local_x" v="-272.082460" />
    <tag k="local_y" v="3.822823" />
    <tag k="ele" v="0" />
  </node>
  <node id="20778" lat="42.99265237235" lon="-78.79584305412">
    <tag k="local_x" v="-273.069309" />
    <tag k="local_y" v="3.817292" />
    <tag k="ele" v="0" />
  </node>
  <node id="20779" lat="42.99265232221" lon="-78.79585515517">
    <tag k="local_x" v="-274.056158" />
    <tag k="local_y" v="3.811762" />
    <tag k="ele" v="0" />
  </node>
  <node id="20780" lat="42.99265227207" lon="-78.79586725622">
    <tag k="local_x" v="-275.043007" />
    <tag k="local_y" v="3.806231" />
    <tag k="ele" v="0" />
  </node>
  <node id="20781" lat="42.99265222193" lon="-78.79587935727">
    <tag k="local_x" v="-276.029856" />
    <tag k="local_y" v="3.800701" />
    <tag k="ele" v="0" />
  </node>
  <node id="20782" lat="42.99265217179" lon="-78.79589145831">
    <tag k="local_x" v="-277.016705" />
    <tag k="local_y" v="3.795170" />
    <tag k="ele" v="0" />
  </node>
  <node id="20783" lat="42.99265212165" lon="-78.79590355936">
    <tag k="local_x" v="-278.003554" />
    <tag k="local_y" v="3.789640" />
    <tag k="ele" v="0" />
  </node>
  <node id="20784" lat="42.99265207150" lon="-78.79591566041">
    <tag k="local_x" v="-278.990403" />
    <tag k="local_y" v="3.784109" />
    <tag k="ele" v="0" />
  </node>
  <node id="20785" lat="42.99265202136" lon="-78.79592776146">
    <tag k="local_x" v="-279.977252" />
    <tag k="local_y" v="3.778579" />
    <tag k="ele" v="0" />
  </node>
  <node id="20786" lat="42.99265197121" lon="-78.79593986251">
    <tag k="local_x" v="-280.964101" />
    <tag k="local_y" v="3.773048" />
    <tag k="ele" v="0" />
  </node>
  <node id="20787" lat="42.99265192106" lon="-78.79595196356">
    <tag k="local_x" v="-281.950950" />
    <tag k="local_y" v="3.767518" />
    <tag k="ele" v="0" />
  </node>
  <node id="20788" lat="42.99265187091" lon="-78.79596406460">
    <tag k="local_x" v="-282.937799" />
    <tag k="local_y" v="3.761987" />
    <tag k="ele" v="0" />
  </node>
  <node id="20789" lat="42.99265182076" lon="-78.79597616565">
    <tag k="local_x" v="-283.924648" />
    <tag k="local_y" v="3.756457" />
    <tag k="ele" v="0" />
  </node>
  <node id="20790" lat="42.99265177061" lon="-78.79598826670">
    <tag k="local_x" v="-284.911497" />
    <tag k="local_y" v="3.750926" />
    <tag k="ele" v="0" />
  </node>
  <node id="20791" lat="42.99265172046" lon="-78.79600036775">
    <tag k="local_x" v="-285.898346" />
    <tag k="local_y" v="3.745396" />
    <tag k="ele" v="0" />
  </node>
  <node id="20792" lat="42.99265167031" lon="-78.79601246880">
    <tag k="local_x" v="-286.885195" />
    <tag k="local_y" v="3.739865" />
    <tag k="ele" v="0" />
  </node>
  <node id="20793" lat="42.99265162015" lon="-78.79602456985">
    <tag k="local_x" v="-287.872044" />
    <tag k="local_y" v="3.734335" />
    <tag k="ele" v="0" />
  </node>
  <node id="20794" lat="42.99265156999" lon="-78.79603667089">
    <tag k="local_x" v="-288.858893" />
    <tag k="local_y" v="3.728804" />
    <tag k="ele" v="0" />
  </node>
  <node id="20795" lat="42.99265151983" lon="-78.79604877194">
    <tag k="local_x" v="-289.845742" />
    <tag k="local_y" v="3.723273" />
    <tag k="ele" v="0" />
  </node>
  <node id="20796" lat="42.99265146968" lon="-78.79606087299">
    <tag k="local_x" v="-290.832591" />
    <tag k="local_y" v="3.717743" />
    <tag k="ele" v="0" />
  </node>
  <node id="20797" lat="42.99265141952" lon="-78.79607297404">
    <tag k="local_x" v="-291.819440" />
    <tag k="local_y" v="3.712212" />
    <tag k="ele" v="0" />
  </node>
  <node id="20798" lat="42.99265136935" lon="-78.79608507509">
    <tag k="local_x" v="-292.806289" />
    <tag k="local_y" v="3.706682" />
    <tag k="ele" v="0" />
  </node>
  <node id="20799" lat="42.99265131919" lon="-78.79609717613">
    <tag k="local_x" v="-293.793138" />
    <tag k="local_y" v="3.701151" />
    <tag k="ele" v="0" />
  </node>
  <node id="20800" lat="42.99265126903" lon="-78.79610927718">
    <tag k="local_x" v="-294.779987" />
    <tag k="local_y" v="3.695621" />
    <tag k="ele" v="0" />
  </node>
  <node id="20801" lat="42.99265121886" lon="-78.79612137823">
    <tag k="local_x" v="-295.766836" />
    <tag k="local_y" v="3.690090" />
    <tag k="ele" v="0" />
  </node>
  <node id="20802" lat="42.99265116869" lon="-78.79613347928">
    <tag k="local_x" v="-296.753685" />
    <tag k="local_y" v="3.684560" />
    <tag k="ele" v="0" />
  </node>
  <node id="20803" lat="42.99265111852" lon="-78.79614558033">
    <tag k="local_x" v="-297.740534" />
    <tag k="local_y" v="3.679029" />
    <tag k="ele" v="0" />
  </node>
  <node id="20804" lat="42.99265106835" lon="-78.79615768137">
    <tag k="local_x" v="-298.727383" />
    <tag k="local_y" v="3.673499" />
    <tag k="ele" v="0" />
  </node>
  <node id="20805" lat="42.99265101818" lon="-78.79616978242">
    <tag k="local_x" v="-299.714232" />
    <tag k="local_y" v="3.667968" />
    <tag k="ele" v="0" />
  </node>
  <node id="20806" lat="42.99265096801" lon="-78.79618188347">
    <tag k="local_x" v="-300.701081" />
    <tag k="local_y" v="3.662438" />
    <tag k="ele" v="0" />
  </node>
  <node id="20807" lat="42.99267422071" lon="-78.79517765187">
    <tag k="local_x" v="-218.805224" />
    <tag k="local_y" v="6.242535" />
    <tag k="ele" v="0" />
  </node>
  <node id="20808" lat="42.99266577160" lon="-78.79518003756">
    <tag k="local_x" v="-218.999808" />
    <tag k="local_y" v="5.303908" />
    <tag k="ele" v="0" />
  </node>
  <node id="20809" lat="42.99265764913" lon="-78.79518397984">
    <tag k="local_x" v="-219.321332" />
    <tag k="local_y" v="4.401572" />
    <tag k="ele" v="0" />
  </node>
  <node id="20810" lat="42.99264997837" lon="-78.79518933727">
    <tag k="local_x" v="-219.758262" />
    <tag k="local_y" v="3.549422" />
    <tag k="ele" v="0" />
  </node>
  <node id="20811" lat="42.99264284549" lon="-78.79519593179">
    <tag k="local_x" v="-220.296075" />
    <tag k="local_y" v="2.757029" />
    <tag k="ele" v="0" />
  </node>
  <node id="20812" lat="42.99263629952" lon="-78.79520357881">
    <tag k="local_x" v="-220.919719" />
    <tag k="local_y" v="2.029840" />
    <tag k="ele" v="0" />
  </node>
  <node id="20813" lat="42.99263036055" lon="-78.79521210651">
    <tag k="local_x" v="-221.615180" />
    <tag k="local_y" v="1.370088" />
    <tag k="ele" v="0" />
  </node>
  <node id="20814" lat="42.99262502869" lon="-78.79522136479">
    <tag k="local_x" v="-222.370218" />
    <tag k="local_y" v="0.777781" />
    <tag k="ele" v="0" />
  </node>
  <node id="20815" lat="42.99262045730" lon="-78.79523135235">
    <tag k="local_x" v="-223.184727" />
    <tag k="local_y" v="0.269961" />
    <tag k="ele" v="0" />
  </node>
  <node id="20816" lat="42.99261652416" lon="-78.79524181980">
    <tag k="local_x" v="-224.038370" />
    <tag k="local_y" v="-0.166954" />
    <tag k="ele" v="0" />
  </node>
  <node id="20817" lat="42.99261317545" lon="-78.79525265303">
    <tag k="local_x" v="-224.921839" />
    <tag k="local_y" v="-0.538942" />
    <tag k="ele" v="0" />
  </node>
  <node id="20818" lat="42.99261038355" lon="-78.79526378185">
    <tag k="local_x" v="-225.829413" />
    <tag k="local_y" v="-0.849072" />
    <tag k="ele" v="0" />
  </node>
  <node id="20819" lat="42.99260825432" lon="-78.79527518879">
    <tag k="local_x" v="-226.759666" />
    <tag k="local_y" v="-1.085583" />
    <tag k="ele" v="0" />
  </node>
  <node id="20820" lat="42.99260681960" lon="-78.79528678751">
    <tag k="local_x" v="-227.705555" />
    <tag k="local_y" v="-1.244938" />
    <tag k="ele" v="0" />
  </node>
  <node id="20821" lat="42.99260588666" lon="-78.79529847488">
    <tag k="local_x" v="-228.658672" />
    <tag k="local_y" v="-1.348549" />
    <tag k="ele" v="0" />
  </node>
  <node id="20822" lat="42.99267340663" lon="-78.79527606608">
    <tag k="local_x" v="-226.830970" />
    <tag k="local_y" v="6.152359" />
    <tag k="ele" v="0" />
  </node>
  <node id="20823" lat="42.99266585337" lon="-78.79528110320">
    <tag k="local_x" v="-227.241778" />
    <tag k="local_y" v="5.313261" />
    <tag k="ele" v="0" />
  </node>
  <node id="20824" lat="42.99265983969" lon="-78.79528912357">
    <tag k="local_x" v="-227.895866" />
    <tag k="local_y" v="4.645207" />
    <tag k="ele" v="0" />
  </node>
  <node id="20825" lat="42.99265598283" lon="-78.79529930398">
    <tag k="local_x" v="-228.726100" />
    <tag k="local_y" v="4.216767" />
    <tag k="ele" v="0" />
  </node>
  <node id="20826" lat="42.99261352741" lon="-78.79342511040">
    <tag k="local_x" v="-75.884395" />
    <tag k="local_y" v="-0.503113" />
    <tag k="ele" v="0" />
  </node>
  <node id="20827" lat="42.99261346772" lon="-78.79343736400">
    <tag k="local_x" v="-76.883685" />
    <tag k="local_y" v="-0.509734" />
    <tag k="ele" v="0" />
  </node>
  <node id="20828" lat="42.99261340802" lon="-78.79344961760">
    <tag k="local_x" v="-77.882975" />
    <tag k="local_y" v="-0.516355" />
    <tag k="ele" v="0" />
  </node>
  <node id="20829" lat="42.99261334832" lon="-78.79346187120">
    <tag k="local_x" v="-78.882265" />
    <tag k="local_y" v="-0.522975" />
    <tag k="ele" v="0" />
  </node>
  <node id="20830" lat="42.99261328862" lon="-78.79347412480">
    <tag k="local_x" v="-79.881555" />
    <tag k="local_y" v="-0.529596" />
    <tag k="ele" v="0" />
  </node>
  <node id="20831" lat="42.99261322892" lon="-78.79348637840">
    <tag k="local_x" v="-80.880845" />
    <tag k="local_y" v="-0.536217" />
    <tag k="ele" v="0" />
  </node>
  <node id="20832" lat="42.99261316921" lon="-78.79349863200">
    <tag k="local_x" v="-81.880135" />
    <tag k="local_y" v="-0.542837" />
    <tag k="ele" v="0" />
  </node>
  <node id="20833" lat="42.99261310950" lon="-78.79351088560">
    <tag k="local_x" v="-82.879425" />
    <tag k="local_y" v="-0.549459" />
    <tag k="ele" v="0" />
  </node>
  <node id="20834" lat="42.99261304970" lon="-78.79352313919">
    <tag k="local_x" v="-83.878715" />
    <tag k="local_y" v="-0.556090" />
    <tag k="ele" v="0" />
  </node>
  <node id="20835" lat="42.99261298979" lon="-78.79353539279">
    <tag k="local_x" v="-84.878005" />
    <tag k="local_y" v="-0.562734" />
    <tag k="ele" v="0" />
  </node>
  <node id="20836" lat="42.99261292987" lon="-78.79354764639">
    <tag k="local_x" v="-85.877295" />
    <tag k="local_y" v="-0.569378" />
    <tag k="ele" v="0" />
  </node>
  <node id="20837" lat="42.99261286995" lon="-78.79355989999">
    <tag k="local_x" v="-86.876585" />
    <tag k="local_y" v="-0.576022" />
    <tag k="ele" v="0" />
  </node>
  <node id="20838" lat="42.99261281003" lon="-78.79357215358">
    <tag k="local_x" v="-87.875875" />
    <tag k="local_y" v="-0.582666" />
    <tag k="ele" v="0" />
  </node>
  <node id="20839" lat="42.99261275011" lon="-78.79358440718">
    <tag k="local_x" v="-88.875165" />
    <tag k="local_y" v="-0.589310" />
    <tag k="ele" v="0" />
  </node>
  <node id="20840" lat="42.99261269019" lon="-78.79359666078">
    <tag k="local_x" v="-89.874455" />
    <tag k="local_y" v="-0.595954" />
    <tag k="ele" v="0" />
  </node>
  <node id="20841" lat="42.99261263026" lon="-78.79360891437">
    <tag k="local_x" v="-90.873745" />
    <tag k="local_y" v="-0.602597" />
    <tag k="ele" v="0" />
  </node>
  <node id="20842" lat="42.99261257034" lon="-78.79362116797">
    <tag k="local_x" v="-91.873035" />
    <tag k="local_y" v="-0.609241" />
    <tag k="ele" v="0" />
  </node>
  <node id="20843" lat="42.99261251041" lon="-78.79363342157">
    <tag k="local_x" v="-92.872325" />
    <tag k="local_y" v="-0.615885" />
    <tag k="ele" v="0" />
  </node>
  <node id="20844" lat="42.99261245049" lon="-78.79364567516">
    <tag k="local_x" v="-93.871615" />
    <tag k="local_y" v="-0.622529" />
    <tag k="ele" v="0" />
  </node>
  <node id="20845" lat="42.99261239056" lon="-78.79365792876">
    <tag k="local_x" v="-94.870905" />
    <tag k="local_y" v="-0.629173" />
    <tag k="ele" v="0" />
  </node>
  <node id="20846" lat="42.99261233063" lon="-78.79367018236">
    <tag k="local_x" v="-95.870195" />
    <tag k="local_y" v="-0.635817" />
    <tag k="ele" v="0" />
  </node>
  <node id="20847" lat="42.99261227070" lon="-78.79368243595">
    <tag k="local_x" v="-96.869485" />
    <tag k="local_y" v="-0.642461" />
    <tag k="ele" v="0" />
  </node>
  <node id="20848" lat="42.99261221076" lon="-78.79369468955">
    <tag k="local_x" v="-97.868774" />
    <tag k="local_y" v="-0.649105" />
    <tag k="ele" v="0" />
  </node>
  <node id="20849" lat="42.99261215083" lon="-78.79370694315">
    <tag k="local_x" v="-98.868064" />
    <tag k="local_y" v="-0.655748" />
    <tag k="ele" v="0" />
  </node>
  <node id="20850" lat="42.99261209090" lon="-78.79371919675">
    <tag k="local_x" v="-99.867354" />
    <tag k="local_y" v="-0.662392" />
    <tag k="ele" v="0" />
  </node>
  <node id="20851" lat="42.99261203096" lon="-78.79373145034">
    <tag k="local_x" v="-100.866644" />
    <tag k="local_y" v="-0.669036" />
    <tag k="ele" v="0" />
  </node>
  <node id="20852" lat="42.99261197160" lon="-78.79374370394">
    <tag k="local_x" v="-101.865935" />
    <tag k="local_y" v="-0.675616" />
    <tag k="ele" v="0" />
  </node>
  <node id="20853" lat="42.99261191613" lon="-78.79375595758">
    <tag k="local_x" v="-102.865228" />
    <tag k="local_y" v="-0.681763" />
    <tag k="ele" v="0" />
  </node>
  <node id="20854" lat="42.99261186446" lon="-78.79376821125">
    <tag k="local_x" v="-103.864523" />
    <tag k="local_y" v="-0.687488" />
    <tag k="ele" v="0" />
  </node>
  <node id="20855" lat="42.99261181278" lon="-78.79378046491">
    <tag k="local_x" v="-104.863819" />
    <tag k="local_y" v="-0.693214" />
    <tag k="ele" v="0" />
  </node>
  <node id="20856" lat="42.99261176111" lon="-78.79379271858">
    <tag k="local_x" v="-105.863115" />
    <tag k="local_y" v="-0.698939" />
    <tag k="ele" v="0" />
  </node>
  <node id="20857" lat="42.99261170943" lon="-78.79380497225">
    <tag k="local_x" v="-106.862410" />
    <tag k="local_y" v="-0.704664" />
    <tag k="ele" v="0" />
  </node>
  <node id="20858" lat="42.99261165776" lon="-78.79381722591">
    <tag k="local_x" v="-107.861706" />
    <tag k="local_y" v="-0.710389" />
    <tag k="ele" v="0" />
  </node>
  <node id="20859" lat="42.99261160608" lon="-78.79382947958">
    <tag k="local_x" v="-108.861001" />
    <tag k="local_y" v="-0.716115" />
    <tag k="ele" v="0" />
  </node>
  <node id="20860" lat="42.99261155440" lon="-78.79384173324">
    <tag k="local_x" v="-109.860297" />
    <tag k="local_y" v="-0.721840" />
    <tag k="ele" v="0" />
  </node>
  <node id="20861" lat="42.99261150272" lon="-78.79385398691">
    <tag k="local_x" v="-110.859593" />
    <tag k="local_y" v="-0.727566" />
    <tag k="ele" v="0" />
  </node>
  <node id="20862" lat="42.99261145103" lon="-78.79386624058">
    <tag k="local_x" v="-111.858888" />
    <tag k="local_y" v="-0.733291" />
    <tag k="ele" v="0" />
  </node>
  <node id="20863" lat="42.99261139935" lon="-78.79387849424">
    <tag k="local_x" v="-112.858184" />
    <tag k="local_y" v="-0.739016" />
    <tag k="ele" v="0" />
  </node>
  <node id="20864" lat="42.99261134766" lon="-78.79389074791">
    <tag k="local_x" v="-113.857480" />
    <tag k="local_y" v="-0.744742" />
    <tag k="ele" v="0" />
  </node>
  <node id="20865" lat="42.99261129598" lon="-78.79390300158">
    <tag k="local_x" v="-114.856775" />
    <tag k="local_y" v="-0.750467" />
    <tag k="ele" v="0" />
  </node>
  <node id="20866" lat="42.99261124429" lon="-78.79391525524">
    <tag k="local_x" v="-115.856071" />
    <tag k="local_y" v="-0.756192" />
    <tag k="ele" v="0" />
  </node>
  <node id="20867" lat="42.99261119260" lon="-78.79392750891">
    <tag k="local_x" v="-116.855366" />
    <tag k="local_y" v="-0.761918" />
    <tag k="ele" v="0" />
  </node>
  <node id="20868" lat="42.99261114091" lon="-78.79393976258">
    <tag k="local_x" v="-117.854662" />
    <tag k="local_y" v="-0.767643" />
    <tag k="ele" v="0" />
  </node>
  <node id="20869" lat="42.99261108922" lon="-78.79395201624">
    <tag k="local_x" v="-118.853958" />
    <tag k="local_y" v="-0.773368" />
    <tag k="ele" v="0" />
  </node>
  <node id="20870" lat="42.99261103752" lon="-78.79396426991">
    <tag k="local_x" v="-119.853253" />
    <tag k="local_y" v="-0.779093" />
    <tag k="ele" v="0" />
  </node>
  <node id="20871" lat="42.99261098583" lon="-78.79397652357">
    <tag k="local_x" v="-120.852549" />
    <tag k="local_y" v="-0.784819" />
    <tag k="ele" v="0" />
  </node>
  <node id="20872" lat="42.99261093413" lon="-78.79398877724">
    <tag k="local_x" v="-121.851845" />
    <tag k="local_y" v="-0.790544" />
    <tag k="ele" v="0" />
  </node>
  <node id="20873" lat="42.99261088244" lon="-78.79400103091">
    <tag k="local_x" v="-122.851140" />
    <tag k="local_y" v="-0.796269" />
    <tag k="ele" v="0" />
  </node>
  <node id="20874" lat="42.99261083074" lon="-78.79401328457">
    <tag k="local_x" v="-123.850436" />
    <tag k="local_y" v="-0.801995" />
    <tag k="ele" v="0" />
  </node>
  <node id="20875" lat="42.99261077904" lon="-78.79402553824">
    <tag k="local_x" v="-124.849731" />
    <tag k="local_y" v="-0.807720" />
    <tag k="ele" v="0" />
  </node>
  <node id="20876" lat="42.99261072734" lon="-78.79403779191">
    <tag k="local_x" v="-125.849027" />
    <tag k="local_y" v="-0.813445" />
    <tag k="ele" v="0" />
  </node>
  <node id="20877" lat="42.99261067564" lon="-78.79405004557">
    <tag k="local_x" v="-126.848323" />
    <tag k="local_y" v="-0.819170" />
    <tag k="ele" v="0" />
  </node>
  <node id="20878" lat="42.99261062394" lon="-78.79406229924">
    <tag k="local_x" v="-127.847618" />
    <tag k="local_y" v="-0.824896" />
    <tag k="ele" v="0" />
  </node>
  <node id="20879" lat="42.99261057223" lon="-78.79407455290">
    <tag k="local_x" v="-128.846914" />
    <tag k="local_y" v="-0.830621" />
    <tag k="ele" v="0" />
  </node>
  <node id="20880" lat="42.99261052053" lon="-78.79408680657">
    <tag k="local_x" v="-129.846210" />
    <tag k="local_y" v="-0.836346" />
    <tag k="ele" v="0" />
  </node>
  <node id="20881" lat="42.99261046882" lon="-78.79409906024">
    <tag k="local_x" v="-130.845505" />
    <tag k="local_y" v="-0.842071" />
    <tag k="ele" v="0" />
  </node>
  <node id="20882" lat="42.99261041711" lon="-78.79411131390">
    <tag k="local_x" v="-131.844801" />
    <tag k="local_y" v="-0.847796" />
    <tag k="ele" v="0" />
  </node>
  <node id="20883" lat="42.99261036540" lon="-78.79412356757">
    <tag k="local_x" v="-132.844096" />
    <tag k="local_y" v="-0.853522" />
    <tag k="ele" v="0" />
  </node>
  <node id="20884" lat="42.99261031369" lon="-78.79413582123">
    <tag k="local_x" v="-133.843392" />
    <tag k="local_y" v="-0.859247" />
    <tag k="ele" v="0" />
  </node>
  <node id="20885" lat="42.99261026198" lon="-78.79414807490">
    <tag k="local_x" v="-134.842688" />
    <tag k="local_y" v="-0.864972" />
    <tag k="ele" v="0" />
  </node>
  <node id="20886" lat="42.99261021027" lon="-78.79416032857">
    <tag k="local_x" v="-135.841983" />
    <tag k="local_y" v="-0.870697" />
    <tag k="ele" v="0" />
  </node>
  <node id="20887" lat="42.99261015855" lon="-78.79417258223">
    <tag k="local_x" v="-136.841279" />
    <tag k="local_y" v="-0.876422" />
    <tag k="ele" v="0" />
  </node>
  <node id="20888" lat="42.99261010684" lon="-78.79418483590">
    <tag k="local_x" v="-137.840575" />
    <tag k="local_y" v="-0.882148" />
    <tag k="ele" v="0" />
  </node>
  <node id="20889" lat="42.99261005512" lon="-78.79419708956">
    <tag k="local_x" v="-138.839870" />
    <tag k="local_y" v="-0.887873" />
    <tag k="ele" v="0" />
  </node>
  <node id="20890" lat="42.99261000340" lon="-78.79420934323">
    <tag k="local_x" v="-139.839166" />
    <tag k="local_y" v="-0.893598" />
    <tag k="ele" v="0" />
  </node>
  <node id="20891" lat="42.99260995168" lon="-78.79422159689">
    <tag k="local_x" v="-140.838461" />
    <tag k="local_y" v="-0.899324" />
    <tag k="ele" v="0" />
  </node>
  <node id="20892" lat="42.99260989996" lon="-78.79423385056">
    <tag k="local_x" v="-141.837757" />
    <tag k="local_y" v="-0.905049" />
    <tag k="ele" v="0" />
  </node>
  <node id="20893" lat="42.99260984824" lon="-78.79424610423">
    <tag k="local_x" v="-142.837053" />
    <tag k="local_y" v="-0.910774" />
    <tag k="ele" v="0" />
  </node>
  <node id="20894" lat="42.99260979651" lon="-78.79425835789">
    <tag k="local_x" v="-143.836348" />
    <tag k="local_y" v="-0.916499" />
    <tag k="ele" v="0" />
  </node>
  <node id="20895" lat="42.99260974479" lon="-78.79427061156">
    <tag k="local_x" v="-144.835644" />
    <tag k="local_y" v="-0.922224" />
    <tag k="ele" v="0" />
  </node>
  <node id="20896" lat="42.99260969306" lon="-78.79428286522">
    <tag k="local_x" v="-145.834940" />
    <tag k="local_y" v="-0.927950" />
    <tag k="ele" v="0" />
  </node>
  <node id="20897" lat="42.99260964133" lon="-78.79429511889">
    <tag k="local_x" v="-146.834235" />
    <tag k="local_y" v="-0.933675" />
    <tag k="ele" v="0" />
  </node>
  <node id="20898" lat="42.99260958960" lon="-78.79430737255">
    <tag k="local_x" v="-147.833531" />
    <tag k="local_y" v="-0.939400" />
    <tag k="ele" v="0" />
  </node>
  <node id="20899" lat="42.99260953787" lon="-78.79431962622">
    <tag k="local_x" v="-148.832826" />
    <tag k="local_y" v="-0.945125" />
    <tag k="ele" v="0" />
  </node>
  <node id="20900" lat="42.99260948614" lon="-78.79433187989">
    <tag k="local_x" v="-149.832122" />
    <tag k="local_y" v="-0.950851" />
    <tag k="ele" v="0" />
  </node>
  <node id="20901" lat="42.99260943441" lon="-78.79434413355">
    <tag k="local_x" v="-150.831418" />
    <tag k="local_y" v="-0.956576" />
    <tag k="ele" v="0" />
  </node>
  <node id="20902" lat="42.99260938268" lon="-78.79435638722">
    <tag k="local_x" v="-151.830713" />
    <tag k="local_y" v="-0.962301" />
    <tag k="ele" v="0" />
  </node>
  <node id="20903" lat="42.99260933094" lon="-78.79436864088">
    <tag k="local_x" v="-152.830009" />
    <tag k="local_y" v="-0.968026" />
    <tag k="ele" v="0" />
  </node>
  <node id="20904" lat="42.99260927920" lon="-78.79438089455">
    <tag k="local_x" v="-153.829305" />
    <tag k="local_y" v="-0.973751" />
    <tag k="ele" v="0" />
  </node>
  <node id="20905" lat="42.99260922747" lon="-78.79439314821">
    <tag k="local_x" v="-154.828600" />
    <tag k="local_y" v="-0.979477" />
    <tag k="ele" v="0" />
  </node>
  <node id="20906" lat="42.99260917573" lon="-78.79440540188">
    <tag k="local_x" v="-155.827896" />
    <tag k="local_y" v="-0.985202" />
    <tag k="ele" v="0" />
  </node>
  <node id="20907" lat="42.99260912399" lon="-78.79441765554">
    <tag k="local_x" v="-156.827191" />
    <tag k="local_y" v="-0.990927" />
    <tag k="ele" v="0" />
  </node>
  <node id="20908" lat="42.99260907224" lon="-78.79442990921">
    <tag k="local_x" v="-157.826487" />
    <tag k="local_y" v="-0.996652" />
    <tag k="ele" v="0" />
  </node>
  <node id="20909" lat="42.99260902050" lon="-78.79444216288">
    <tag k="local_x" v="-158.825783" />
    <tag k="local_y" v="-1.002378" />
    <tag k="ele" v="0" />
  </node>
  <node id="20910" lat="42.99260896875" lon="-78.79445441654">
    <tag k="local_x" v="-159.825078" />
    <tag k="local_y" v="-1.008103" />
    <tag k="ele" v="0" />
  </node>
  <node id="20911" lat="42.99260891701" lon="-78.79446667021">
    <tag k="local_x" v="-160.824374" />
    <tag k="local_y" v="-1.013828" />
    <tag k="ele" v="0" />
  </node>
  <node id="20912" lat="42.99260886526" lon="-78.79447892387">
    <tag k="local_x" v="-161.823670" />
    <tag k="local_y" v="-1.019553" />
    <tag k="ele" v="0" />
  </node>
  <node id="20913" lat="42.99260881351" lon="-78.79449117754">
    <tag k="local_x" v="-162.822965" />
    <tag k="local_y" v="-1.025278" />
    <tag k="ele" v="0" />
  </node>
  <node id="20914" lat="42.99260876176" lon="-78.79450343120">
    <tag k="local_x" v="-163.822261" />
    <tag k="local_y" v="-1.031004" />
    <tag k="ele" v="0" />
  </node>
  <node id="20915" lat="42.99260871001" lon="-78.79451568487">
    <tag k="local_x" v="-164.821556" />
    <tag k="local_y" v="-1.036729" />
    <tag k="ele" v="0" />
  </node>
  <node id="20916" lat="42.99260865826" lon="-78.79452793853">
    <tag k="local_x" v="-165.820852" />
    <tag k="local_y" v="-1.042454" />
    <tag k="ele" v="0" />
  </node>
  <node id="20917" lat="42.99260860650" lon="-78.79454019220">
    <tag k="local_x" v="-166.820148" />
    <tag k="local_y" v="-1.048179" />
    <tag k="ele" v="0" />
  </node>
  <node id="20918" lat="42.99260855475" lon="-78.79455244586">
    <tag k="local_x" v="-167.819443" />
    <tag k="local_y" v="-1.053905" />
    <tag k="ele" v="0" />
  </node>
  <node id="20919" lat="42.99260850299" lon="-78.79456469953">
    <tag k="local_x" v="-168.818739" />
    <tag k="local_y" v="-1.059630" />
    <tag k="ele" v="0" />
  </node>
  <node id="20920" lat="42.99260845123" lon="-78.79457695319">
    <tag k="local_x" v="-169.818034" />
    <tag k="local_y" v="-1.065355" />
    <tag k="ele" v="0" />
  </node>
  <node id="20921" lat="42.99260839948" lon="-78.79458920686">
    <tag k="local_x" v="-170.817330" />
    <tag k="local_y" v="-1.071080" />
    <tag k="ele" v="0" />
  </node>
  <node id="20922" lat="42.99260834772" lon="-78.79460146052">
    <tag k="local_x" v="-171.816626" />
    <tag k="local_y" v="-1.076805" />
    <tag k="ele" v="0" />
  </node>
  <node id="20923" lat="42.99260829595" lon="-78.79461371419">
    <tag k="local_x" v="-172.815921" />
    <tag k="local_y" v="-1.082531" />
    <tag k="ele" v="0" />
  </node>
  <node id="20924" lat="42.99260824419" lon="-78.79462596785">
    <tag k="local_x" v="-173.815217" />
    <tag k="local_y" v="-1.088256" />
    <tag k="ele" v="0" />
  </node>
  <node id="20925" lat="42.99260819243" lon="-78.79463822152">
    <tag k="local_x" v="-174.814513" />
    <tag k="local_y" v="-1.093981" />
    <tag k="ele" v="0" />
  </node>
  <node id="20926" lat="42.99260814066" lon="-78.79465047518">
    <tag k="local_x" v="-175.813808" />
    <tag k="local_y" v="-1.099706" />
    <tag k="ele" v="0" />
  </node>
  <node id="20927" lat="42.99260808889" lon="-78.79466272885">
    <tag k="local_x" v="-176.813104" />
    <tag k="local_y" v="-1.105432" />
    <tag k="ele" v="0" />
  </node>
  <node id="20928" lat="42.99260803712" lon="-78.79467498251">
    <tag k="local_x" v="-177.812399" />
    <tag k="local_y" v="-1.111157" />
    <tag k="ele" v="0" />
  </node>
  <node id="20929" lat="42.99260798535" lon="-78.79468723618">
    <tag k="local_x" v="-178.811695" />
    <tag k="local_y" v="-1.116882" />
    <tag k="ele" v="0" />
  </node>
  <node id="20930" lat="42.99260793358" lon="-78.79469948984">
    <tag k="local_x" v="-179.810991" />
    <tag k="local_y" v="-1.122607" />
    <tag k="ele" v="0" />
  </node>
  <node id="20931" lat="42.99260788181" lon="-78.79471174351">
    <tag k="local_x" v="-180.810286" />
    <tag k="local_y" v="-1.128332" />
    <tag k="ele" v="0" />
  </node>
  <node id="20932" lat="42.99260783004" lon="-78.79472399717">
    <tag k="local_x" v="-181.809582" />
    <tag k="local_y" v="-1.134058" />
    <tag k="ele" v="0" />
  </node>
  <node id="20933" lat="42.99260777826" lon="-78.79473625084">
    <tag k="local_x" v="-182.808878" />
    <tag k="local_y" v="-1.139783" />
    <tag k="ele" v="0" />
  </node>
  <node id="20934" lat="42.99260772649" lon="-78.79474850450">
    <tag k="local_x" v="-183.808173" />
    <tag k="local_y" v="-1.145508" />
    <tag k="ele" v="0" />
  </node>
  <node id="20935" lat="42.99260767471" lon="-78.79476075817">
    <tag k="local_x" v="-184.807469" />
    <tag k="local_y" v="-1.151233" />
    <tag k="ele" v="0" />
  </node>
  <node id="20936" lat="42.99260762293" lon="-78.79477301183">
    <tag k="local_x" v="-185.806764" />
    <tag k="local_y" v="-1.156959" />
    <tag k="ele" v="0" />
  </node>
  <node id="20937" lat="42.99260757125" lon="-78.79478526550">
    <tag k="local_x" v="-186.806060" />
    <tag k="local_y" v="-1.162673" />
    <tag k="ele" v="0" />
  </node>
  <node id="20938" lat="42.99260751973" lon="-78.79479751917">
    <tag k="local_x" v="-187.805356" />
    <tag k="local_y" v="-1.168369" />
    <tag k="ele" v="0" />
  </node>
  <node id="20939" lat="42.99260746824" lon="-78.79480977283">
    <tag k="local_x" v="-188.804652" />
    <tag k="local_y" v="-1.174061" />
    <tag k="ele" v="0" />
  </node>
  <node id="20940" lat="42.99256437159" lon="-78.79342466458">
    <tag k="local_x" v="-75.848098" />
    <tag k="local_y" v="-5.963962" />
    <tag k="ele" v="0" />
  </node>
  <node id="20941" lat="42.99256431219" lon="-78.79343691469">
    <tag k="local_x" v="-76.847104" />
    <tag k="local_y" v="-5.970550" />
    <tag k="ele" v="0" />
  </node>
  <node id="20942" lat="42.99256425278" lon="-78.79344916480">
    <tag k="local_x" v="-77.846111" />
    <tag k="local_y" v="-5.977138" />
    <tag k="ele" v="0" />
  </node>
  <node id="20943" lat="42.99256419338" lon="-78.79346141491">
    <tag k="local_x" v="-78.845117" />
    <tag k="local_y" v="-5.983726" />
    <tag k="ele" v="0" />
  </node>
  <node id="20944" lat="42.99256413397" lon="-78.79347366501">
    <tag k="local_x" v="-79.844123" />
    <tag k="local_y" v="-5.990313" />
    <tag k="ele" v="0" />
  </node>
  <node id="20945" lat="42.99256407457" lon="-78.79348591512">
    <tag k="local_x" v="-80.843129" />
    <tag k="local_y" v="-5.996901" />
    <tag k="ele" v="0" />
  </node>
  <node id="20946" lat="42.99256401516" lon="-78.79349816523">
    <tag k="local_x" v="-81.842135" />
    <tag k="local_y" v="-6.003489" />
    <tag k="ele" v="0" />
  </node>
  <node id="20947" lat="42.99256395575" lon="-78.79351041534">
    <tag k="local_x" v="-82.841141" />
    <tag k="local_y" v="-6.010077" />
    <tag k="ele" v="0" />
  </node>
  <node id="20948" lat="42.99256389630" lon="-78.79352266544">
    <tag k="local_x" v="-83.840147" />
    <tag k="local_y" v="-6.016670" />
    <tag k="ele" v="0" />
  </node>
  <node id="20949" lat="42.99256383669" lon="-78.79353491555">
    <tag k="local_x" v="-84.839153" />
    <tag k="local_y" v="-6.023280" />
    <tag k="ele" v="0" />
  </node>
  <node id="20950" lat="42.99256377707" lon="-78.79354716565">
    <tag k="local_x" v="-85.838159" />
    <tag k="local_y" v="-6.029890" />
    <tag k="ele" v="0" />
  </node>
  <node id="20951" lat="42.99256371745" lon="-78.79355941576">
    <tag k="local_x" v="-86.837165" />
    <tag k="local_y" v="-6.036501" />
    <tag k="ele" v="0" />
  </node>
  <node id="20952" lat="42.99256365784" lon="-78.79357166586">
    <tag k="local_x" v="-87.836171" />
    <tag k="local_y" v="-6.043111" />
    <tag k="ele" v="0" />
  </node>
  <node id="20953" lat="42.99256359822" lon="-78.79358391597">
    <tag k="local_x" v="-88.835177" />
    <tag k="local_y" v="-6.049721" />
    <tag k="ele" v="0" />
  </node>
  <node id="20954" lat="42.99256353860" lon="-78.79359616608">
    <tag k="local_x" v="-89.834183" />
    <tag k="local_y" v="-6.056332" />
    <tag k="ele" v="0" />
  </node>
  <node id="20955" lat="42.99256347898" lon="-78.79360841618">
    <tag k="local_x" v="-90.833189" />
    <tag k="local_y" v="-6.062942" />
    <tag k="ele" v="0" />
  </node>
  <node id="20956" lat="42.99256341935" lon="-78.79362066629">
    <tag k="local_x" v="-91.832195" />
    <tag k="local_y" v="-6.069552" />
    <tag k="ele" v="0" />
  </node>
  <node id="20957" lat="42.99256335973" lon="-78.79363291639">
    <tag k="local_x" v="-92.831201" />
    <tag k="local_y" v="-6.076163" />
    <tag k="ele" v="0" />
  </node>
  <node id="20958" lat="42.99256330010" lon="-78.79364516650">
    <tag k="local_x" v="-93.830207" />
    <tag k="local_y" v="-6.082773" />
    <tag k="ele" v="0" />
  </node>
  <node id="20959" lat="42.99256324048" lon="-78.79365741660">
    <tag k="local_x" v="-94.829213" />
    <tag k="local_y" v="-6.089383" />
    <tag k="ele" v="0" />
  </node>
  <node id="20960" lat="42.99256318085" lon="-78.79366966671">
    <tag k="local_x" v="-95.828219" />
    <tag k="local_y" v="-6.095994" />
    <tag k="ele" v="0" />
  </node>
  <node id="20961" lat="42.99256312122" lon="-78.79368191681">
    <tag k="local_x" v="-96.827225" />
    <tag k="local_y" v="-6.102604" />
    <tag k="ele" v="0" />
  </node>
  <node id="20962" lat="42.99256306159" lon="-78.79369416692">
    <tag k="local_x" v="-97.826231" />
    <tag k="local_y" v="-6.109214" />
    <tag k="ele" v="0" />
  </node>
  <node id="20963" lat="42.99256300196" lon="-78.79370641702">
    <tag k="local_x" v="-98.825237" />
    <tag k="local_y" v="-6.115825" />
    <tag k="ele" v="0" />
  </node>
  <node id="20964" lat="42.99256294233" lon="-78.79371866713">
    <tag k="local_x" v="-99.824243" />
    <tag k="local_y" v="-6.122435" />
    <tag k="ele" v="0" />
  </node>
  <node id="20965" lat="42.99256288269" lon="-78.79373091723">
    <tag k="local_x" v="-100.823249" />
    <tag k="local_y" v="-6.129045" />
    <tag k="ele" v="0" />
  </node>
  <node id="20966" lat="42.99256282306" lon="-78.79374316734">
    <tag k="local_x" v="-101.822255" />
    <tag k="local_y" v="-6.135655" />
    <tag k="ele" v="0" />
  </node>
  <node id="20967" lat="42.99256276420" lon="-78.79375541745">
    <tag k="local_x" v="-102.821262" />
    <tag k="local_y" v="-6.142178" />
    <tag k="ele" v="0" />
  </node>
  <node id="20968" lat="42.99256270904" lon="-78.79376766759">
    <tag k="local_x" v="-103.820271" />
    <tag k="local_y" v="-6.148292" />
    <tag k="ele" v="0" />
  </node>
  <node id="20969" lat="42.99256265738" lon="-78.79377991777">
    <tag k="local_x" v="-104.819282" />
    <tag k="local_y" v="-6.154016" />
    <tag k="ele" v="0" />
  </node>
  <node id="20970" lat="42.99256260573" lon="-78.79379216794">
    <tag k="local_x" v="-105.818294" />
    <tag k="local_y" v="-6.159738" />
    <tag k="ele" v="0" />
  </node>
  <node id="20971" lat="42.99256255408" lon="-78.79380441811">
    <tag k="local_x" v="-106.817305" />
    <tag k="local_y" v="-6.165461" />
    <tag k="ele" v="0" />
  </node>
  <node id="20972" lat="42.99256250242" lon="-78.79381666828">
    <tag k="local_x" v="-107.816317" />
    <tag k="local_y" v="-6.171184" />
    <tag k="ele" v="0" />
  </node>
  <node id="20973" lat="42.99256245077" lon="-78.79382891846">
    <tag k="local_x" v="-108.815328" />
    <tag k="local_y" v="-6.176906" />
    <tag k="ele" v="0" />
  </node>
  <node id="20974" lat="42.99256239911" lon="-78.79384116863">
    <tag k="local_x" v="-109.814340" />
    <tag k="local_y" v="-6.182629" />
    <tag k="ele" v="0" />
  </node>
  <node id="20975" lat="42.99256234746" lon="-78.79385341880">
    <tag k="local_x" v="-110.813351" />
    <tag k="local_y" v="-6.188351" />
    <tag k="ele" v="0" />
  </node>
  <node id="20976" lat="42.99256229580" lon="-78.79386566897">
    <tag k="local_x" v="-111.812363" />
    <tag k="local_y" v="-6.194074" />
    <tag k="ele" v="0" />
  </node>
  <node id="20977" lat="42.99256224414" lon="-78.79387791915">
    <tag k="local_x" v="-112.811374" />
    <tag k="local_y" v="-6.199797" />
    <tag k="ele" v="0" />
  </node>
  <node id="20978" lat="42.99256219248" lon="-78.79389016932">
    <tag k="local_x" v="-113.810386" />
    <tag k="local_y" v="-6.205519" />
    <tag k="ele" v="0" />
  </node>
  <node id="20979" lat="42.99256214081" lon="-78.79390241949">
    <tag k="local_x" v="-114.809397" />
    <tag k="local_y" v="-6.211242" />
    <tag k="ele" v="0" />
  </node>
  <node id="20980" lat="42.99256208915" lon="-78.79391466966">
    <tag k="local_x" v="-115.808409" />
    <tag k="local_y" v="-6.216965" />
    <tag k="ele" v="0" />
  </node>
  <node id="20981" lat="42.99256203749" lon="-78.79392691983">
    <tag k="local_x" v="-116.807420" />
    <tag k="local_y" v="-6.222687" />
    <tag k="ele" v="0" />
  </node>
  <node id="20982" lat="42.99256198582" lon="-78.79393917001">
    <tag k="local_x" v="-117.806432" />
    <tag k="local_y" v="-6.228410" />
    <tag k="ele" v="0" />
  </node>
  <node id="20983" lat="42.99256193415" lon="-78.79395142018">
    <tag k="local_x" v="-118.805443" />
    <tag k="local_y" v="-6.234132" />
    <tag k="ele" v="0" />
  </node>
  <node id="20984" lat="42.99256188248" lon="-78.79396367035">
    <tag k="local_x" v="-119.804454" />
    <tag k="local_y" v="-6.239855" />
    <tag k="ele" v="0" />
  </node>
  <node id="20985" lat="42.99256183082" lon="-78.79397592052">
    <tag k="local_x" v="-120.803466" />
    <tag k="local_y" v="-6.245578" />
    <tag k="ele" v="0" />
  </node>
  <node id="20986" lat="42.99256177914" lon="-78.79398817070">
    <tag k="local_x" v="-121.802477" />
    <tag k="local_y" v="-6.251300" />
    <tag k="ele" v="0" />
  </node>
  <node id="20987" lat="42.99256172747" lon="-78.79400042087">
    <tag k="local_x" v="-122.801489" />
    <tag k="local_y" v="-6.257023" />
    <tag k="ele" v="0" />
  </node>
  <node id="20988" lat="42.99256167580" lon="-78.79401267104">
    <tag k="local_x" v="-123.800500" />
    <tag k="local_y" v="-6.262745" />
    <tag k="ele" v="0" />
  </node>
  <node id="20989" lat="42.99256162412" lon="-78.79402492121">
    <tag k="local_x" v="-124.799512" />
    <tag k="local_y" v="-6.268468" />
    <tag k="ele" v="0" />
  </node>
  <node id="20990" lat="42.99256157245" lon="-78.79403717138">
    <tag k="local_x" v="-125.798523" />
    <tag k="local_y" v="-6.274191" />
    <tag k="ele" v="0" />
  </node>
  <node id="20991" lat="42.99256152077" lon="-78.79404942156">
    <tag k="local_x" v="-126.797535" />
    <tag k="local_y" v="-6.279913" />
    <tag k="ele" v="0" />
  </node>
  <node id="20992" lat="42.99256146909" lon="-78.79406167173">
    <tag k="local_x" v="-127.796546" />
    <tag k="local_y" v="-6.285636" />
    <tag k="ele" v="0" />
  </node>
  <node id="20993" lat="42.99256141741" lon="-78.79407392190">
    <tag k="local_x" v="-128.795558" />
    <tag k="local_y" v="-6.291358" />
    <tag k="ele" v="0" />
  </node>
  <node id="20994" lat="42.99256136573" lon="-78.79408617207">
    <tag k="local_x" v="-129.794569" />
    <tag k="local_y" v="-6.297081" />
    <tag k="ele" v="0" />
  </node>
  <node id="20995" lat="42.99256131405" lon="-78.79409842224">
    <tag k="local_x" v="-130.793581" />
    <tag k="local_y" v="-6.302803" />
    <tag k="ele" v="0" />
  </node>
  <node id="20996" lat="42.99256126236" lon="-78.79411067241">
    <tag k="local_x" v="-131.792592" />
    <tag k="local_y" v="-6.308526" />
    <tag k="ele" v="0" />
  </node>
  <node id="20997" lat="42.99256121068" lon="-78.79412292259">
    <tag k="local_x" v="-132.791604" />
    <tag k="local_y" v="-6.314248" />
    <tag k="ele" v="0" />
  </node>
  <node id="20998" lat="42.99256115899" lon="-78.79413517276">
    <tag k="local_x" v="-133.790615" />
    <tag k="local_y" v="-6.319971" />
    <tag k="ele" v="0" />
  </node>
  <node id="20999" lat="42.99256110731" lon="-78.79414742293">
    <tag k="local_x" v="-134.789627" />
    <tag k="local_y" v="-6.325693" />
    <tag k="ele" v="0" />
  </node>
  <node id="21000" lat="42.99256105562" lon="-78.79415967310">
    <tag k="local_x" v="-135.788638" />
    <tag k="local_y" v="-6.331416" />
    <tag k="ele" v="0" />
  </node>
  <node id="21001" lat="42.99256100393" lon="-78.79417192327">
    <tag k="local_x" v="-136.787649" />
    <tag k="local_y" v="-6.337138" />
    <tag k="ele" v="0" />
  </node>
  <node id="21002" lat="42.99256095224" lon="-78.79418417345">
    <tag k="local_x" v="-137.786661" />
    <tag k="local_y" v="-6.342861" />
    <tag k="ele" v="0" />
  </node>
  <node id="21003" lat="42.99256090054" lon="-78.79419642362">
    <tag k="local_x" v="-138.785672" />
    <tag k="local_y" v="-6.348583" />
    <tag k="ele" v="0" />
  </node>
  <node id="21004" lat="42.99256084885" lon="-78.79420867379">
    <tag k="local_x" v="-139.784684" />
    <tag k="local_y" v="-6.354306" />
    <tag k="ele" v="0" />
  </node>
  <node id="21005" lat="42.99256079715" lon="-78.79422092396">
    <tag k="local_x" v="-140.783695" />
    <tag k="local_y" v="-6.360028" />
    <tag k="ele" v="0" />
  </node>
  <node id="21006" lat="42.99256074546" lon="-78.79423317413">
    <tag k="local_x" v="-141.782707" />
    <tag k="local_y" v="-6.365751" />
    <tag k="ele" v="0" />
  </node>
  <node id="21007" lat="42.99256069376" lon="-78.79424542430">
    <tag k="local_x" v="-142.781718" />
    <tag k="local_y" v="-6.371473" />
    <tag k="ele" v="0" />
  </node>
  <node id="21008" lat="42.99256064206" lon="-78.79425767448">
    <tag k="local_x" v="-143.780730" />
    <tag k="local_y" v="-6.377196" />
    <tag k="ele" v="0" />
  </node>
  <node id="21009" lat="42.99256059036" lon="-78.79426992465">
    <tag k="local_x" v="-144.779741" />
    <tag k="local_y" v="-6.382918" />
    <tag k="ele" v="0" />
  </node>
  <node id="21010" lat="42.99256053866" lon="-78.79428217482">
    <tag k="local_x" v="-145.778753" />
    <tag k="local_y" v="-6.388641" />
    <tag k="ele" v="0" />
  </node>
  <node id="21011" lat="42.99256048695" lon="-78.79429442499">
    <tag k="local_x" v="-146.777764" />
    <tag k="local_y" v="-6.394364" />
    <tag k="ele" v="0" />
  </node>
  <node id="21012" lat="42.99256043525" lon="-78.79430667516">
    <tag k="local_x" v="-147.776776" />
    <tag k="local_y" v="-6.400086" />
    <tag k="ele" v="0" />
  </node>
  <node id="21013" lat="42.99256038354" lon="-78.79431892533">
    <tag k="local_x" v="-148.775787" />
    <tag k="local_y" v="-6.405809" />
    <tag k="ele" v="0" />
  </node>
  <node id="21014" lat="42.99256033184" lon="-78.79433117550">
    <tag k="local_x" v="-149.774799" />
    <tag k="local_y" v="-6.411531" />
    <tag k="ele" v="0" />
  </node>
  <node id="21015" lat="42.99256028013" lon="-78.79434342568">
    <tag k="local_x" v="-150.773810" />
    <tag k="local_y" v="-6.417254" />
    <tag k="ele" v="0" />
  </node>
  <node id="21016" lat="42.99256022842" lon="-78.79435567585">
    <tag k="local_x" v="-151.772822" />
    <tag k="local_y" v="-6.422976" />
    <tag k="ele" v="0" />
  </node>
  <node id="21017" lat="42.99256017671" lon="-78.79436792602">
    <tag k="local_x" v="-152.771833" />
    <tag k="local_y" v="-6.428699" />
    <tag k="ele" v="0" />
  </node>
  <node id="21018" lat="42.99256012499" lon="-78.79438017619">
    <tag k="local_x" v="-153.770844" />
    <tag k="local_y" v="-6.434421" />
    <tag k="ele" v="0" />
  </node>
  <node id="21019" lat="42.99256007328" lon="-78.79439242636">
    <tag k="local_x" v="-154.769856" />
    <tag k="local_y" v="-6.440144" />
    <tag k="ele" v="0" />
  </node>
  <node id="21020" lat="42.99256002157" lon="-78.79440467653">
    <tag k="local_x" v="-155.768867" />
    <tag k="local_y" v="-6.445866" />
    <tag k="ele" v="0" />
  </node>
  <node id="21021" lat="42.99255996985" lon="-78.79441692670">
    <tag k="local_x" v="-156.767879" />
    <tag k="local_y" v="-6.451589" />
    <tag k="ele" v="0" />
  </node>
  <node id="21022" lat="42.99255991813" lon="-78.79442917688">
    <tag k="local_x" v="-157.766890" />
    <tag k="local_y" v="-6.457311" />
    <tag k="ele" v="0" />
  </node>
  <node id="21023" lat="42.99255986641" lon="-78.79444142705">
    <tag k="local_x" v="-158.765902" />
    <tag k="local_y" v="-6.463034" />
    <tag k="ele" v="0" />
  </node>
  <node id="21024" lat="42.99255981469" lon="-78.79445367722">
    <tag k="local_x" v="-159.764913" />
    <tag k="local_y" v="-6.468756" />
    <tag k="ele" v="0" />
  </node>
  <node id="21025" lat="42.99255976297" lon="-78.79446592739">
    <tag k="local_x" v="-160.763925" />
    <tag k="local_y" v="-6.474479" />
    <tag k="ele" v="0" />
  </node>
  <node id="21026" lat="42.99255971125" lon="-78.79447817756">
    <tag k="local_x" v="-161.762936" />
    <tag k="local_y" v="-6.480201" />
    <tag k="ele" v="0" />
  </node>
  <node id="21027" lat="42.99255965952" lon="-78.79449042773">
    <tag k="local_x" v="-162.761948" />
    <tag k="local_y" v="-6.485924" />
    <tag k="ele" v="0" />
  </node>
  <node id="21028" lat="42.99255960780" lon="-78.79450267790">
    <tag k="local_x" v="-163.760959" />
    <tag k="local_y" v="-6.491646" />
    <tag k="ele" v="0" />
  </node>
  <node id="21029" lat="42.99255955607" lon="-78.79451492807">
    <tag k="local_x" v="-164.759971" />
    <tag k="local_y" v="-6.497369" />
    <tag k="ele" v="0" />
  </node>
  <node id="21030" lat="42.99255950434" lon="-78.79452717825">
    <tag k="local_x" v="-165.758982" />
    <tag k="local_y" v="-6.503091" />
    <tag k="ele" v="0" />
  </node>
  <node id="21031" lat="42.99255945261" lon="-78.79453942842">
    <tag k="local_x" v="-166.757994" />
    <tag k="local_y" v="-6.508814" />
    <tag k="ele" v="0" />
  </node>
  <node id="21032" lat="42.99255940088" lon="-78.79455167859">
    <tag k="local_x" v="-167.757005" />
    <tag k="local_y" v="-6.514536" />
    <tag k="ele" v="0" />
  </node>
  <node id="21033" lat="42.99255934915" lon="-78.79456392876">
    <tag k="local_x" v="-168.756017" />
    <tag k="local_y" v="-6.520259" />
    <tag k="ele" v="0" />
  </node>
  <node id="21034" lat="42.99255929742" lon="-78.79457617893">
    <tag k="local_x" v="-169.755028" />
    <tag k="local_y" v="-6.525982" />
    <tag k="ele" v="0" />
  </node>
  <node id="21035" lat="42.99255924568" lon="-78.79458842910">
    <tag k="local_x" v="-170.754039" />
    <tag k="local_y" v="-6.531704" />
    <tag k="ele" v="0" />
  </node>
  <node id="21036" lat="42.99255919395" lon="-78.79460067927">
    <tag k="local_x" v="-171.753051" />
    <tag k="local_y" v="-6.537426" />
    <tag k="ele" v="0" />
  </node>
  <node id="21037" lat="42.99255914221" lon="-78.79461292944">
    <tag k="local_x" v="-172.752062" />
    <tag k="local_y" v="-6.543149" />
    <tag k="ele" v="0" />
  </node>
  <node id="21038" lat="42.99255909047" lon="-78.79462517961">
    <tag k="local_x" v="-173.751074" />
    <tag k="local_y" v="-6.548872" />
    <tag k="ele" v="0" />
  </node>
  <node id="21039" lat="42.99255903873" lon="-78.79463742979">
    <tag k="local_x" v="-174.750085" />
    <tag k="local_y" v="-6.554594" />
    <tag k="ele" v="0" />
  </node>
  <node id="21040" lat="42.99255898699" lon="-78.79464967996">
    <tag k="local_x" v="-175.749097" />
    <tag k="local_y" v="-6.560317" />
    <tag k="ele" v="0" />
  </node>
  <node id="21041" lat="42.99255893525" lon="-78.79466193013">
    <tag k="local_x" v="-176.748108" />
    <tag k="local_y" v="-6.566039" />
    <tag k="ele" v="0" />
  </node>
  <node id="21042" lat="42.99255888350" lon="-78.79467418030">
    <tag k="local_x" v="-177.747120" />
    <tag k="local_y" v="-6.571762" />
    <tag k="ele" v="0" />
  </node>
  <node id="21043" lat="42.99255883176" lon="-78.79468643047">
    <tag k="local_x" v="-178.746131" />
    <tag k="local_y" v="-6.577484" />
    <tag k="ele" v="0" />
  </node>
  <node id="21044" lat="42.99255878001" lon="-78.79469868064">
    <tag k="local_x" v="-179.745143" />
    <tag k="local_y" v="-6.583207" />
    <tag k="ele" v="0" />
  </node>
  <node id="21045" lat="42.99255872826" lon="-78.79471093081">
    <tag k="local_x" v="-180.744154" />
    <tag k="local_y" v="-6.588929" />
    <tag k="ele" v="0" />
  </node>
  <node id="21046" lat="42.99255867651" lon="-78.79472318098">
    <tag k="local_x" v="-181.743166" />
    <tag k="local_y" v="-6.594652" />
    <tag k="ele" v="0" />
  </node>
  <node id="21047" lat="42.99255862476" lon="-78.79473543115">
    <tag k="local_x" v="-182.742177" />
    <tag k="local_y" v="-6.600374" />
    <tag k="ele" v="0" />
  </node>
  <node id="21048" lat="42.99255857301" lon="-78.79474768132">
    <tag k="local_x" v="-183.741189" />
    <tag k="local_y" v="-6.606097" />
    <tag k="ele" v="0" />
  </node>
  <node id="21049" lat="42.99255852126" lon="-78.79475993149">
    <tag k="local_x" v="-184.740200" />
    <tag k="local_y" v="-6.611819" />
    <tag k="ele" v="0" />
  </node>
  <node id="21050" lat="42.99255846950" lon="-78.79477218166">
    <tag k="local_x" v="-185.739212" />
    <tag k="local_y" v="-6.617542" />
    <tag k="ele" v="0" />
  </node>
  <node id="21051" lat="42.99255841775" lon="-78.79478443184">
    <tag k="local_x" v="-186.738223" />
    <tag k="local_y" v="-6.623264" />
    <tag k="ele" v="0" />
  </node>
  <node id="21052" lat="42.99255836599" lon="-78.79479668201">
    <tag k="local_x" v="-187.737234" />
    <tag k="local_y" v="-6.628987" />
    <tag k="ele" v="0" />
  </node>
  <node id="21053" lat="42.99255831423" lon="-78.79480893218">
    <tag k="local_x" v="-188.736246" />
    <tag k="local_y" v="-6.634710" />
    <tag k="ele" v="0" />
  </node>
  <node id="21054" lat="42.99255826247" lon="-78.79482118235">
    <tag k="local_x" v="-189.735257" />
    <tag k="local_y" v="-6.640432" />
    <tag k="ele" v="0" />
  </node>
  <node id="21055" lat="42.99255821082" lon="-78.79483343252">
    <tag k="local_x" v="-190.734269" />
    <tag k="local_y" v="-6.646143" />
    <tag k="ele" v="0" />
  </node>
  <node id="21056" lat="42.99255815933" lon="-78.79484568269">
    <tag k="local_x" v="-191.733281" />
    <tag k="local_y" v="-6.651834" />
    <tag k="ele" v="0" />
  </node>
  <node id="21057" lat="42.99255810785" lon="-78.79485793286">
    <tag k="local_x" v="-192.732292" />
    <tag k="local_y" v="-6.657526" />
    <tag k="ele" v="0" />
  </node>
  <node id="21058" lat="42.99420912690" lon="-78.79533055802">
    <tag k="local_x" v="-231.269065" />
    <tag k="local_y" v="176.759677" />
    <tag k="ele" v="0" />
  </node>
  <node id="21059" lat="42.99420916983" lon="-78.79531865850">
    <tag k="local_x" v="-230.298675" />
    <tag k="local_y" v="176.764414" />
    <tag k="ele" v="0" />
  </node>
  <node id="21060" lat="42.99420921275" lon="-78.79530675899">
    <tag k="local_x" v="-229.328286" />
    <tag k="local_y" v="176.769150" />
    <tag k="ele" v="0" />
  </node>
  <node id="21061" lat="42.99420925568" lon="-78.79529485947">
    <tag k="local_x" v="-228.357897" />
    <tag k="local_y" v="176.773887" />
    <tag k="ele" v="0" />
  </node>
  <node id="21062" lat="42.99420929861" lon="-78.79528295995">
    <tag k="local_x" v="-227.387507" />
    <tag k="local_y" v="176.778623" />
    <tag k="ele" v="0" />
  </node>
  <node id="21063" lat="42.99420934153" lon="-78.79527106044">
    <tag k="local_x" v="-226.417118" />
    <tag k="local_y" v="176.783360" />
    <tag k="ele" v="0" />
  </node>
  <node id="21064" lat="42.99420938446" lon="-78.79525916092">
    <tag k="local_x" v="-225.446728" />
    <tag k="local_y" v="176.788096" />
    <tag k="ele" v="0" />
  </node>
  <node id="21065" lat="42.99420942664" lon="-78.79524726140">
    <tag k="local_x" v="-224.476339" />
    <tag k="local_y" v="176.792751" />
    <tag k="ele" v="0" />
  </node>
  <node id="21066" lat="42.99420947146" lon="-78.79523536189">
    <tag k="local_x" v="-223.505950" />
    <tag k="local_y" v="176.797698" />
    <tag k="ele" v="0" />
  </node>
  <node id="21067" lat="42.99420951816" lon="-78.79522346240">
    <tag k="local_x" v="-222.535563" />
    <tag k="local_y" v="176.802855" />
    <tag k="ele" v="0" />
  </node>
  <node id="21068" lat="42.99420956487" lon="-78.79521156291">
    <tag k="local_x" v="-221.565176" />
    <tag k="local_y" v="176.808012" />
    <tag k="ele" v="0" />
  </node>
  <node id="21069" lat="42.99417049294" lon="-78.79533029691">
    <tag k="local_x" v="-231.247916" />
    <tag k="local_y" v="172.467729" />
    <tag k="ele" v="0" />
  </node>
  <node id="21070" lat="42.99417053588" lon="-78.79531839495">
    <tag k="local_x" v="-230.277327" />
    <tag k="local_y" v="172.472467" />
    <tag k="ele" v="0" />
  </node>
  <node id="21071" lat="42.99417057882" lon="-78.79530649300">
    <tag k="local_x" v="-229.306739" />
    <tag k="local_y" v="172.477204" />
    <tag k="ele" v="0" />
  </node>
  <node id="21072" lat="42.99417062176" lon="-78.79529459105">
    <tag k="local_x" v="-228.336150" />
    <tag k="local_y" v="172.481942" />
    <tag k="ele" v="0" />
  </node>
  <node id="21073" lat="42.99417066469" lon="-78.79528268910">
    <tag k="local_x" v="-227.365561" />
    <tag k="local_y" v="172.486679" />
    <tag k="ele" v="0" />
  </node>
  <node id="21074" lat="42.99417070762" lon="-78.79527078714">
    <tag k="local_x" v="-226.394973" />
    <tag k="local_y" v="172.491417" />
    <tag k="ele" v="0" />
  </node>
  <node id="21075" lat="42.99417075037" lon="-78.79525888519">
    <tag k="local_x" v="-225.424384" />
    <tag k="local_y" v="172.496134" />
    <tag k="ele" v="0" />
  </node>
  <node id="21076" lat="42.99417079275" lon="-78.79524698323">
    <tag k="local_x" v="-224.453795" />
    <tag k="local_y" v="172.500810" />
    <tag k="ele" v="0" />
  </node>
  <node id="21077" lat="42.99417083805" lon="-78.79523508129">
    <tag k="local_x" v="-223.483208" />
    <tag k="local_y" v="172.505811" />
    <tag k="ele" v="0" />
  </node>
  <node id="21078" lat="42.99417088429" lon="-78.79522317936">
    <tag k="local_x" v="-222.512621" />
    <tag k="local_y" v="172.510916" />
    <tag k="ele" v="0" />
  </node>
  <node id="21079" lat="42.99417093101" lon="-78.79521127744">
    <tag k="local_x" v="-221.542034" />
    <tag k="local_y" v="172.516074" />
    <tag k="ele" v="0" />
  </node>
  <node id="21080" lat="42.99420002922" lon="-78.79771898605">
    <tag k="local_x" v="-426.042149" />
    <tag k="local_y" v="175.758335" />
    <tag k="ele" v="0" />
  </node>
  <node id="21081" lat="42.99420007564" lon="-78.79770680141">
    <tag k="local_x" v="-425.048508" />
    <tag k="local_y" v="175.763430" />
    <tag k="ele" v="0" />
  </node>
  <node id="21082" lat="42.99420012206" lon="-78.79769461677">
    <tag k="local_x" v="-424.054867" />
    <tag k="local_y" v="175.768525" />
    <tag k="ele" v="0" />
  </node>
  <node id="21083" lat="42.99420016860" lon="-78.79768243213">
    <tag k="local_x" v="-423.061226" />
    <tag k="local_y" v="175.773634" />
    <tag k="ele" v="0" />
  </node>
  <node id="21084" lat="42.99420021501" lon="-78.79767024749">
    <tag k="local_x" v="-422.067584" />
    <tag k="local_y" v="175.778729" />
    <tag k="ele" v="0" />
  </node>
  <node id="21085" lat="42.99420026141" lon="-78.79765806285">
    <tag k="local_x" v="-421.073943" />
    <tag k="local_y" v="175.783823" />
    <tag k="ele" v="0" />
  </node>
  <node id="21086" lat="42.99420030782" lon="-78.79764587821">
    <tag k="local_x" v="-420.080302" />
    <tag k="local_y" v="175.788917" />
    <tag k="ele" v="0" />
  </node>
  <node id="21087" lat="42.99420035422" lon="-78.79763369357">
    <tag k="local_x" v="-419.086661" />
    <tag k="local_y" v="175.794012" />
    <tag k="ele" v="0" />
  </node>
  <node id="21088" lat="42.99420040064" lon="-78.79762150893">
    <tag k="local_x" v="-418.093020" />
    <tag k="local_y" v="175.799107" />
    <tag k="ele" v="0" />
  </node>
  <node id="21089" lat="42.99420044716" lon="-78.79760932429">
    <tag k="local_x" v="-417.099379" />
    <tag k="local_y" v="175.804215" />
    <tag k="ele" v="0" />
  </node>
  <node id="21090" lat="42.99420049356" lon="-78.79759713965">
    <tag k="local_x" v="-416.105738" />
    <tag k="local_y" v="175.809310" />
    <tag k="ele" v="0" />
  </node>
  <node id="21091" lat="42.99420053996" lon="-78.79758495501">
    <tag k="local_x" v="-415.112097" />
    <tag k="local_y" v="175.814404" />
    <tag k="ele" v="0" />
  </node>
  <node id="21092" lat="42.99420058636" lon="-78.79757277037">
    <tag k="local_x" v="-414.118456" />
    <tag k="local_y" v="175.819498" />
    <tag k="ele" v="0" />
  </node>
  <node id="21093" lat="42.99420063276" lon="-78.79756058573">
    <tag k="local_x" v="-413.124815" />
    <tag k="local_y" v="175.824593" />
    <tag k="ele" v="0" />
  </node>
  <node id="21094" lat="42.99420067917" lon="-78.79754840109">
    <tag k="local_x" v="-412.131173" />
    <tag k="local_y" v="175.829689" />
    <tag k="ele" v="0" />
  </node>
  <node id="21095" lat="42.99420072568" lon="-78.79753621645">
    <tag k="local_x" v="-411.137532" />
    <tag k="local_y" v="175.834797" />
    <tag k="ele" v="0" />
  </node>
  <node id="21096" lat="42.99420077208" lon="-78.79752403181">
    <tag k="local_x" v="-410.143891" />
    <tag k="local_y" v="175.839891" />
    <tag k="ele" v="0" />
  </node>
  <node id="21097" lat="42.99420081847" lon="-78.79751184717">
    <tag k="local_x" v="-409.150250" />
    <tag k="local_y" v="175.844985" />
    <tag k="ele" v="0" />
  </node>
  <node id="21098" lat="42.99420086486" lon="-78.79749966252">
    <tag k="local_x" v="-408.156609" />
    <tag k="local_y" v="175.850080" />
    <tag k="ele" v="0" />
  </node>
  <node id="21099" lat="42.99420091125" lon="-78.79748747788">
    <tag k="local_x" v="-407.162968" />
    <tag k="local_y" v="175.855174" />
    <tag k="ele" v="0" />
  </node>
  <node id="21100" lat="42.99420095766" lon="-78.79747529324">
    <tag k="local_x" v="-406.169327" />
    <tag k="local_y" v="175.860271" />
    <tag k="ele" v="0" />
  </node>
  <node id="21101" lat="42.99420100416" lon="-78.79746310860">
    <tag k="local_x" v="-405.175686" />
    <tag k="local_y" v="175.865378" />
    <tag k="ele" v="0" />
  </node>
  <node id="21102" lat="42.99420105054" lon="-78.79745092396">
    <tag k="local_x" v="-404.182045" />
    <tag k="local_y" v="175.870472" />
    <tag k="ele" v="0" />
  </node>
  <node id="21103" lat="42.99420109693" lon="-78.79743873932">
    <tag k="local_x" v="-403.188404" />
    <tag k="local_y" v="175.875566" />
    <tag k="ele" v="0" />
  </node>
  <node id="21104" lat="42.99420114331" lon="-78.79742655468">
    <tag k="local_x" v="-402.194762" />
    <tag k="local_y" v="175.880661" />
    <tag k="ele" v="0" />
  </node>
  <node id="21105" lat="42.99420118969" lon="-78.79741437004">
    <tag k="local_x" v="-401.201121" />
    <tag k="local_y" v="175.885755" />
    <tag k="ele" v="0" />
  </node>
  <node id="21106" lat="42.99420123610" lon="-78.79740218540">
    <tag k="local_x" v="-400.207480" />
    <tag k="local_y" v="175.890853" />
    <tag k="ele" v="0" />
  </node>
  <node id="21107" lat="42.99420128258" lon="-78.79739000076">
    <tag k="local_x" v="-399.213839" />
    <tag k="local_y" v="175.895959" />
    <tag k="ele" v="0" />
  </node>
  <node id="21108" lat="42.99420132896" lon="-78.79737781612">
    <tag k="local_x" v="-398.220198" />
    <tag k="local_y" v="175.901053" />
    <tag k="ele" v="0" />
  </node>
  <node id="21109" lat="42.99420137534" lon="-78.79736563148">
    <tag k="local_x" v="-397.226557" />
    <tag k="local_y" v="175.906148" />
    <tag k="ele" v="0" />
  </node>
  <node id="21110" lat="42.99420142171" lon="-78.79735344684">
    <tag k="local_x" v="-396.232916" />
    <tag k="local_y" v="175.911242" />
    <tag k="ele" v="0" />
  </node>
  <node id="21111" lat="42.99420146809" lon="-78.79734126220">
    <tag k="local_x" v="-395.239275" />
    <tag k="local_y" v="175.916336" />
    <tag k="ele" v="0" />
  </node>
  <node id="21112" lat="42.99420151450" lon="-78.79732907756">
    <tag k="local_x" v="-394.245634" />
    <tag k="local_y" v="175.921435" />
    <tag k="ele" v="0" />
  </node>
  <node id="21113" lat="42.99420156096" lon="-78.79731689292">
    <tag k="local_x" v="-393.251993" />
    <tag k="local_y" v="175.926540" />
    <tag k="ele" v="0" />
  </node>
  <node id="21114" lat="42.99420160733" lon="-78.79730470828">
    <tag k="local_x" v="-392.258351" />
    <tag k="local_y" v="175.931635" />
    <tag k="ele" v="0" />
  </node>
  <node id="21115" lat="42.99420165370" lon="-78.79729252364">
    <tag k="local_x" v="-391.264710" />
    <tag k="local_y" v="175.936729" />
    <tag k="ele" v="0" />
  </node>
  <node id="21116" lat="42.99420170007" lon="-78.79728033900">
    <tag k="local_x" v="-390.271069" />
    <tag k="local_y" v="175.941823" />
    <tag k="ele" v="0" />
  </node>
  <node id="21117" lat="42.99420174643" lon="-78.79726815436">
    <tag k="local_x" v="-389.277428" />
    <tag k="local_y" v="175.946917" />
    <tag k="ele" v="0" />
  </node>
  <node id="21118" lat="42.99420179280" lon="-78.79725596971">
    <tag k="local_x" v="-388.283787" />
    <tag k="local_y" v="175.952012" />
    <tag k="ele" v="0" />
  </node>
  <node id="21119" lat="42.99420183921" lon="-78.79724378507">
    <tag k="local_x" v="-387.290146" />
    <tag k="local_y" v="175.957112" />
    <tag k="ele" v="0" />
  </node>
  <node id="21120" lat="42.99420188566" lon="-78.79723160043">
    <tag k="local_x" v="-386.296505" />
    <tag k="local_y" v="175.962216" />
    <tag k="ele" v="0" />
  </node>
  <node id="21121" lat="42.99420193202" lon="-78.79721941579">
    <tag k="local_x" v="-385.302864" />
    <tag k="local_y" v="175.967310" />
    <tag k="ele" v="0" />
  </node>
  <node id="21122" lat="42.99420197838" lon="-78.79720723115">
    <tag k="local_x" v="-384.309223" />
    <tag k="local_y" v="175.972404" />
    <tag k="ele" v="0" />
  </node>
  <node id="21123" lat="42.99420202474" lon="-78.79719504651">
    <tag k="local_x" v="-383.315581" />
    <tag k="local_y" v="175.977499" />
    <tag k="ele" v="0" />
  </node>
  <node id="21124" lat="42.99420207109" lon="-78.79718286187">
    <tag k="local_x" v="-382.321940" />
    <tag k="local_y" v="175.982593" />
    <tag k="ele" v="0" />
  </node>
  <node id="21125" lat="42.99420211750" lon="-78.79717067723">
    <tag k="local_x" v="-381.328299" />
    <tag k="local_y" v="175.987694" />
    <tag k="ele" v="0" />
  </node>
  <node id="21126" lat="42.99420216394" lon="-78.79715849259">
    <tag k="local_x" v="-380.334658" />
    <tag k="local_y" v="175.992797" />
    <tag k="ele" v="0" />
  </node>
  <node id="21127" lat="42.99420221029" lon="-78.79714630795">
    <tag k="local_x" v="-379.341017" />
    <tag k="local_y" v="175.997891" />
    <tag k="ele" v="0" />
  </node>
  <node id="21128" lat="42.99420225664" lon="-78.79713412331">
    <tag k="local_x" v="-378.347376" />
    <tag k="local_y" v="176.002985" />
    <tag k="ele" v="0" />
  </node>
  <node id="21129" lat="42.99420230299" lon="-78.79712193867">
    <tag k="local_x" v="-377.353735" />
    <tag k="local_y" v="176.008080" />
    <tag k="ele" v="0" />
  </node>
  <node id="21130" lat="42.99420234934" lon="-78.79710975403">
    <tag k="local_x" v="-376.360094" />
    <tag k="local_y" v="176.013174" />
    <tag k="ele" v="0" />
  </node>
  <node id="21131" lat="42.99420239575" lon="-78.79709756938">
    <tag k="local_x" v="-375.366453" />
    <tag k="local_y" v="176.018276" />
    <tag k="ele" v="0" />
  </node>
  <node id="21132" lat="42.99420244217" lon="-78.79708538474">
    <tag k="local_x" v="-374.372812" />
    <tag k="local_y" v="176.023378" />
    <tag k="ele" v="0" />
  </node>
  <node id="21133" lat="42.99420248851" lon="-78.79707320010">
    <tag k="local_x" v="-373.379170" />
    <tag k="local_y" v="176.028472" />
    <tag k="ele" v="0" />
  </node>
  <node id="21134" lat="42.99420253486" lon="-78.79706101546">
    <tag k="local_x" v="-372.385529" />
    <tag k="local_y" v="176.033567" />
    <tag k="ele" v="0" />
  </node>
  <node id="21135" lat="42.99420258120" lon="-78.79704883082">
    <tag k="local_x" v="-371.391888" />
    <tag k="local_y" v="176.038661" />
    <tag k="ele" v="0" />
  </node>
  <node id="21136" lat="42.99420262754" lon="-78.79703664618">
    <tag k="local_x" v="-370.398247" />
    <tag k="local_y" v="176.043755" />
    <tag k="ele" v="0" />
  </node>
  <node id="21137" lat="42.99420267395" lon="-78.79702446154">
    <tag k="local_x" v="-369.404606" />
    <tag k="local_y" v="176.048858" />
    <tag k="ele" v="0" />
  </node>
  <node id="21138" lat="42.99420272036" lon="-78.79701227690">
    <tag k="local_x" v="-368.410965" />
    <tag k="local_y" v="176.053959" />
    <tag k="ele" v="0" />
  </node>
  <node id="21139" lat="42.99420276669" lon="-78.79700009226">
    <tag k="local_x" v="-367.417324" />
    <tag k="local_y" v="176.059054" />
    <tag k="ele" v="0" />
  </node>
  <node id="21140" lat="42.99420281303" lon="-78.79698790762">
    <tag k="local_x" v="-366.423683" />
    <tag k="local_y" v="176.064148" />
    <tag k="ele" v="0" />
  </node>
  <node id="21141" lat="42.99420285936" lon="-78.79697572297">
    <tag k="local_x" v="-365.430042" />
    <tag k="local_y" v="176.069242" />
    <tag k="ele" v="0" />
  </node>
  <node id="21142" lat="42.99420290569" lon="-78.79696353833">
    <tag k="local_x" v="-364.436401" />
    <tag k="local_y" v="176.074336" />
    <tag k="ele" v="0" />
  </node>
  <node id="21143" lat="42.99420295210" lon="-78.79695135369">
    <tag k="local_x" v="-363.442759" />
    <tag k="local_y" v="176.079440" />
    <tag k="ele" v="0" />
  </node>
  <node id="21144" lat="42.99420299849" lon="-78.79693916905">
    <tag k="local_x" v="-362.449118" />
    <tag k="local_y" v="176.084540" />
    <tag k="ele" v="0" />
  </node>
  <node id="21145" lat="42.99420304482" lon="-78.79692698441">
    <tag k="local_x" v="-361.455477" />
    <tag k="local_y" v="176.089635" />
    <tag k="ele" v="0" />
  </node>
  <node id="21146" lat="42.99420309115" lon="-78.79691479977">
    <tag k="local_x" v="-360.461836" />
    <tag k="local_y" v="176.094729" />
    <tag k="ele" v="0" />
  </node>
  <node id="21147" lat="42.99420313748" lon="-78.79690261513">
    <tag k="local_x" v="-359.468195" />
    <tag k="local_y" v="176.099823" />
    <tag k="ele" v="0" />
  </node>
  <node id="21148" lat="42.99420318380" lon="-78.79689043049">
    <tag k="local_x" v="-358.474554" />
    <tag k="local_y" v="176.104918" />
    <tag k="ele" v="0" />
  </node>
  <node id="21149" lat="42.99420323013" lon="-78.79687824585">
    <tag k="local_x" v="-357.480913" />
    <tag k="local_y" v="176.110012" />
    <tag k="ele" v="0" />
  </node>
  <node id="21150" lat="42.99420327654" lon="-78.79686606120">
    <tag k="local_x" v="-356.487272" />
    <tag k="local_y" v="176.115116" />
    <tag k="ele" v="0" />
  </node>
  <node id="21151" lat="42.99420332291" lon="-78.79685387656">
    <tag k="local_x" v="-355.493631" />
    <tag k="local_y" v="176.120216" />
    <tag k="ele" v="0" />
  </node>
  <node id="21152" lat="42.99420336923" lon="-78.79684169192">
    <tag k="local_x" v="-354.499990" />
    <tag k="local_y" v="176.125310" />
    <tag k="ele" v="0" />
  </node>
  <node id="21153" lat="42.99420341555" lon="-78.79682950728">
    <tag k="local_x" v="-353.506348" />
    <tag k="local_y" v="176.130405" />
    <tag k="ele" v="0" />
  </node>
  <node id="21154" lat="42.99420346186" lon="-78.79681732264">
    <tag k="local_x" v="-352.512707" />
    <tag k="local_y" v="176.135499" />
    <tag k="ele" v="0" />
  </node>
  <node id="21155" lat="42.99420350818" lon="-78.79680513800">
    <tag k="local_x" v="-351.519066" />
    <tag k="local_y" v="176.140593" />
    <tag k="ele" v="0" />
  </node>
  <node id="21156" lat="42.99420355459" lon="-78.79679295336">
    <tag k="local_x" v="-350.525425" />
    <tag k="local_y" v="176.145698" />
    <tag k="ele" v="0" />
  </node>
  <node id="21157" lat="42.99420360094" lon="-78.79678076872">
    <tag k="local_x" v="-349.531784" />
    <tag k="local_y" v="176.150797" />
    <tag k="ele" v="0" />
  </node>
  <node id="21158" lat="42.99420364726" lon="-78.79676858407">
    <tag k="local_x" v="-348.538143" />
    <tag k="local_y" v="176.155891" />
    <tag k="ele" v="0" />
  </node>
  <node id="21159" lat="42.99420369357" lon="-78.79675639943">
    <tag k="local_x" v="-347.544502" />
    <tag k="local_y" v="176.160986" />
    <tag k="ele" v="0" />
  </node>
  <node id="21160" lat="42.99420373988" lon="-78.79674421479">
    <tag k="local_x" v="-346.550861" />
    <tag k="local_y" v="176.166080" />
    <tag k="ele" v="0" />
  </node>
  <node id="21161" lat="42.99420378618" lon="-78.79673203015">
    <tag k="local_x" v="-345.557220" />
    <tag k="local_y" v="176.171174" />
    <tag k="ele" v="0" />
  </node>
  <node id="21162" lat="42.99420383259" lon="-78.79671984551">
    <tag k="local_x" v="-344.563579" />
    <tag k="local_y" v="176.176280" />
    <tag k="ele" v="0" />
  </node>
  <node id="21163" lat="42.99420387893" lon="-78.79670766087">
    <tag k="local_x" v="-343.569937" />
    <tag k="local_y" v="176.181378" />
    <tag k="ele" v="0" />
  </node>
  <node id="21164" lat="42.99420392524" lon="-78.79669547623">
    <tag k="local_x" v="-342.576296" />
    <tag k="local_y" v="176.186473" />
    <tag k="ele" v="0" />
  </node>
  <node id="21165" lat="42.99420397155" lon="-78.79668329158">
    <tag k="local_x" v="-341.582655" />
    <tag k="local_y" v="176.191568" />
    <tag k="ele" v="0" />
  </node>
  <node id="21166" lat="42.99420401788" lon="-78.79667110694">
    <tag k="local_x" v="-340.589014" />
    <tag k="local_y" v="176.196665" />
    <tag k="ele" v="0" />
  </node>
  <node id="21167" lat="42.99420406420" lon="-78.79665892230">
    <tag k="local_x" v="-339.595373" />
    <tag k="local_y" v="176.201762" />
    <tag k="ele" v="0" />
  </node>
  <node id="21168" lat="42.99420411053" lon="-78.79664673766">
    <tag k="local_x" v="-338.601732" />
    <tag k="local_y" v="176.206859" />
    <tag k="ele" v="0" />
  </node>
  <node id="21169" lat="42.99420415685" lon="-78.79663455302">
    <tag k="local_x" v="-337.608091" />
    <tag k="local_y" v="176.211956" />
    <tag k="ele" v="0" />
  </node>
  <node id="21170" lat="42.99420420317" lon="-78.79662236838">
    <tag k="local_x" v="-336.614450" />
    <tag k="local_y" v="176.217053" />
    <tag k="ele" v="0" />
  </node>
  <node id="21171" lat="42.99420424949" lon="-78.79661018373">
    <tag k="local_x" v="-335.620809" />
    <tag k="local_y" v="176.222151" />
    <tag k="ele" v="0" />
  </node>
  <node id="21172" lat="42.99420428182" lon="-78.79659799901">
    <tag k="local_x" v="-334.627161" />
    <tag k="local_y" v="176.225694" />
    <tag k="ele" v="0" />
  </node>
  <node id="21173" lat="42.99420432536" lon="-78.79658581435">
    <tag k="local_x" v="-333.633519" />
    <tag k="local_y" v="176.230482" />
    <tag k="ele" v="0" />
  </node>
  <node id="21174" lat="42.99420437159" lon="-78.79657362971">
    <tag k="local_x" v="-332.639877" />
    <tag k="local_y" v="176.235569" />
    <tag k="ele" v="0" />
  </node>
  <node id="21175" lat="42.99420441782" lon="-78.79656144507">
    <tag k="local_x" v="-331.646236" />
    <tag k="local_y" v="176.240657" />
    <tag k="ele" v="0" />
  </node>
  <node id="21176" lat="42.99420446405" lon="-78.79654926043">
    <tag k="local_x" v="-330.652595" />
    <tag k="local_y" v="176.245744" />
    <tag k="ele" v="0" />
  </node>
  <node id="21177" lat="42.99420451027" lon="-78.79653707578">
    <tag k="local_x" v="-329.658954" />
    <tag k="local_y" v="176.250832" />
    <tag k="ele" v="0" />
  </node>
  <node id="21178" lat="42.99420455650" lon="-78.79652489114">
    <tag k="local_x" v="-328.665313" />
    <tag k="local_y" v="176.255919" />
    <tag k="ele" v="0" />
  </node>
  <node id="21179" lat="42.99420460273" lon="-78.79651270650">
    <tag k="local_x" v="-327.671672" />
    <tag k="local_y" v="176.261008" />
    <tag k="ele" v="0" />
  </node>
  <node id="21180" lat="42.99420464889" lon="-78.79650052186">
    <tag k="local_x" v="-326.678031" />
    <tag k="local_y" v="176.266088" />
    <tag k="ele" v="0" />
  </node>
  <node id="21181" lat="42.99420469516" lon="-78.79648833721">
    <tag k="local_x" v="-325.684389" />
    <tag k="local_y" v="176.271181" />
    <tag k="ele" v="0" />
  </node>
  <node id="21182" lat="42.99420474131" lon="-78.79647615257">
    <tag k="local_x" v="-324.690748" />
    <tag k="local_y" v="176.276261" />
    <tag k="ele" v="0" />
  </node>
  <node id="21183" lat="42.99420478758" lon="-78.79646396793">
    <tag k="local_x" v="-323.697107" />
    <tag k="local_y" v="176.281354" />
    <tag k="ele" v="0" />
  </node>
  <node id="21184" lat="42.99420483373" lon="-78.79645178329">
    <tag k="local_x" v="-322.703466" />
    <tag k="local_y" v="176.286434" />
    <tag k="ele" v="0" />
  </node>
  <node id="21185" lat="42.99420488000" lon="-78.79643959864">
    <tag k="local_x" v="-321.709825" />
    <tag k="local_y" v="176.291528" />
    <tag k="ele" v="0" />
  </node>
  <node id="21186" lat="42.99420492614" lon="-78.79642741400">
    <tag k="local_x" v="-320.716184" />
    <tag k="local_y" v="176.296608" />
    <tag k="ele" v="0" />
  </node>
  <node id="21187" lat="42.99420497241" lon="-78.79641522936">
    <tag k="local_x" v="-319.722542" />
    <tag k="local_y" v="176.301701" />
    <tag k="ele" v="0" />
  </node>
  <node id="21188" lat="42.99420501863" lon="-78.79640304472">
    <tag k="local_x" v="-318.728901" />
    <tag k="local_y" v="176.306789" />
    <tag k="ele" v="0" />
  </node>
  <node id="21189" lat="42.99420506484" lon="-78.79639086007">
    <tag k="local_x" v="-317.735260" />
    <tag k="local_y" v="176.311876" />
    <tag k="ele" v="0" />
  </node>
  <node id="21190" lat="42.99423858436" lon="-78.79773991213">
    <tag k="local_x" v="-427.748375" />
    <tag k="local_y" v="180.041633" />
    <tag k="ele" v="0" />
  </node>
  <node id="21191" lat="42.99423863107" lon="-78.79772765119">
    <tag k="local_x" v="-426.748512" />
    <tag k="local_y" v="180.046760" />
    <tag k="ele" v="0" />
  </node>
  <node id="21192" lat="42.99423867778" lon="-78.79771539025">
    <tag k="local_x" v="-425.748649" />
    <tag k="local_y" v="180.051886" />
    <tag k="ele" v="0" />
  </node>
  <node id="21193" lat="42.99423872462" lon="-78.79770312931">
    <tag k="local_x" v="-424.748787" />
    <tag k="local_y" v="180.057028" />
    <tag k="ele" v="0" />
  </node>
  <node id="21194" lat="42.99423877132" lon="-78.79769086836">
    <tag k="local_x" v="-423.748924" />
    <tag k="local_y" v="180.062154" />
    <tag k="ele" v="0" />
  </node>
  <node id="21195" lat="42.99423881802" lon="-78.79767860742">
    <tag k="local_x" v="-422.749061" />
    <tag k="local_y" v="180.067281" />
    <tag k="ele" v="0" />
  </node>
  <node id="21196" lat="42.99423886472" lon="-78.79766634648">
    <tag k="local_x" v="-421.749198" />
    <tag k="local_y" v="180.072407" />
    <tag k="ele" v="0" />
  </node>
  <node id="21197" lat="42.99423891142" lon="-78.79765408554">
    <tag k="local_x" v="-420.749335" />
    <tag k="local_y" v="180.077533" />
    <tag k="ele" v="0" />
  </node>
  <node id="21198" lat="42.99423895811" lon="-78.79764182459">
    <tag k="local_x" v="-419.749473" />
    <tag k="local_y" v="180.082660" />
    <tag k="ele" v="0" />
  </node>
  <node id="21199" lat="42.99423900495" lon="-78.79762956365">
    <tag k="local_x" v="-418.749610" />
    <tag k="local_y" v="180.087801" />
    <tag k="ele" v="0" />
  </node>
  <node id="21200" lat="42.99423905164" lon="-78.79761730271">
    <tag k="local_x" v="-417.749747" />
    <tag k="local_y" v="180.092927" />
    <tag k="ele" v="0" />
  </node>
  <node id="21201" lat="42.99423909833" lon="-78.79760504177">
    <tag k="local_x" v="-416.749884" />
    <tag k="local_y" v="180.098054" />
    <tag k="ele" v="0" />
  </node>
  <node id="21202" lat="42.99423914502" lon="-78.79759278083">
    <tag k="local_x" v="-415.750021" />
    <tag k="local_y" v="180.103180" />
    <tag k="ele" v="0" />
  </node>
  <node id="21203" lat="42.99423919171" lon="-78.79758051988">
    <tag k="local_x" v="-414.750159" />
    <tag k="local_y" v="180.108307" />
    <tag k="ele" v="0" />
  </node>
  <node id="21204" lat="42.99423923840" lon="-78.79756825894">
    <tag k="local_x" v="-413.750296" />
    <tag k="local_y" v="180.113433" />
    <tag k="ele" v="0" />
  </node>
  <node id="21205" lat="42.99423928523" lon="-78.79755599800">
    <tag k="local_x" v="-412.750433" />
    <tag k="local_y" v="180.118574" />
    <tag k="ele" v="0" />
  </node>
  <node id="21206" lat="42.99423933191" lon="-78.79754373706">
    <tag k="local_x" v="-411.750570" />
    <tag k="local_y" v="180.123701" />
    <tag k="ele" v="0" />
  </node>
  <node id="21207" lat="42.99423937860" lon="-78.79753147611">
    <tag k="local_x" v="-410.750707" />
    <tag k="local_y" v="180.128827" />
    <tag k="ele" v="0" />
  </node>
  <node id="21208" lat="42.99423942528" lon="-78.79751921517">
    <tag k="local_x" v="-409.750845" />
    <tag k="local_y" v="180.133953" />
    <tag k="ele" v="0" />
  </node>
  <node id="21209" lat="42.99423947196" lon="-78.79750695423">
    <tag k="local_x" v="-408.750982" />
    <tag k="local_y" v="180.139080" />
    <tag k="ele" v="0" />
  </node>
  <node id="21210" lat="42.99423951864" lon="-78.79749469329">
    <tag k="local_x" v="-407.751119" />
    <tag k="local_y" v="180.144206" />
    <tag k="ele" v="0" />
  </node>
  <node id="21211" lat="42.99423956546" lon="-78.79748243235">
    <tag k="local_x" v="-406.751256" />
    <tag k="local_y" v="180.149347" />
    <tag k="ele" v="0" />
  </node>
  <node id="21212" lat="42.99423961214" lon="-78.79747017140">
    <tag k="local_x" v="-405.751393" />
    <tag k="local_y" v="180.154474" />
    <tag k="ele" v="0" />
  </node>
  <node id="21213" lat="42.99423965882" lon="-78.79745791046">
    <tag k="local_x" v="-404.751531" />
    <tag k="local_y" v="180.159600" />
    <tag k="ele" v="0" />
  </node>
  <node id="21214" lat="42.99423970549" lon="-78.79744564952">
    <tag k="local_x" v="-403.751668" />
    <tag k="local_y" v="180.164726" />
    <tag k="ele" v="0" />
  </node>
  <node id="21215" lat="42.99423975217" lon="-78.79743338857">
    <tag k="local_x" v="-402.751805" />
    <tag k="local_y" v="180.169853" />
    <tag k="ele" v="0" />
  </node>
  <node id="21216" lat="42.99423979884" lon="-78.79742112763">
    <tag k="local_x" v="-401.751942" />
    <tag k="local_y" v="180.174979" />
    <tag k="ele" v="0" />
  </node>
  <node id="21217" lat="42.99423984565" lon="-78.79740886669">
    <tag k="local_x" v="-400.752079" />
    <tag k="local_y" v="180.180121" />
    <tag k="ele" v="0" />
  </node>
  <node id="21218" lat="42.99423989232" lon="-78.79739660575">
    <tag k="local_x" v="-399.752216" />
    <tag k="local_y" v="180.185247" />
    <tag k="ele" v="0" />
  </node>
  <node id="21219" lat="42.99423993899" lon="-78.79738434481">
    <tag k="local_x" v="-398.752354" />
    <tag k="local_y" v="180.190373" />
    <tag k="ele" v="0" />
  </node>
  <node id="21220" lat="42.99423998565" lon="-78.79737208386">
    <tag k="local_x" v="-397.752491" />
    <tag k="local_y" v="180.195500" />
    <tag k="ele" v="0" />
  </node>
  <node id="21221" lat="42.99424003232" lon="-78.79735982292">
    <tag k="local_x" v="-396.752628" />
    <tag k="local_y" v="180.200626" />
    <tag k="ele" v="0" />
  </node>
  <node id="21222" lat="42.99424007899" lon="-78.79734756198">
    <tag k="local_x" v="-395.752765" />
    <tag k="local_y" v="180.205752" />
    <tag k="ele" v="0" />
  </node>
  <node id="21223" lat="42.99424012579" lon="-78.79733530104">
    <tag k="local_x" v="-394.752902" />
    <tag k="local_y" v="180.210894" />
    <tag k="ele" v="0" />
  </node>
  <node id="21224" lat="42.99424017245" lon="-78.79732304009">
    <tag k="local_x" v="-393.753040" />
    <tag k="local_y" v="180.216020" />
    <tag k="ele" v="0" />
  </node>
  <node id="21225" lat="42.99424021911" lon="-78.79731077915">
    <tag k="local_x" v="-392.753177" />
    <tag k="local_y" v="180.221146" />
    <tag k="ele" v="0" />
  </node>
  <node id="21226" lat="42.99424026577" lon="-78.79729851821">
    <tag k="local_x" v="-391.753314" />
    <tag k="local_y" v="180.226273" />
    <tag k="ele" v="0" />
  </node>
  <node id="21227" lat="42.99424031243" lon="-78.79728625726">
    <tag k="local_x" v="-390.753451" />
    <tag k="local_y" v="180.231399" />
    <tag k="ele" v="0" />
  </node>
  <node id="21228" lat="42.99424035909" lon="-78.79727399632">
    <tag k="local_x" v="-389.753588" />
    <tag k="local_y" v="180.236525" />
    <tag k="ele" v="0" />
  </node>
  <node id="21229" lat="42.99424040574" lon="-78.79726173538">
    <tag k="local_x" v="-388.753726" />
    <tag k="local_y" v="180.241652" />
    <tag k="ele" v="0" />
  </node>
  <node id="21230" lat="42.99424045253" lon="-78.79724947444">
    <tag k="local_x" v="-387.753863" />
    <tag k="local_y" v="180.246793" />
    <tag k="ele" v="0" />
  </node>
  <node id="21231" lat="42.99424049919" lon="-78.79723721349">
    <tag k="local_x" v="-386.754000" />
    <tag k="local_y" v="180.251920" />
    <tag k="ele" v="0" />
  </node>
  <node id="21232" lat="42.99424054584" lon="-78.79722495255">
    <tag k="local_x" v="-385.754137" />
    <tag k="local_y" v="180.257046" />
    <tag k="ele" v="0" />
  </node>
  <node id="21233" lat="42.99424059249" lon="-78.79721269161">
    <tag k="local_x" v="-384.754274" />
    <tag k="local_y" v="180.262172" />
    <tag k="ele" v="0" />
  </node>
  <node id="21234" lat="42.99424063914" lon="-78.79720043066">
    <tag k="local_x" v="-383.754412" />
    <tag k="local_y" v="180.267299" />
    <tag k="ele" v="0" />
  </node>
  <node id="21235" lat="42.99424068579" lon="-78.79718816972">
    <tag k="local_x" v="-382.754549" />
    <tag k="local_y" v="180.272425" />
    <tag k="ele" v="0" />
  </node>
  <node id="21236" lat="42.99424073257" lon="-78.79717590878">
    <tag k="local_x" v="-381.754686" />
    <tag k="local_y" v="180.277566" />
    <tag k="ele" v="0" />
  </node>
  <node id="21237" lat="42.99424077922" lon="-78.79716364784">
    <tag k="local_x" v="-380.754823" />
    <tag k="local_y" v="180.282693" />
    <tag k="ele" v="0" />
  </node>
  <node id="21238" lat="42.99424082586" lon="-78.79715138689">
    <tag k="local_x" v="-379.754960" />
    <tag k="local_y" v="180.287819" />
    <tag k="ele" v="0" />
  </node>
  <node id="21239" lat="42.99424087250" lon="-78.79713912595">
    <tag k="local_x" v="-378.755098" />
    <tag k="local_y" v="180.292945" />
    <tag k="ele" v="0" />
  </node>
  <node id="21240" lat="42.99424091914" lon="-78.79712686501">
    <tag k="local_x" v="-377.755235" />
    <tag k="local_y" v="180.298072" />
    <tag k="ele" v="0" />
  </node>
  <node id="21241" lat="42.99424096578" lon="-78.79711460406">
    <tag k="local_x" v="-376.755372" />
    <tag k="local_y" v="180.303198" />
    <tag k="ele" v="0" />
  </node>
  <node id="21242" lat="42.99424101256" lon="-78.79710234312">
    <tag k="local_x" v="-375.755509" />
    <tag k="local_y" v="180.308340" />
    <tag k="ele" v="0" />
  </node>
  <node id="21243" lat="42.99424105920" lon="-78.79709008218">
    <tag k="local_x" v="-374.755646" />
    <tag k="local_y" v="180.313466" />
    <tag k="ele" v="0" />
  </node>
  <node id="21244" lat="42.99424110583" lon="-78.79707782124">
    <tag k="local_x" v="-373.755783" />
    <tag k="local_y" v="180.318592" />
    <tag k="ele" v="0" />
  </node>
  <node id="21245" lat="42.99424115247" lon="-78.79706556029">
    <tag k="local_x" v="-372.755921" />
    <tag k="local_y" v="180.323719" />
    <tag k="ele" v="0" />
  </node>
  <node id="21246" lat="42.99424119910" lon="-78.79705329935">
    <tag k="local_x" v="-371.756058" />
    <tag k="local_y" v="180.328845" />
    <tag k="ele" v="0" />
  </node>
  <node id="21247" lat="42.99424124573" lon="-78.79704103841">
    <tag k="local_x" v="-370.756195" />
    <tag k="local_y" v="180.333971" />
    <tag k="ele" v="0" />
  </node>
  <node id="21248" lat="42.99424129250" lon="-78.79702877746">
    <tag k="local_x" v="-369.756332" />
    <tag k="local_y" v="180.339113" />
    <tag k="ele" v="0" />
  </node>
  <node id="21249" lat="42.99424133913" lon="-78.79701651652">
    <tag k="local_x" v="-368.756469" />
    <tag k="local_y" v="180.344239" />
    <tag k="ele" v="0" />
  </node>
  <node id="21250" lat="42.99424138576" lon="-78.79700425558">
    <tag k="local_x" v="-367.756607" />
    <tag k="local_y" v="180.349365" />
    <tag k="ele" v="0" />
  </node>
  <node id="21251" lat="42.99424143239" lon="-78.79699199463">
    <tag k="local_x" v="-366.756744" />
    <tag k="local_y" v="180.354492" />
    <tag k="ele" v="0" />
  </node>
  <node id="21252" lat="42.99424147901" lon="-78.79697973369">
    <tag k="local_x" v="-365.756881" />
    <tag k="local_y" v="180.359618" />
    <tag k="ele" v="0" />
  </node>
  <node id="21253" lat="42.99424152564" lon="-78.79696747275">
    <tag k="local_x" v="-364.757018" />
    <tag k="local_y" v="180.364744" />
    <tag k="ele" v="0" />
  </node>
  <node id="21254" lat="42.99424157240" lon="-78.79695521180">
    <tag k="local_x" v="-363.757155" />
    <tag k="local_y" v="180.369886" />
    <tag k="ele" v="0" />
  </node>
  <node id="21255" lat="42.99424161902" lon="-78.79694295086">
    <tag k="local_x" v="-362.757293" />
    <tag k="local_y" v="180.375012" />
    <tag k="ele" v="0" />
  </node>
  <node id="21256" lat="42.99424166564" lon="-78.79693068992">
    <tag k="local_x" v="-361.757430" />
    <tag k="local_y" v="180.380139" />
    <tag k="ele" v="0" />
  </node>
  <node id="21257" lat="42.99424171226" lon="-78.79691842897">
    <tag k="local_x" v="-360.757567" />
    <tag k="local_y" v="180.385265" />
    <tag k="ele" v="0" />
  </node>
  <node id="21258" lat="42.99424175888" lon="-78.79690616803">
    <tag k="local_x" v="-359.757704" />
    <tag k="local_y" v="180.390391" />
    <tag k="ele" v="0" />
  </node>
  <node id="21259" lat="42.99424180549" lon="-78.79689390709">
    <tag k="local_x" v="-358.757841" />
    <tag k="local_y" v="180.395518" />
    <tag k="ele" v="0" />
  </node>
  <node id="21260" lat="42.99424185211" lon="-78.79688164614">
    <tag k="local_x" v="-357.757979" />
    <tag k="local_y" v="180.400644" />
    <tag k="ele" v="0" />
  </node>
  <node id="21261" lat="42.99424189886" lon="-78.79686938520">
    <tag k="local_x" v="-356.758116" />
    <tag k="local_y" v="180.405785" />
    <tag k="ele" v="0" />
  </node>
  <node id="21262" lat="42.99424194547" lon="-78.79685712426">
    <tag k="local_x" v="-355.758253" />
    <tag k="local_y" v="180.410912" />
    <tag k="ele" v="0" />
  </node>
  <node id="21263" lat="42.99424199208" lon="-78.79684486331">
    <tag k="local_x" v="-354.758390" />
    <tag k="local_y" v="180.416038" />
    <tag k="ele" v="0" />
  </node>
  <node id="21264" lat="42.99424203869" lon="-78.79683260237">
    <tag k="local_x" v="-353.758527" />
    <tag k="local_y" v="180.421164" />
    <tag k="ele" v="0" />
  </node>
  <node id="21265" lat="42.99424208530" lon="-78.79682034143">
    <tag k="local_x" v="-352.758665" />
    <tag k="local_y" v="180.426291" />
    <tag k="ele" v="0" />
  </node>
  <node id="21266" lat="42.99424213191" lon="-78.79680808048">
    <tag k="local_x" v="-351.758802" />
    <tag k="local_y" v="180.431417" />
    <tag k="ele" v="0" />
  </node>
  <node id="21267" lat="42.99424217865" lon="-78.79679581954">
    <tag k="local_x" v="-350.758939" />
    <tag k="local_y" v="180.436559" />
    <tag k="ele" v="0" />
  </node>
  <node id="21268" lat="42.99424222526" lon="-78.79678355860">
    <tag k="local_x" v="-349.759076" />
    <tag k="local_y" v="180.441685" />
    <tag k="ele" v="0" />
  </node>
  <node id="21269" lat="42.99424227186" lon="-78.79677129765">
    <tag k="local_x" v="-348.759213" />
    <tag k="local_y" v="180.446811" />
    <tag k="ele" v="0" />
  </node>
  <node id="21270" lat="42.99424231846" lon="-78.79675903671">
    <tag k="local_x" v="-347.759350" />
    <tag k="local_y" v="180.451938" />
    <tag k="ele" v="0" />
  </node>
  <node id="21271" lat="42.99424236506" lon="-78.79674677577">
    <tag k="local_x" v="-346.759488" />
    <tag k="local_y" v="180.457064" />
    <tag k="ele" v="0" />
  </node>
  <node id="21272" lat="42.99424241166" lon="-78.79673451482">
    <tag k="local_x" v="-345.759625" />
    <tag k="local_y" v="180.462190" />
    <tag k="ele" v="0" />
  </node>
  <node id="21273" lat="42.99424245840" lon="-78.79672225388">
    <tag k="local_x" v="-344.759762" />
    <tag k="local_y" v="180.467332" />
    <tag k="ele" v="0" />
  </node>
  <node id="21274" lat="42.99424250499" lon="-78.79670999294">
    <tag k="local_x" v="-343.759899" />
    <tag k="local_y" v="180.472458" />
    <tag k="ele" v="0" />
  </node>
  <node id="21275" lat="42.99424255159" lon="-78.79669773199">
    <tag k="local_x" v="-342.760036" />
    <tag k="local_y" v="180.477584" />
    <tag k="ele" v="0" />
  </node>
  <node id="21276" lat="42.99424259820" lon="-78.79668547105">
    <tag k="local_x" v="-341.760174" />
    <tag k="local_y" v="180.482712" />
    <tag k="ele" v="0" />
  </node>
  <node id="21277" lat="42.99424264481" lon="-78.79667321011">
    <tag k="local_x" v="-340.760311" />
    <tag k="local_y" v="180.487841" />
    <tag k="ele" v="0" />
  </node>
  <node id="21278" lat="42.99424269143" lon="-78.79666094916">
    <tag k="local_x" v="-339.760448" />
    <tag k="local_y" v="180.492970" />
    <tag k="ele" v="0" />
  </node>
  <node id="21279" lat="42.99424273805" lon="-78.79664868822">
    <tag k="local_x" v="-338.760585" />
    <tag k="local_y" v="180.498099" />
    <tag k="ele" v="0" />
  </node>
  <node id="21280" lat="42.99424278466" lon="-78.79663642727">
    <tag k="local_x" v="-337.760722" />
    <tag k="local_y" v="180.503229" />
    <tag k="ele" v="0" />
  </node>
  <node id="21281" lat="42.99424283127" lon="-78.79662416633">
    <tag k="local_x" v="-336.760860" />
    <tag k="local_y" v="180.508358" />
    <tag k="ele" v="0" />
  </node>
  <node id="21282" lat="42.99424287788" lon="-78.79661190539">
    <tag k="local_x" v="-335.760997" />
    <tag k="local_y" v="180.513487" />
    <tag k="ele" v="0" />
  </node>
  <node id="21283" lat="42.99424290780" lon="-78.79659964435">
    <tag k="local_x" v="-334.761126" />
    <tag k="local_y" v="180.516761" />
    <tag k="ele" v="0" />
  </node>
  <node id="21284" lat="42.99424295432" lon="-78.79658738340">
    <tag k="local_x" v="-333.761263" />
    <tag k="local_y" v="180.521881" />
    <tag k="ele" v="0" />
  </node>
  <node id="21285" lat="42.99424300084" lon="-78.79657512246">
    <tag k="local_x" v="-332.761401" />
    <tag k="local_y" v="180.527000" />
    <tag k="ele" v="0" />
  </node>
  <node id="21286" lat="42.99424304736" lon="-78.79656286151">
    <tag k="local_x" v="-331.761538" />
    <tag k="local_y" v="180.532120" />
    <tag k="ele" v="0" />
  </node>
  <node id="21287" lat="42.99424309388" lon="-78.79655060057">
    <tag k="local_x" v="-330.761675" />
    <tag k="local_y" v="180.537239" />
    <tag k="ele" v="0" />
  </node>
  <node id="21288" lat="42.99424314040" lon="-78.79653833963">
    <tag k="local_x" v="-329.761812" />
    <tag k="local_y" v="180.542359" />
    <tag k="ele" v="0" />
  </node>
  <node id="21289" lat="42.99424318691" lon="-78.79652607868">
    <tag k="local_x" v="-328.761949" />
    <tag k="local_y" v="180.547478" />
    <tag k="ele" v="0" />
  </node>
  <node id="21290" lat="42.99424323344" lon="-78.79651381774">
    <tag k="local_x" v="-327.762086" />
    <tag k="local_y" v="180.552600" />
    <tag k="ele" v="0" />
  </node>
  <node id="21291" lat="42.99424327988" lon="-78.79650155679">
    <tag k="local_x" v="-326.762223" />
    <tag k="local_y" v="180.557711" />
    <tag k="ele" v="0" />
  </node>
  <node id="21292" lat="42.99424332645" lon="-78.79648929585">
    <tag k="local_x" v="-325.762361" />
    <tag k="local_y" v="180.562837" />
    <tag k="ele" v="0" />
  </node>
  <node id="21293" lat="42.99424337289" lon="-78.79647703490">
    <tag k="local_x" v="-324.762498" />
    <tag k="local_y" v="180.567948" />
    <tag k="ele" v="0" />
  </node>
  <node id="21294" lat="42.99424341946" lon="-78.79646477396">
    <tag k="local_x" v="-323.762635" />
    <tag k="local_y" v="180.573074" />
    <tag k="ele" v="0" />
  </node>
  <node id="21295" lat="42.99424346589" lon="-78.79645251301">
    <tag k="local_x" v="-322.762772" />
    <tag k="local_y" v="180.578185" />
    <tag k="ele" v="0" />
  </node>
  <node id="21296" lat="42.99424351246" lon="-78.79644025207">
    <tag k="local_x" v="-321.762909" />
    <tag k="local_y" v="180.583312" />
    <tag k="ele" v="0" />
  </node>
  <node id="21297" lat="42.99424355889" lon="-78.79642799112">
    <tag k="local_x" v="-320.763046" />
    <tag k="local_y" v="180.588423" />
    <tag k="ele" v="0" />
  </node>
  <node id="21298" lat="42.99424360545" lon="-78.79641573018">
    <tag k="local_x" v="-319.763183" />
    <tag k="local_y" v="180.593549" />
    <tag k="ele" v="0" />
  </node>
  <node id="21299" lat="42.99424365196" lon="-78.79640346924">
    <tag k="local_x" v="-318.763321" />
    <tag k="local_y" v="180.598669" />
    <tag k="ele" v="0" />
  </node>
  <node id="21300" lat="42.99424369846" lon="-78.79639120829">
    <tag k="local_x" v="-317.763458" />
    <tag k="local_y" v="180.603788" />
    <tag k="ele" v="0" />
  </node>
  <node id="21301" lat="42.99414083062" lon="-78.79629498275">
    <tag k="local_x" v="-309.916918" />
    <tag k="local_y" v="169.175571" />
    <tag k="ele" v="0" />
  </node>
  <node id="21302" lat="42.99414955807" lon="-78.79629691113">
    <tag k="local_x" v="-310.074132" />
    <tag k="local_y" v="170.145133" />
    <tag k="ele" v="0" />
  </node>
  <node id="21303" lat="42.99415809242" lon="-78.79630005387">
    <tag k="local_x" v="-310.330375" />
    <tag k="local_y" v="171.093248" />
    <tag k="ele" v="0" />
  </node>
  <node id="21304" lat="42.99416633158" lon="-78.79630441838">
    <tag k="local_x" v="-310.686254" />
    <tag k="local_y" v="172.008574" />
    <tag k="ele" v="0" />
  </node>
  <node id="21305" lat="42.99417416383" lon="-78.79631000162">
    <tag k="local_x" v="-311.141520" />
    <tag k="local_y" v="172.878700" />
    <tag k="ele" v="0" />
  </node>
  <node id="21306" lat="42.99418146523" lon="-78.79631678934">
    <tag k="local_x" v="-311.695012" />
    <tag k="local_y" v="173.689856" />
    <tag k="ele" v="0" />
  </node>
  <node id="21307" lat="42.99418809645" lon="-78.79632475197">
    <tag k="local_x" v="-312.344321" />
    <tag k="local_y" v="174.426566" />
    <tag k="ele" v="0" />
  </node>
  <node id="21308" lat="42.99419388227" lon="-78.79633385508">
    <tag k="local_x" v="-313.086637" />
    <tag k="local_y" v="175.069362" />
    <tag k="ele" v="0" />
  </node>
  <node id="21309" lat="42.99419863251" lon="-78.79634400606">
    <tag k="local_x" v="-313.914412" />
    <tag k="local_y" v="175.597117" />
    <tag k="ele" v="0" />
  </node>
  <node id="21310" lat="42.99420218502" lon="-78.79635502444">
    <tag k="local_x" v="-314.812928" />
    <tag k="local_y" v="175.991816" />
    <tag k="ele" v="0" />
  </node>
  <node id="21311" lat="42.99420438037" lon="-78.79636668028">
    <tag k="local_x" v="-315.763435" />
    <tag k="local_y" v="176.235746" />
    <tag k="ele" v="0" />
  </node>
  <node id="21312" lat="42.99414508321" lon="-78.79625195357">
    <tag k="local_x" v="-306.407923" />
    <tag k="local_y" v="169.647844" />
    <tag k="ele" v="0" />
  </node>
  <node id="21313" lat="42.99415379667" lon="-78.79625331986">
    <tag k="local_x" v="-306.519299" />
    <tag k="local_y" v="170.615850" />
    <tag k="ele" v="0" />
  </node>
  <node id="21314" lat="42.99416242278" lon="-78.79625548267">
    <tag k="local_x" v="-306.695630" />
    <tag k="local_y" v="171.574155" />
    <tag k="ele" v="0" />
  </node>
  <node id="21315" lat="42.99417091388" lon="-78.79625847838">
    <tag k="local_x" v="-306.939885" />
    <tag k="local_y" v="172.517465" />
    <tag k="ele" v="0" />
  </node>
  <node id="21316" lat="42.99417920588" lon="-78.79626237436">
    <tag k="local_x" v="-307.257555" />
    <tag k="local_y" v="173.438659" />
    <tag k="ele" v="0" />
  </node>
  <node id="21317" lat="42.99418727699" lon="-78.79626705083">
    <tag k="local_x" v="-307.638874" />
    <tag k="local_y" v="174.335317" />
    <tag k="ele" v="0" />
  </node>
  <node id="21318" lat="42.99419506652" lon="-78.79627254193">
    <tag k="local_x" v="-308.086628" />
    <tag k="local_y" v="175.200697" />
    <tag k="ele" v="0" />
  </node>
  <node id="21319" lat="42.99420249200" lon="-78.79627890118">
    <tag k="local_x" v="-308.605179" />
    <tag k="local_y" v="176.025636" />
    <tag k="ele" v="0" />
  </node>
  <node id="21320" lat="42.99420954906" lon="-78.79628599599">
    <tag k="local_x" v="-309.183715" />
    <tag k="local_y" v="176.809649" />
    <tag k="ele" v="0" />
  </node>
  <node id="21321" lat="42.99421611268" lon="-78.79629391934">
    <tag k="local_x" v="-309.829820" />
    <tag k="local_y" v="177.538849" />
    <tag k="ele" v="0" />
  </node>
  <node id="21322" lat="42.99422216285" lon="-78.79630256839">
    <tag k="local_x" v="-310.535108" />
    <tag k="local_y" v="178.211009" />
    <tag k="ele" v="0" />
  </node>
  <node id="21323" lat="42.99422761240" lon="-78.79631192680">
    <tag k="local_x" v="-311.298246" />
    <tag k="local_y" v="178.816449" />
    <tag k="ele" v="0" />
  </node>
  <node id="21324" lat="42.99423236963" lon="-78.79632196271">
    <tag k="local_x" v="-312.116636" />
    <tag k="local_y" v="179.344979" />
    <tag k="ele" v="0" />
  </node>
  <node id="21325" lat="42.99423640432" lon="-78.79633256747">
    <tag k="local_x" v="-312.981419" />
    <tag k="local_y" v="179.793243" />
    <tag k="ele" v="0" />
  </node>
  <node id="21326" lat="42.99423957447" lon="-78.79634370518">
    <tag k="local_x" v="-313.889667" />
    <tag k="local_y" v="180.145465" />
    <tag k="ele" v="0" />
  </node>
  <node id="21327" lat="42.99424191468" lon="-78.79635521590">
    <tag k="local_x" v="-314.828338" />
    <tag k="local_y" v="180.405488" />
    <tag k="ele" v="0" />
  </node>
  <node id="21328" lat="42.99424325885" lon="-78.79636701988">
    <tag k="local_x" v="-315.790929" />
    <tag k="local_y" v="180.554860" />
    <tag k="ele" v="0" />
  </node>
  <node id="21329" lat="42.99260281879" lon="-78.79620553238">
    <tag k="local_x" v="-302.629902" />
    <tag k="local_y" v="-1.686499" />
    <tag k="ele" v="0" />
  </node>
  <node id="21330" lat="42.99260569629" lon="-78.79621698766">
    <tag k="local_x" v="-303.564074" />
    <tag k="local_y" v="-1.366788" />
    <tag k="ele" v="0" />
  </node>
  <node id="21331" lat="42.99261011761" lon="-78.79622749487">
    <tag k="local_x" v="-304.420924" />
    <tag k="local_y" v="-0.875575" />
    <tag k="ele" v="0" />
  </node>
  <node id="21332" lat="42.99261575963" lon="-78.79623686719">
    <tag k="local_x" v="-305.185215" />
    <tag k="local_y" v="-0.248755" />
    <tag k="ele" v="0" />
  </node>
  <node id="21333" lat="42.99262232799" lon="-78.79624505671">
    <tag k="local_x" v="-305.853044" />
    <tag k="local_y" v="0.480972" />
    <tag k="ele" v="0" />
  </node>
  <node id="21334" lat="42.99262958602" lon="-78.79625209323">
    <tag k="local_x" v="-306.426841" />
    <tag k="local_y" v="1.287310" />
    <tag k="ele" v="0" />
  </node>
  <node id="21335" lat="42.99263735425" lon="-78.79625803853">
    <tag k="local_x" v="-306.911646" />
    <tag k="local_y" v="2.150325" />
    <tag k="ele" v="0" />
  </node>
  <node id="21336" lat="42.99264549911" lon="-78.79626296107">
    <tag k="local_x" v="-307.313042" />
    <tag k="local_y" v="3.055177" />
    <tag k="ele" v="0" />
  </node>
  <node id="21337" lat="42.99265392049" lon="-78.79626692476">
    <tag k="local_x" v="-307.636242" />
    <tag k="local_y" v="3.990744" />
    <tag k="ele" v="0" />
  </node>
  <node id="21338" lat="42.99266254177" lon="-78.79626998575">
    <tag k="local_x" v="-307.885824" />
    <tag k="local_y" v="4.948515" />
    <tag k="ele" v="0" />
  </node>
  <node id="21339" lat="42.99267130286" lon="-78.79627219267">
    <tag k="local_x" v="-308.065757" />
    <tag k="local_y" v="5.921816" />
    <tag k="ele" v="0" />
  </node>
  <node id="21340" lat="42.99268015565" lon="-78.79627358834">
    <tag k="local_x" v="-308.179530" />
    <tag k="local_y" v="6.905300" />
    <tag k="ele" v="0" />
  </node>
  <node id="21341" lat="42.99265223440" lon="-78.79620536113">
    <tag k="local_x" v="-302.615694" />
    <tag k="local_y" v="3.803208" />
    <tag k="ele" v="0" />
  </node>
  <node id="21342" lat="42.99265600675" lon="-78.79621565969">
    <tag k="local_x" v="-303.455530" />
    <tag k="local_y" v="4.222325" />
    <tag k="ele" v="0" />
  </node>
  <node id="21343" lat="42.99266193858" lon="-78.79622386755">
    <tag k="local_x" v="-304.124857" />
    <tag k="local_y" v="4.881338" />
    <tag k="ele" v="0" />
  </node>
  <node id="21344" lat="42.99266943868" lon="-78.79622916666">
    <tag k="local_x" v="-304.556967" />
    <tag k="local_y" v="5.714563" />
    <tag k="ele" v="0" />
  </node>
  <node id="21345" lat="42.99260736548" lon="-78.79483423152">
    <tag k="local_x" v="-190.799276" />
    <tag k="local_y" v="-1.185422" />
    <tag k="ele" v="0" />
  </node>
  <node id="21346" lat="42.99260731422" lon="-78.79484643654">
    <tag k="local_x" v="-191.794605" />
    <tag k="local_y" v="-1.191089" />
    <tag k="ele" v="0" />
  </node>
  <node id="21347" lat="42.99260726295" lon="-78.79485864156">
    <tag k="local_x" v="-192.789934" />
    <tag k="local_y" v="-1.196757" />
    <tag k="ele" v="0" />
  </node>
  <node id="21348" lat="42.99260721168" lon="-78.79487084659">
    <tag k="local_x" v="-193.785262" />
    <tag k="local_y" v="-1.202424" />
    <tag k="ele" v="0" />
  </node>
  <node id="21349" lat="42.99260716048" lon="-78.79488305161">
    <tag k="local_x" v="-194.780591" />
    <tag k="local_y" v="-1.208084" />
    <tag k="ele" v="0" />
  </node>
  <node id="21350" lat="42.99260710970" lon="-78.79489525663">
    <tag k="local_x" v="-195.775920" />
    <tag k="local_y" v="-1.213697" />
    <tag k="ele" v="0" />
  </node>
  <node id="21351" lat="42.99260706091" lon="-78.79490746167">
    <tag k="local_x" v="-196.771250" />
    <tag k="local_y" v="-1.219088" />
    <tag k="ele" v="0" />
  </node>
  <node id="21352" lat="42.99260701212" lon="-78.79491966671">
    <tag k="local_x" v="-197.766581" />
    <tag k="local_y" v="-1.224480" />
    <tag k="ele" v="0" />
  </node>
  <node id="21353" lat="42.99260696334" lon="-78.79493187175">
    <tag k="local_x" v="-198.761911" />
    <tag k="local_y" v="-1.229871" />
    <tag k="ele" v="0" />
  </node>
  <node id="21354" lat="42.99260691455" lon="-78.79494407679">
    <tag k="local_x" v="-199.757241" />
    <tag k="local_y" v="-1.235262" />
    <tag k="ele" v="0" />
  </node>
  <node id="21355" lat="42.99260686575" lon="-78.79495628183">
    <tag k="local_x" v="-200.752571" />
    <tag k="local_y" v="-1.240654" />
    <tag k="ele" v="0" />
  </node>
  <node id="21356" lat="42.99260681696" lon="-78.79496848687">
    <tag k="local_x" v="-201.747901" />
    <tag k="local_y" v="-1.246045" />
    <tag k="ele" v="0" />
  </node>
  <node id="21357" lat="42.99260676817" lon="-78.79498069191">
    <tag k="local_x" v="-202.743232" />
    <tag k="local_y" v="-1.251436" />
    <tag k="ele" v="0" />
  </node>
  <node id="21358" lat="42.99260671937" lon="-78.79499289695">
    <tag k="local_x" v="-203.738562" />
    <tag k="local_y" v="-1.256827" />
    <tag k="ele" v="0" />
  </node>
  <node id="21359" lat="42.99260667058" lon="-78.79500510199">
    <tag k="local_x" v="-204.733892" />
    <tag k="local_y" v="-1.262219" />
    <tag k="ele" v="0" />
  </node>
  <node id="21360" lat="42.99260662178" lon="-78.79501730703">
    <tag k="local_x" v="-205.729222" />
    <tag k="local_y" v="-1.267610" />
    <tag k="ele" v="0" />
  </node>
  <node id="21361" lat="42.99260657298" lon="-78.79502951207">
    <tag k="local_x" v="-206.724553" />
    <tag k="local_y" v="-1.273001" />
    <tag k="ele" v="0" />
  </node>
  <node id="21362" lat="42.99260652418" lon="-78.79504171711">
    <tag k="local_x" v="-207.719883" />
    <tag k="local_y" v="-1.278393" />
    <tag k="ele" v="0" />
  </node>
  <node id="21363" lat="42.99260647537" lon="-78.79505392215">
    <tag k="local_x" v="-208.715213" />
    <tag k="local_y" v="-1.283784" />
    <tag k="ele" v="0" />
  </node>
  <node id="21364" lat="42.99260642657" lon="-78.79506612719">
    <tag k="local_x" v="-209.710543" />
    <tag k="local_y" v="-1.289175" />
    <tag k="ele" v="0" />
  </node>
  <node id="21365" lat="42.99260637777" lon="-78.79507833223">
    <tag k="local_x" v="-210.705874" />
    <tag k="local_y" v="-1.294566" />
    <tag k="ele" v="0" />
  </node>
  <node id="21366" lat="42.99260632896" lon="-78.79509053727">
    <tag k="local_x" v="-211.701204" />
    <tag k="local_y" v="-1.299958" />
    <tag k="ele" v="0" />
  </node>
  <node id="21367" lat="42.99260628015" lon="-78.79510274231">
    <tag k="local_x" v="-212.696534" />
    <tag k="local_y" v="-1.305349" />
    <tag k="ele" v="0" />
  </node>
  <node id="21368" lat="42.99260623135" lon="-78.79511494735">
    <tag k="local_x" v="-213.691864" />
    <tag k="local_y" v="-1.310740" />
    <tag k="ele" v="0" />
  </node>
  <node id="21369" lat="42.99260618254" lon="-78.79512715239">
    <tag k="local_x" v="-214.687194" />
    <tag k="local_y" v="-1.316132" />
    <tag k="ele" v="0" />
  </node>
  <node id="21370" lat="42.99260613373" lon="-78.79513935743">
    <tag k="local_x" v="-215.682525" />
    <tag k="local_y" v="-1.321523" />
    <tag k="ele" v="0" />
  </node>
  <node id="21371" lat="42.99260608491" lon="-78.79515156247">
    <tag k="local_x" v="-216.677855" />
    <tag k="local_y" v="-1.326914" />
    <tag k="ele" v="0" />
  </node>
  <node id="21372" lat="42.99260603610" lon="-78.79516376751">
    <tag k="local_x" v="-217.673185" />
    <tag k="local_y" v="-1.332305" />
    <tag k="ele" v="0" />
  </node>
  <node id="21373" lat="42.99260598729" lon="-78.79517597255">
    <tag k="local_x" v="-218.668515" />
    <tag k="local_y" v="-1.337697" />
    <tag k="ele" v="0" />
  </node>
  <node id="21374" lat="42.99260593847" lon="-78.79518817758">
    <tag k="local_x" v="-219.663846" />
    <tag k="local_y" v="-1.343088" />
    <tag k="ele" v="0" />
  </node>
  <node id="21375" lat="42.99260588965" lon="-78.79520038262">
    <tag k="local_x" v="-220.659176" />
    <tag k="local_y" v="-1.348479" />
    <tag k="ele" v="0" />
  </node>
  <node id="21376" lat="42.99260583805" lon="-78.79521258764">
    <tag k="local_x" v="-221.654504" />
    <tag k="local_y" v="-1.354180" />
    <tag k="ele" v="0" />
  </node>
  <node id="21377" lat="42.99260577802" lon="-78.79522479259">
    <tag k="local_x" v="-222.649827" />
    <tag k="local_y" v="-1.360816" />
    <tag k="ele" v="0" />
  </node>
  <node id="21378" lat="42.99260572711" lon="-78.79523699761">
    <tag k="local_x" v="-223.645156" />
    <tag k="local_y" v="-1.366440" />
    <tag k="ele" v="0" />
  </node>
  <node id="21379" lat="42.99260567619" lon="-78.79524920263">
    <tag k="local_x" v="-224.640485" />
    <tag k="local_y" v="-1.372064" />
    <tag k="ele" v="0" />
  </node>
  <node id="21380" lat="42.99260562527" lon="-78.79526140766">
    <tag k="local_x" v="-225.635814" />
    <tag k="local_y" v="-1.377688" />
    <tag k="ele" v="0" />
  </node>
  <node id="21381" lat="42.99260557435" lon="-78.79527361268">
    <tag k="local_x" v="-226.631143" />
    <tag k="local_y" v="-1.383312" />
    <tag k="ele" v="0" />
  </node>
  <node id="21382" lat="42.99260552343" lon="-78.79528581770">
    <tag k="local_x" v="-227.626472" />
    <tag k="local_y" v="-1.388936" />
    <tag k="ele" v="0" />
  </node>
  <node id="21383" lat="42.99260547250" lon="-78.79529802273">
    <tag k="local_x" v="-228.621801" />
    <tag k="local_y" v="-1.394560" />
    <tag k="ele" v="0" />
  </node>
  <node id="21384" lat="42.99265651022" lon="-78.79483738784">
    <tag k="local_x" v="-191.056524" />
    <tag k="local_y" v="4.274201" />
    <tag k="ele" v="0" />
  </node>
  <node id="21385" lat="42.99265645925" lon="-78.79484952168">
    <tag k="local_x" v="-192.046047" />
    <tag k="local_y" v="4.268567" />
    <tag k="ele" v="0" />
  </node>
  <node id="21386" lat="42.99265640828" lon="-78.79486165552">
    <tag k="local_x" v="-193.035570" />
    <tag k="local_y" v="4.262933" />
    <tag k="ele" v="0" />
  </node>
  <node id="21387" lat="42.99265635732" lon="-78.79487378936">
    <tag k="local_x" v="-194.025093" />
    <tag k="local_y" v="4.257299" />
    <tag k="ele" v="0" />
  </node>
  <node id="21388" lat="42.99265630646" lon="-78.79488592320">
    <tag k="local_x" v="-195.014616" />
    <tag k="local_y" v="4.251677" />
    <tag k="ele" v="0" />
  </node>
  <node id="21389" lat="42.99265625604" lon="-78.79489805704">
    <tag k="local_x" v="-196.004139" />
    <tag k="local_y" v="4.246104" />
    <tag k="ele" v="0" />
  </node>
  <node id="21390" lat="42.99265620744" lon="-78.79491019090">
    <tag k="local_x" v="-196.993664" />
    <tag k="local_y" v="4.240733" />
    <tag k="ele" v="0" />
  </node>
  <node id="21391" lat="42.99265615895" lon="-78.79492232475">
    <tag k="local_x" v="-197.983188" />
    <tag k="local_y" v="4.235375" />
    <tag k="ele" v="0" />
  </node>
  <node id="21392" lat="42.99265611046" lon="-78.79493445861">
    <tag k="local_x" v="-198.972713" />
    <tag k="local_y" v="4.230017" />
    <tag k="ele" v="0" />
  </node>
  <node id="21393" lat="42.99265606197" lon="-78.79494659247">
    <tag k="local_x" v="-199.962237" />
    <tag k="local_y" v="4.224659" />
    <tag k="ele" v="0" />
  </node>
  <node id="21394" lat="42.99265601348" lon="-78.79495872633">
    <tag k="local_x" v="-200.951762" />
    <tag k="local_y" v="4.219301" />
    <tag k="ele" v="0" />
  </node>
  <node id="21395" lat="42.99265596499" lon="-78.79497086019">
    <tag k="local_x" v="-201.941286" />
    <tag k="local_y" v="4.213942" />
    <tag k="ele" v="0" />
  </node>
  <node id="21396" lat="42.99265591649" lon="-78.79498299404">
    <tag k="local_x" v="-202.930811" />
    <tag k="local_y" v="4.208584" />
    <tag k="ele" v="0" />
  </node>
  <node id="21397" lat="42.99265586800" lon="-78.79499512790">
    <tag k="local_x" v="-203.920335" />
    <tag k="local_y" v="4.203226" />
    <tag k="ele" v="0" />
  </node>
  <node id="21398" lat="42.99265581950" lon="-78.79500726176">
    <tag k="local_x" v="-204.909860" />
    <tag k="local_y" v="4.197868" />
    <tag k="ele" v="0" />
  </node>
  <node id="21399" lat="42.99265577100" lon="-78.79501939562">
    <tag k="local_x" v="-205.899384" />
    <tag k="local_y" v="4.192510" />
    <tag k="ele" v="0" />
  </node>
  <node id="21400" lat="42.99265572250" lon="-78.79503152948">
    <tag k="local_x" v="-206.888909" />
    <tag k="local_y" v="4.187151" />
    <tag k="ele" v="0" />
  </node>
  <node id="21401" lat="42.99265567400" lon="-78.79504366333">
    <tag k="local_x" v="-207.878433" />
    <tag k="local_y" v="4.181793" />
    <tag k="ele" v="0" />
  </node>
  <node id="21402" lat="42.99265562549" lon="-78.79505579719">
    <tag k="local_x" v="-208.867958" />
    <tag k="local_y" v="4.176435" />
    <tag k="ele" v="0" />
  </node>
  <node id="21403" lat="42.99265557699" lon="-78.79506793105">
    <tag k="local_x" v="-209.857482" />
    <tag k="local_y" v="4.171077" />
    <tag k="ele" v="0" />
  </node>
  <node id="21404" lat="42.99265552848" lon="-78.79508006491">
    <tag k="local_x" v="-210.847007" />
    <tag k="local_y" v="4.165718" />
    <tag k="ele" v="0" />
  </node>
  <node id="21405" lat="42.99265547998" lon="-78.79509219877">
    <tag k="local_x" v="-211.836531" />
    <tag k="local_y" v="4.160360" />
    <tag k="ele" v="0" />
  </node>
  <node id="21406" lat="42.99265543147" lon="-78.79510433262">
    <tag k="local_x" v="-212.826056" />
    <tag k="local_y" v="4.155002" />
    <tag k="ele" v="0" />
  </node>
  <node id="21407" lat="42.99265538296" lon="-78.79511646648">
    <tag k="local_x" v="-213.815580" />
    <tag k="local_y" v="4.149644" />
    <tag k="ele" v="0" />
  </node>
  <node id="21408" lat="42.99265533445" lon="-78.79512860034">
    <tag k="local_x" v="-214.805105" />
    <tag k="local_y" v="4.144286" />
    <tag k="ele" v="0" />
  </node>
  <node id="21409" lat="42.99265528594" lon="-78.79514073420">
    <tag k="local_x" v="-215.794629" />
    <tag k="local_y" v="4.138927" />
    <tag k="ele" v="0" />
  </node>
  <node id="21410" lat="42.99265523743" lon="-78.79515286805">
    <tag k="local_x" v="-216.784154" />
    <tag k="local_y" v="4.133569" />
    <tag k="ele" v="0" />
  </node>
  <node id="21411" lat="42.99265518891" lon="-78.79516500191">
    <tag k="local_x" v="-217.773678" />
    <tag k="local_y" v="4.128211" />
    <tag k="ele" v="0" />
  </node>
  <node id="21412" lat="42.99265514040" lon="-78.79517713577">
    <tag k="local_x" v="-218.763203" />
    <tag k="local_y" v="4.122853" />
    <tag k="ele" v="0" />
  </node>
  <node id="21413" lat="42.99265509188" lon="-78.79518926963">
    <tag k="local_x" v="-219.752727" />
    <tag k="local_y" v="4.117495" />
    <tag k="ele" v="0" />
  </node>
  <node id="21414" lat="42.99265504336" lon="-78.79520140348">
    <tag k="local_x" v="-220.742252" />
    <tag k="local_y" v="4.112136" />
    <tag k="ele" v="0" />
  </node>
  <node id="21415" lat="42.99265499028" lon="-78.79521353731">
    <tag k="local_x" v="-221.731773" />
    <tag k="local_y" v="4.106272" />
    <tag k="ele" v="0" />
  </node>
  <node id="21416" lat="42.99265493393" lon="-78.79522567110">
    <tag k="local_x" v="-222.721293" />
    <tag k="local_y" v="4.100044" />
    <tag k="ele" v="0" />
  </node>
  <node id="21417" lat="42.99265488171" lon="-78.79523780493">
    <tag k="local_x" v="-223.710815" />
    <tag k="local_y" v="4.094275" />
    <tag k="ele" v="0" />
  </node>
  <node id="21418" lat="42.99265483109" lon="-78.79524993877">
    <tag k="local_x" v="-224.700338" />
    <tag k="local_y" v="4.088684" />
    <tag k="ele" v="0" />
  </node>
  <node id="21419" lat="42.99265478047" lon="-78.79526207261">
    <tag k="local_x" v="-225.689861" />
    <tag k="local_y" v="4.083093" />
    <tag k="ele" v="0" />
  </node>
  <node id="21420" lat="42.99265472985" lon="-78.79527420645">
    <tag k="local_x" v="-226.679385" />
    <tag k="local_y" v="4.077502" />
    <tag k="ele" v="0" />
  </node>
  <node id="21421" lat="42.99265467923" lon="-78.79528634030">
    <tag k="local_x" v="-227.668908" />
    <tag k="local_y" v="4.071911" />
    <tag k="ele" v="0" />
  </node>
  <node id="21422" lat="42.99265462861" lon="-78.79529847414">
    <tag k="local_x" v="-228.658431" />
    <tag k="local_y" v="4.066320" />
    <tag k="ele" v="0" />
  </node>
  <node id="21423" lat="42.99260736661" lon="-78.79483408369">
    <tag k="local_x" v="-190.787220" />
    <tag k="local_y" v="-1.185296" />
    <tag k="ele" v="0" />
  </node>
  <node id="21424" lat="42.99260731648" lon="-78.79484614088">
    <tag k="local_x" v="-191.770493" />
    <tag k="local_y" v="-1.190838" />
    <tag k="ele" v="0" />
  </node>
  <node id="21425" lat="42.99260726635" lon="-78.79485819807">
    <tag k="local_x" v="-192.753766" />
    <tag k="local_y" v="-1.196380" />
    <tag k="ele" v="0" />
  </node>
  <node id="21426" lat="42.99260721621" lon="-78.79487025525">
    <tag k="local_x" v="-193.737039" />
    <tag k="local_y" v="-1.201922" />
    <tag k="ele" v="0" />
  </node>
  <node id="21427" lat="42.99260716607" lon="-78.79488231244">
    <tag k="local_x" v="-194.720312" />
    <tag k="local_y" v="-1.207464" />
    <tag k="ele" v="0" />
  </node>
  <node id="21428" lat="42.99260711594" lon="-78.79489436963">
    <tag k="local_x" v="-195.703584" />
    <tag k="local_y" v="-1.213006" />
    <tag k="ele" v="0" />
  </node>
  <node id="21429" lat="42.99260706580" lon="-78.79490642682">
    <tag k="local_x" v="-196.686857" />
    <tag k="local_y" v="-1.218548" />
    <tag k="ele" v="0" />
  </node>
  <node id="21430" lat="42.99260701574" lon="-78.79491848401">
    <tag k="local_x" v="-197.670130" />
    <tag k="local_y" v="-1.224080" />
    <tag k="ele" v="0" />
  </node>
  <node id="21431" lat="42.99260696581" lon="-78.79493054120">
    <tag k="local_x" v="-198.653403" />
    <tag k="local_y" v="-1.229599" />
    <tag k="ele" v="0" />
  </node>
  <node id="21432" lat="42.99260691675" lon="-78.79494259839">
    <tag k="local_x" v="-199.636677" />
    <tag k="local_y" v="-1.235021" />
    <tag k="ele" v="0" />
  </node>
  <node id="21433" lat="42.99260686789" lon="-78.79495465559">
    <tag k="local_x" v="-200.619950" />
    <tag k="local_y" v="-1.240421" />
    <tag k="ele" v="0" />
  </node>
  <node id="21434" lat="42.99260681941" lon="-78.79496671279">
    <tag k="local_x" v="-201.603224" />
    <tag k="local_y" v="-1.245777" />
    <tag k="ele" v="0" />
  </node>
  <node id="21435" lat="42.99260677094" lon="-78.79497876999">
    <tag k="local_x" v="-202.586498" />
    <tag k="local_y" v="-1.251133" />
    <tag k="ele" v="0" />
  </node>
  <node id="21436" lat="42.99260672247" lon="-78.79499082719">
    <tag k="local_x" v="-203.569772" />
    <tag k="local_y" v="-1.256489" />
    <tag k="ele" v="0" />
  </node>
  <node id="21437" lat="42.99260667399" lon="-78.79500288439">
    <tag k="local_x" v="-204.553046" />
    <tag k="local_y" v="-1.261845" />
    <tag k="ele" v="0" />
  </node>
  <node id="21438" lat="42.99260657714" lon="-78.79502716014">
    <tag k="local_x" v="-206.532751" />
    <tag k="local_y" v="-1.272545" />
    <tag k="ele" v="0" />
  </node>
  <node id="21439" lat="42.99260652876" lon="-78.79503937868">
    <tag k="local_x" v="-207.529182" />
    <tag k="local_y" v="-1.277889" />
    <tag k="ele" v="0" />
  </node>
  <node id="21440" lat="42.99260648039" lon="-78.79505159723">
    <tag k="local_x" v="-208.525614" />
    <tag k="local_y" v="-1.283233" />
    <tag k="ele" v="0" />
  </node>
  <node id="21441" lat="42.99260643201" lon="-78.79506381577">
    <tag k="local_x" v="-209.522045" />
    <tag k="local_y" v="-1.288577" />
    <tag k="ele" v="0" />
  </node>
  <node id="21442" lat="42.99260638363" lon="-78.79507603431">
    <tag k="local_x" v="-210.518477" />
    <tag k="local_y" v="-1.293921" />
    <tag k="ele" v="0" />
  </node>
  <node id="21443" lat="42.99260633525" lon="-78.79508825286">
    <tag k="local_x" v="-211.514908" />
    <tag k="local_y" v="-1.299265" />
    <tag k="ele" v="0" />
  </node>
  <node id="21444" lat="42.99260628687" lon="-78.79510047140">
    <tag k="local_x" v="-212.511340" />
    <tag k="local_y" v="-1.304609" />
    <tag k="ele" v="0" />
  </node>
  <node id="21445" lat="42.99255800651" lon="-78.79488221615">
    <tag k="local_x" v="-194.712614" />
    <tag k="local_y" v="-6.668728" />
    <tag k="ele" v="0" />
  </node>
  <node id="21446" lat="42.99255795665" lon="-78.79489424926">
    <tag k="local_x" v="-195.693924" />
    <tag k="local_y" v="-6.674239" />
    <tag k="ele" v="0" />
  </node>
  <node id="21447" lat="42.99255790679" lon="-78.79490628237">
    <tag k="local_x" v="-196.675234" />
    <tag k="local_y" v="-6.679750" />
    <tag k="ele" v="0" />
  </node>
  <node id="21448" lat="42.99255785693" lon="-78.79491831548">
    <tag k="local_x" v="-197.656544" />
    <tag k="local_y" v="-6.685261" />
    <tag k="ele" v="0" />
  </node>
  <node id="21449" lat="42.99255780707" lon="-78.79493034859">
    <tag k="local_x" v="-198.637854" />
    <tag k="local_y" v="-6.690771" />
    <tag k="ele" v="0" />
  </node>
  <node id="21450" lat="42.99255775721" lon="-78.79494238170">
    <tag k="local_x" v="-199.619164" />
    <tag k="local_y" v="-6.696282" />
    <tag k="ele" v="0" />
  </node>
  <node id="21451" lat="42.99255770761" lon="-78.79495441482">
    <tag k="local_x" v="-200.600475" />
    <tag k="local_y" v="-6.701764" />
    <tag k="ele" v="0" />
  </node>
  <node id="21452" lat="42.99255765958" lon="-78.79496644794">
    <tag k="local_x" v="-201.581786" />
    <tag k="local_y" v="-6.707071" />
    <tag k="ele" v="0" />
  </node>
  <node id="21453" lat="42.99255761195" lon="-78.79497848107">
    <tag k="local_x" v="-202.563097" />
    <tag k="local_y" v="-6.712333" />
    <tag k="ele" v="0" />
  </node>
  <node id="21454" lat="42.99255756431" lon="-78.79499051419">
    <tag k="local_x" v="-203.544409" />
    <tag k="local_y" v="-6.717596" />
    <tag k="ele" v="0" />
  </node>
  <node id="21455" lat="42.99255751667" lon="-78.79500254732">
    <tag k="local_x" v="-204.525720" />
    <tag k="local_y" v="-6.722859" />
    <tag k="ele" v="0" />
  </node>
  <node id="21456" lat="42.99255742066" lon="-78.79502679898">
    <tag k="local_x" v="-206.503463" />
    <tag k="local_y" v="-6.733466" />
    <tag k="ele" v="0" />
  </node>
  <node id="21457" lat="42.99255737228" lon="-78.79503901752">
    <tag k="local_x" v="-207.499894" />
    <tag k="local_y" v="-6.738810" />
    <tag k="ele" v="0" />
  </node>
  <node id="21458" lat="42.99255732391" lon="-78.79505123605">
    <tag k="local_x" v="-208.496326" />
    <tag k="local_y" v="-6.744154" />
    <tag k="ele" v="0" />
  </node>
  <node id="21459" lat="42.99255727553" lon="-78.79506345459">
    <tag k="local_x" v="-209.492757" />
    <tag k="local_y" v="-6.749499" />
    <tag k="ele" v="0" />
  </node>
  <node id="21460" lat="42.99255722715" lon="-78.79507567312">
    <tag k="local_x" v="-210.489189" />
    <tag k="local_y" v="-6.754842" />
    <tag k="ele" v="0" />
  </node>
  <node id="21461" lat="42.99255717877" lon="-78.79508789165">
    <tag k="local_x" v="-211.485620" />
    <tag k="local_y" v="-6.760186" />
    <tag k="ele" v="0" />
  </node>
  <node id="21462" lat="42.99255713039" lon="-78.79510011019">
    <tag k="local_x" v="-212.482052" />
    <tag k="local_y" v="-6.765530" />
    <tag k="ele" v="0" />
  </node>
  <node id="21463" lat="42.99260832008" lon="-78.79500340698">
    <tag k="local_x" v="-204.595657" />
    <tag k="local_y" v="-1.078975" />
    <tag k="ele" v="0" />
  </node>
  <node id="21464" lat="42.99261232963" lon="-78.79499297685">
    <tag k="local_x" v="-203.745060" />
    <tag k="local_y" v="-0.633569" />
    <tag k="ele" v="0" />
  </node>
  <node id="21465" lat="42.99261816386" lon="-78.79498425922">
    <tag k="local_x" v="-203.034111" />
    <tag k="local_y" v="0.014549" />
    <tag k="ele" v="0" />
  </node>
  <node id="21466" lat="42.99262506356" lon="-78.79497710829">
    <tag k="local_x" v="-202.450925" />
    <tag k="local_y" v="0.781038" />
    <tag k="ele" v="0" />
  </node>
  <node id="21467" lat="42.99263260080" lon="-78.79497126601">
    <tag k="local_x" v="-201.974458" />
    <tag k="local_y" v="1.618355" />
    <tag k="ele" v="0" />
  </node>
  <node id="21468" lat="42.99264056266" lon="-78.79496657539">
    <tag k="local_x" v="-201.591909" />
    <tag k="local_y" v="2.502848" />
    <tag k="ele" v="0" />
  </node>
  <node id="21469" lat="42.99264880999" lon="-78.79496290512">
    <tag k="local_x" v="-201.292568" />
    <tag k="local_y" v="3.419056" />
    <tag k="ele" v="0" />
  </node>
  <node id="21470" lat="42.99265724889" lon="-78.79496015271">
    <tag k="local_x" v="-201.068080" />
    <tag k="local_y" v="4.356549" />
    <tag k="ele" v="0" />
  </node>
  <node id="21471" lat="42.99266581316" lon="-78.79495823981">
    <tag k="local_x" v="-200.912054" />
    <tag k="local_y" v="5.307971" />
    <tag k="ele" v="0" />
  </node>
  <node id="21472" lat="42.99267445388" lon="-78.79495710619">
    <tag k="local_x" v="-200.819579" />
    <tag k="local_y" v="6.267889" />
    <tag k="ele" v="0" />
  </node>
  <node id="21473" lat="42.99255808818" lon="-78.79500248936">
    <tag k="local_x" v="-204.520991" />
    <tag k="local_y" v="-6.659369" />
    <tag k="ele" v="0" />
  </node>
  <node id="21474" lat="42.99255929893" lon="-78.79499050668">
    <tag k="local_x" v="-203.543790" />
    <tag k="local_y" v="-6.524892" />
    <tag k="ele" v="0" />
  </node>
  <node id="21475" lat="42.99256112695" lon="-78.79497865147">
    <tag k="local_x" v="-202.576982" />
    <tag k="local_y" v="-6.321842" />
    <tag k="ele" v="0" />
  </node>
  <node id="21476" lat="42.99256395518" lon="-78.79496715964">
    <tag k="local_x" v="-201.639805" />
    <tag k="local_y" v="-6.007674" />
    <tag k="ele" v="0" />
  </node>
  <node id="21477" lat="42.99256742606" lon="-78.79495602220">
    <tag k="local_x" v="-200.731526" />
    <tag k="local_y" v="-5.622112" />
    <tag k="ele" v="0" />
  </node>
  <node id="21478" lat="42.99257145156" lon="-78.79494522875">
    <tag k="local_x" v="-199.851299" />
    <tag k="local_y" v="-5.174934" />
    <tag k="ele" v="0" />
  </node>
  <node id="21479" lat="42.99257620971" lon="-78.79493498706">
    <tag k="local_x" v="-199.016066" />
    <tag k="local_y" v="-4.646363" />
    <tag k="ele" v="0" />
  </node>
  <node id="21480" lat="42.99258160546" lon="-78.79492536750">
    <tag k="local_x" v="-198.231566" />
    <tag k="local_y" v="-4.046959" />
    <tag k="ele" v="0" />
  </node>
  <node id="21481" lat="42.99258742998" lon="-78.79491622676">
    <tag k="local_x" v="-197.486113" />
    <tag k="local_y" v="-3.399919" />
    <tag k="ele" v="0" />
  </node>
  <node id="21482" lat="42.99259375059" lon="-78.79490769626">
    <tag k="local_x" v="-196.790424" />
    <tag k="local_y" v="-2.697766" />
    <tag k="ele" v="0" />
  </node>
  <node id="21483" lat="42.99260062414" lon="-78.79490001322">
    <tag k="local_x" v="-196.163844" />
    <tag k="local_y" v="-1.934183" />
    <tag k="ele" v="0" />
  </node>
  <node id="21484" lat="42.99260779669" lon="-78.79489286862">
    <tag k="local_x" v="-195.581173" />
    <tag k="local_y" v="-1.137383" />
    <tag k="ele" v="0" />
  </node>
  <node id="21485" lat="42.99261530460" lon="-78.79488636469">
    <tag k="local_x" v="-195.050750" />
    <tag k="local_y" v="-0.303325" />
    <tag k="ele" v="0" />
  </node>
  <node id="21486" lat="42.99262321981" lon="-78.79488084315">
    <tag k="local_x" v="-194.600439" />
    <tag k="local_y" v="0.575983" />
    <tag k="ele" v="0" />
  </node>
  <node id="21487" lat="42.99263132141" lon="-78.79487586971">
    <tag k="local_x" v="-194.194826" />
    <tag k="local_y" v="1.475999" />
    <tag k="ele" v="0" />
  </node>
  <node id="21488" lat="42.99263965424" lon="-78.79487162100">
    <tag k="local_x" v="-193.848314" />
    <tag k="local_y" v="2.401705" />
    <tag k="ele" v="0" />
  </node>
  <node id="21489" lat="42.99264821616" lon="-78.79486835853">
    <tag k="local_x" v="-193.582231" />
    <tag k="local_y" v="3.352863" />
    <tag k="ele" v="0" />
  </node>
  <node id="21490" lat="42.99265687311" lon="-78.79486561325">
    <tag k="local_x" v="-193.358324" />
    <tag k="local_y" v="4.314580" />
    <tag k="ele" v="0" />
  </node>
  <node id="21491" lat="42.99266566881" lon="-78.79486378601">
    <tag k="local_x" v="-193.209284" />
    <tag k="local_y" v="5.291713" />
    <tag k="ele" v="0" />
  </node>
  <node id="21492" lat="42.99267452359" lon="-78.79486276495">
    <tag k="local_x" v="-193.125989" />
    <tag k="local_y" v="6.275412" />
    <tag k="ele" v="0" />
  </node>
  <node id="21493" lat="42.99260126397" lon="-78.79639622938">
    <tag k="local_x" v="-318.181393" />
    <tag k="local_y" v="-1.858524" />
    <tag k="ele" v="0" />
  </node>
  <node id="21494" lat="42.99260233075" lon="-78.79638458343">
    <tag k="local_x" v="-317.231652" />
    <tag k="local_y" v="-1.740056" />
    <tag k="ele" v="0" />
  </node>
  <node id="21495" lat="42.99260404327" lon="-78.79637308237">
    <tag k="local_x" v="-316.293723" />
    <tag k="local_y" v="-1.549852" />
    <tag k="ele" v="0" />
  </node>
  <node id="21496" lat="42.99260639810" lon="-78.79636179353">
    <tag k="local_x" v="-315.373098" />
    <tag k="local_y" v="-1.288289" />
    <tag k="ele" v="0" />
  </node>
  <node id="21497" lat="42.99260940718" lon="-78.79635079575">
    <tag k="local_x" v="-314.476205" />
    <tag k="local_y" v="-0.954045" />
    <tag k="ele" v="0" />
  </node>
  <node id="21498" lat="42.99261312896" lon="-78.79634021055">
    <tag k="local_x" v="-313.612955" />
    <tag k="local_y" v="-0.540622" />
    <tag k="ele" v="0" />
  </node>
  <node id="21499" lat="42.99261746216" lon="-78.79633006822">
    <tag k="local_x" v="-312.785819" />
    <tag k="local_y" v="-0.059273" />
    <tag k="ele" v="0" />
  </node>
  <node id="21500" lat="42.99262238984" lon="-78.79632044177">
    <tag k="local_x" v="-312.000750" />
    <tag k="local_y" v="0.488119" />
    <tag k="ele" v="0" />
  </node>
  <node id="21501" lat="42.99262796489" lon="-78.79631149570">
    <tag k="local_x" v="-311.271163" />
    <tag k="local_y" v="1.107433" />
    <tag k="ele" v="0" />
  </node>
  <node id="21502" lat="42.99263411827" lon="-78.79630328404">
    <tag k="local_x" v="-310.601466" />
    <tag k="local_y" v="1.790998" />
    <tag k="ele" v="0" />
  </node>
  <node id="21503" lat="42.99264078372" lon="-78.79629585052">
    <tag k="local_x" v="-309.995223" />
    <tag k="local_y" v="2.531453" />
    <tag k="ele" v="0" />
  </node>
  <node id="21504" lat="42.99264798682" lon="-78.79628941723">
    <tag k="local_x" v="-309.470548" />
    <tag k="local_y" v="3.331640" />
    <tag k="ele" v="0" />
  </node>
  <node id="21505" lat="42.99265563000" lon="-78.79628400865">
    <tag k="local_x" v="-309.029436" />
    <tag k="local_y" v="4.180721" />
    <tag k="ele" v="0" />
  </node>
  <node id="21506" lat="42.99266362703" lon="-78.79627964839">
    <tag k="local_x" v="-308.673814" />
    <tag k="local_y" v="5.069115" />
    <tag k="ele" v="0" />
  </node>
  <node id="21507" lat="42.99267195118" lon="-78.79627663440">
    <tag k="local_x" v="-308.427979" />
    <tag k="local_y" v="5.993856" />
    <tag k="ele" v="0" />
  </node>
  <node id="21508" lat="42.99268045916" lon="-78.79627481790">
    <tag k="local_x" v="-308.279800" />
    <tag k="local_y" v="6.939022" />
    <tag k="ele" v="0" />
  </node>
  <node id="21509" lat="42.99255286002" lon="-78.79632976649">
    <tag k="local_x" v="-312.761540" />
    <tag k="local_y" v="-7.236093" />
    <tag k="ele" v="0" />
  </node>
  <node id="21510" lat="42.99255489571" lon="-78.79631832096">
    <tag k="local_x" v="-311.828138" />
    <tag k="local_y" v="-7.009986" />
    <tag k="ele" v="0" />
  </node>
  <node id="21511" lat="42.99255819260" lon="-78.79630743490">
    <tag k="local_x" v="-310.940354" />
    <tag k="local_y" v="-6.643766" />
    <tag k="ele" v="0" />
  </node>
  <node id="21512" lat="42.99256254983" lon="-78.79629725875">
    <tag k="local_x" v="-310.110459" />
    <tag k="local_y" v="-6.159748" />
    <tag k="ele" v="0" />
  </node>
  <node id="21513" lat="42.99256773098" lon="-78.79628782206">
    <tag k="local_x" v="-309.340863" />
    <tag k="local_y" v="-5.584196" />
    <tag k="ele" v="0" />
  </node>
  <node id="21514" lat="42.99257369314" lon="-78.79627928124">
    <tag k="local_x" v="-308.644323" />
    <tag k="local_y" v="-4.921875" />
    <tag k="ele" v="0" />
  </node>
  <node id="21515" lat="42.99258021848" lon="-78.79627154182">
    <tag k="local_x" v="-308.013134" />
    <tag k="local_y" v="-4.196986" />
    <tag k="ele" v="0" />
  </node>
  <node id="21516" lat="42.99258719090" lon="-78.79626456217">
    <tag k="local_x" v="-307.443904" />
    <tag k="local_y" v="-3.422428" />
    <tag k="ele" v="0" />
  </node>
  <node id="21517" lat="42.99259453182" lon="-78.79625831944">
    <tag k="local_x" v="-306.934767" />
    <tag k="local_y" v="-2.606929" />
    <tag k="ele" v="0" />
  </node>
  <node id="21518" lat="42.99260217552" lon="-78.79625278728">
    <tag k="local_x" v="-306.483578" />
    <tag k="local_y" v="-1.757791" />
    <tag k="ele" v="0" />
  </node>
  <node id="21519" lat="42.99261007955" lon="-78.79624797953">
    <tag k="local_x" v="-306.091463" />
    <tag k="local_y" v="-0.879728" />
    <tag k="ele" v="0" />
  </node>
  <node id="21520" lat="42.99261818120" lon="-78.79624382778">
    <tag k="local_x" v="-305.752844" />
    <tag k="local_y" v="0.020289" />
    <tag k="ele" v="0" />
  </node>
  <node id="21521" lat="42.99262643952" lon="-78.79624029626">
    <tag k="local_x" v="-305.464806" />
    <tag k="local_y" v="0.937714" />
    <tag k="ele" v="0" />
  </node>
  <node id="21522" lat="42.99263482332" lon="-78.79623736470">
    <tag k="local_x" v="-305.225693" />
    <tag k="local_y" v="1.869082" />
    <tag k="ele" v="0" />
  </node>
  <node id="21523" lat="42.99264330537" lon="-78.79623501502">
    <tag k="local_x" v="-305.034033" />
    <tag k="local_y" v="2.811366" />
    <tag k="ele" v="0" />
  </node>
  <node id="21524" lat="42.99265186157" lon="-78.79623323116">
    <tag k="local_x" v="-304.888516" />
    <tag k="local_y" v="3.761891" />
    <tag k="ele" v="0" />
  </node>
  <node id="21525" lat="42.99266047030" lon="-78.79623199878">
    <tag k="local_x" v="-304.787972" />
    <tag k="local_y" v="4.718253" />
    <tag k="ele" v="0" />
  </node>
  <node id="21526" lat="42.99266911193" lon="-78.79623130491">
    <tag k="local_x" v="-304.731343" />
    <tag k="local_y" v="5.678271" />
    <tag k="ele" v="0" />
  </node>
  <node id="21527" lat="42.99420515614" lon="-78.79636692210">
    <tag k="local_x" v="-315.783150" />
    <tag k="local_y" v="176.321929" />
    <tag k="ele" v="0" />
  </node>
  <node id="21528" lat="42.99420520123" lon="-78.79635516876">
    <tag k="local_x" v="-314.824682" />
    <tag k="local_y" v="176.326894" />
    <tag k="ele" v="0" />
  </node>
  <node id="21529" lat="42.99420524632" lon="-78.79634341543">
    <tag k="local_x" v="-313.866213" />
    <tag k="local_y" v="176.331860" />
    <tag k="ele" v="0" />
  </node>
  <node id="21530" lat="42.99420529141" lon="-78.79633166209">
    <tag k="local_x" v="-312.907744" />
    <tag k="local_y" v="176.336825" />
    <tag k="ele" v="0" />
  </node>
  <node id="21531" lat="42.99420533650" lon="-78.79631990875">
    <tag k="local_x" v="-311.949276" />
    <tag k="local_y" v="176.341790" />
    <tag k="ele" v="0" />
  </node>
  <node id="21532" lat="42.99420538159" lon="-78.79630815542">
    <tag k="local_x" v="-310.990807" />
    <tag k="local_y" v="176.346756" />
    <tag k="ele" v="0" />
  </node>
  <node id="21533" lat="42.99420542735" lon="-78.79629640209">
    <tag k="local_x" v="-310.032339" />
    <tag k="local_y" v="176.351796" />
    <tag k="ele" v="0" />
  </node>
  <node id="21534" lat="42.99420547473" lon="-78.79628464877">
    <tag k="local_x" v="-309.073872" />
    <tag k="local_y" v="176.357017" />
    <tag k="ele" v="0" />
  </node>
  <node id="21535" lat="42.99420552252" lon="-78.79627289545">
    <tag k="local_x" v="-308.115405" />
    <tag k="local_y" v="176.362282" />
    <tag k="ele" v="0" />
  </node>
  <node id="21536" lat="42.99420557030" lon="-78.79626114214">
    <tag k="local_x" v="-307.156938" />
    <tag k="local_y" v="176.367548" />
    <tag k="ele" v="0" />
  </node>
  <node id="21537" lat="42.99420561808" lon="-78.79624938882">
    <tag k="local_x" v="-306.198471" />
    <tag k="local_y" v="176.372813" />
    <tag k="ele" v="0" />
  </node>
  <node id="21538" lat="42.99420571531" lon="-78.79622547331">
    <tag k="local_x" v="-304.248193" />
    <tag k="local_y" v="176.383527" />
    <tag k="ele" v="0" />
  </node>
  <node id="21539" lat="42.99420576475" lon="-78.79621331111">
    <tag k="local_x" v="-303.256381" />
    <tag k="local_y" v="176.388976" />
    <tag k="ele" v="0" />
  </node>
  <node id="21540" lat="42.99420581419" lon="-78.79620114890">
    <tag k="local_x" v="-302.264570" />
    <tag k="local_y" v="176.394424" />
    <tag k="ele" v="0" />
  </node>
  <node id="21541" lat="42.99420586363" lon="-78.79618898670">
    <tag k="local_x" v="-301.272759" />
    <tag k="local_y" v="176.399873" />
    <tag k="ele" v="0" />
  </node>
  <node id="21542" lat="42.99420591270" lon="-78.79617682450">
    <tag k="local_x" v="-300.280948" />
    <tag k="local_y" v="176.405281" />
    <tag k="ele" v="0" />
  </node>
  <node id="21543" lat="42.99420595905" lon="-78.79616466228">
    <tag k="local_x" v="-299.289135" />
    <tag k="local_y" v="176.410386" />
    <tag k="ele" v="0" />
  </node>
  <node id="21544" lat="42.99420600525" lon="-78.79615250005">
    <tag k="local_x" v="-298.297322" />
    <tag k="local_y" v="176.415476" />
    <tag k="ele" v="0" />
  </node>
  <node id="21545" lat="42.99420605150" lon="-78.79614033783">
    <tag k="local_x" v="-297.305509" />
    <tag k="local_y" v="176.420571" />
    <tag k="ele" v="0" />
  </node>
  <node id="21546" lat="42.99420609783" lon="-78.79612817560">
    <tag k="local_x" v="-296.313696" />
    <tag k="local_y" v="176.425675" />
    <tag k="ele" v="0" />
  </node>
  <node id="21547" lat="42.99420614405" lon="-78.79611601338">
    <tag k="local_x" v="-295.321884" />
    <tag k="local_y" v="176.430767" />
    <tag k="ele" v="0" />
  </node>
  <node id="21548" lat="42.99420619028" lon="-78.79610385116">
    <tag k="local_x" v="-294.330071" />
    <tag k="local_y" v="176.435860" />
    <tag k="ele" v="0" />
  </node>
  <node id="21549" lat="42.99420623653" lon="-78.79609168893">
    <tag k="local_x" v="-293.338258" />
    <tag k="local_y" v="176.440955" />
    <tag k="ele" v="0" />
  </node>
  <node id="21550" lat="42.99420628279" lon="-78.79607952671">
    <tag k="local_x" v="-292.346445" />
    <tag k="local_y" v="176.446052" />
    <tag k="ele" v="0" />
  </node>
  <node id="21551" lat="42.99420632909" lon="-78.79606736448">
    <tag k="local_x" v="-291.354632" />
    <tag k="local_y" v="176.451153" />
    <tag k="ele" v="0" />
  </node>
  <node id="21552" lat="42.99420637530" lon="-78.79605520226">
    <tag k="local_x" v="-290.362819" />
    <tag k="local_y" v="176.456245" />
    <tag k="ele" v="0" />
  </node>
  <node id="21553" lat="42.99420642151" lon="-78.79604304003">
    <tag k="local_x" v="-289.371006" />
    <tag k="local_y" v="176.461337" />
    <tag k="ele" v="0" />
  </node>
  <node id="21554" lat="42.99420646772" lon="-78.79603087781">
    <tag k="local_x" v="-288.379193" />
    <tag k="local_y" v="176.466428" />
    <tag k="ele" v="0" />
  </node>
  <node id="21555" lat="42.99420651399" lon="-78.79601871559">
    <tag k="local_x" v="-287.387380" />
    <tag k="local_y" v="176.471527" />
    <tag k="ele" v="0" />
  </node>
  <node id="21556" lat="42.99420656027" lon="-78.79600655336">
    <tag k="local_x" v="-286.395567" />
    <tag k="local_y" v="176.476627" />
    <tag k="ele" v="0" />
  </node>
  <node id="21557" lat="42.99420660648" lon="-78.79599439114">
    <tag k="local_x" v="-285.403754" />
    <tag k="local_y" v="176.481719" />
    <tag k="ele" v="0" />
  </node>
  <node id="21558" lat="42.99420665268" lon="-78.79598222891">
    <tag k="local_x" v="-284.411941" />
    <tag k="local_y" v="176.486810" />
    <tag k="ele" v="0" />
  </node>
  <node id="21559" lat="42.99420669896" lon="-78.79597006669">
    <tag k="local_x" v="-283.420128" />
    <tag k="local_y" v="176.491911" />
    <tag k="ele" v="0" />
  </node>
  <node id="21560" lat="42.99420674522" lon="-78.79595790446">
    <tag k="local_x" v="-282.428316" />
    <tag k="local_y" v="176.497009" />
    <tag k="ele" v="0" />
  </node>
  <node id="21561" lat="42.99420679142" lon="-78.79594574224">
    <tag k="local_x" v="-281.436503" />
    <tag k="local_y" v="176.502101" />
    <tag k="ele" v="0" />
  </node>
  <node id="21562" lat="42.99420683762" lon="-78.79593358002">
    <tag k="local_x" v="-280.444690" />
    <tag k="local_y" v="176.507192" />
    <tag k="ele" v="0" />
  </node>
  <node id="21563" lat="42.99420688391" lon="-78.79592141779">
    <tag k="local_x" v="-279.452877" />
    <tag k="local_y" v="176.512294" />
    <tag k="ele" v="0" />
  </node>
  <node id="21564" lat="42.99420693015" lon="-78.79590925557">
    <tag k="local_x" v="-278.461064" />
    <tag k="local_y" v="176.517391" />
    <tag k="ele" v="0" />
  </node>
  <node id="21565" lat="42.99420697635" lon="-78.79589709334">
    <tag k="local_x" v="-277.469251" />
    <tag k="local_y" v="176.522483" />
    <tag k="ele" v="0" />
  </node>
  <node id="21566" lat="42.99420702254" lon="-78.79588493112">
    <tag k="local_x" v="-276.477438" />
    <tag k="local_y" v="176.527574" />
    <tag k="ele" v="0" />
  </node>
  <node id="21567" lat="42.99420706884" lon="-78.79587276889">
    <tag k="local_x" v="-275.485625" />
    <tag k="local_y" v="176.532678" />
    <tag k="ele" v="0" />
  </node>
  <node id="21568" lat="42.99420711506" lon="-78.79586060667">
    <tag k="local_x" v="-274.493812" />
    <tag k="local_y" v="176.537773" />
    <tag k="ele" v="0" />
  </node>
  <node id="21569" lat="42.99420716125" lon="-78.79584844444">
    <tag k="local_x" v="-273.501999" />
    <tag k="local_y" v="176.542864" />
    <tag k="ele" v="0" />
  </node>
  <node id="21570" lat="42.99420720744" lon="-78.79583628222">
    <tag k="local_x" v="-272.510186" />
    <tag k="local_y" v="176.547956" />
    <tag k="ele" v="0" />
  </node>
  <node id="21571" lat="42.99420725363" lon="-78.79582411999">
    <tag k="local_x" v="-271.518373" />
    <tag k="local_y" v="176.553048" />
    <tag k="ele" v="0" />
  </node>
  <node id="21572" lat="42.99420729994" lon="-78.79581195777">
    <tag k="local_x" v="-270.526560" />
    <tag k="local_y" v="176.558153" />
    <tag k="ele" v="0" />
  </node>
  <node id="21573" lat="42.99420734618" lon="-78.79579979555">
    <tag k="local_x" v="-269.534747" />
    <tag k="local_y" v="176.563251" />
    <tag k="ele" v="0" />
  </node>
  <node id="21574" lat="42.99420739236" lon="-78.79578763332">
    <tag k="local_x" v="-268.542935" />
    <tag k="local_y" v="176.568343" />
    <tag k="ele" v="0" />
  </node>
  <node id="21575" lat="42.99420743855" lon="-78.79577547110">
    <tag k="local_x" v="-267.551122" />
    <tag k="local_y" v="176.573435" />
    <tag k="ele" v="0" />
  </node>
  <node id="21576" lat="42.99420748473" lon="-78.79576330887">
    <tag k="local_x" v="-266.559309" />
    <tag k="local_y" v="176.578526" />
    <tag k="ele" v="0" />
  </node>
  <node id="21577" lat="42.99420753104" lon="-78.79575114665">
    <tag k="local_x" v="-265.567496" />
    <tag k="local_y" v="176.583633" />
    <tag k="ele" v="0" />
  </node>
  <node id="21578" lat="42.99420757722" lon="-78.79573898442">
    <tag k="local_x" v="-264.575683" />
    <tag k="local_y" v="176.588725" />
    <tag k="ele" v="0" />
  </node>
  <node id="21579" lat="42.99420762340" lon="-78.79572682220">
    <tag k="local_x" v="-263.583870" />
    <tag k="local_y" v="176.593817" />
    <tag k="ele" v="0" />
  </node>
  <node id="21580" lat="42.99420766959" lon="-78.79571465997">
    <tag k="local_x" v="-262.592057" />
    <tag k="local_y" v="176.598910" />
    <tag k="ele" v="0" />
  </node>
  <node id="21581" lat="42.99420771588" lon="-78.79570249775">
    <tag k="local_x" v="-261.600244" />
    <tag k="local_y" v="176.604015" />
    <tag k="ele" v="0" />
  </node>
  <node id="21582" lat="42.99420776206" lon="-78.79569033552">
    <tag k="local_x" v="-260.608431" />
    <tag k="local_y" v="176.609107" />
    <tag k="ele" v="0" />
  </node>
  <node id="21583" lat="42.99420780823" lon="-78.79567817330">
    <tag k="local_x" v="-259.616618" />
    <tag k="local_y" v="176.614199" />
    <tag k="ele" v="0" />
  </node>
  <node id="21584" lat="42.99420785443" lon="-78.79566601107">
    <tag k="local_x" v="-258.624805" />
    <tag k="local_y" v="176.619294" />
    <tag k="ele" v="0" />
  </node>
  <node id="21585" lat="42.99420790071" lon="-78.79565384885">
    <tag k="local_x" v="-257.632992" />
    <tag k="local_y" v="176.624397" />
    <tag k="ele" v="0" />
  </node>
  <node id="21586" lat="42.99420794687" lon="-78.79564168662">
    <tag k="local_x" v="-256.641179" />
    <tag k="local_y" v="176.629489" />
    <tag k="ele" v="0" />
  </node>
  <node id="21587" lat="42.99420799304" lon="-78.79562952440">
    <tag k="local_x" v="-255.649366" />
    <tag k="local_y" v="176.634581" />
    <tag k="ele" v="0" />
  </node>
  <node id="21588" lat="42.99420803921" lon="-78.79561736217">
    <tag k="local_x" v="-254.657554" />
    <tag k="local_y" v="176.639672" />
    <tag k="ele" v="0" />
  </node>
  <node id="21589" lat="42.99420808542" lon="-78.79560519995">
    <tag k="local_x" v="-253.665741" />
    <tag k="local_y" v="176.644769" />
    <tag k="ele" v="0" />
  </node>
  <node id="21590" lat="42.99420813167" lon="-78.79559303772">
    <tag k="local_x" v="-252.673928" />
    <tag k="local_y" v="176.649871" />
    <tag k="ele" v="0" />
  </node>
  <node id="21591" lat="42.99420817783" lon="-78.79558087550">
    <tag k="local_x" v="-251.682115" />
    <tag k="local_y" v="176.654962" />
    <tag k="ele" v="0" />
  </node>
  <node id="21592" lat="42.99420822399" lon="-78.79556871327">
    <tag k="local_x" v="-250.690302" />
    <tag k="local_y" v="176.660054" />
    <tag k="ele" v="0" />
  </node>
  <node id="21593" lat="42.99420827021" lon="-78.79555655105">
    <tag k="local_x" v="-249.698489" />
    <tag k="local_y" v="176.665153" />
    <tag k="ele" v="0" />
  </node>
  <node id="21594" lat="42.99420831644" lon="-78.79554438882">
    <tag k="local_x" v="-248.706676" />
    <tag k="local_y" v="176.670253" />
    <tag k="ele" v="0" />
  </node>
  <node id="21595" lat="42.99420836260" lon="-78.79553222660">
    <tag k="local_x" v="-247.714863" />
    <tag k="local_y" v="176.675345" />
    <tag k="ele" v="0" />
  </node>
  <node id="21596" lat="42.99420840876" lon="-78.79552006437">
    <tag k="local_x" v="-246.723050" />
    <tag k="local_y" v="176.680436" />
    <tag k="ele" v="0" />
  </node>
  <node id="21597" lat="42.99420845499" lon="-78.79550790215">
    <tag k="local_x" v="-245.731237" />
    <tag k="local_y" v="176.685536" />
    <tag k="ele" v="0" />
  </node>
  <node id="21598" lat="42.99420850122" lon="-78.79549573992">
    <tag k="local_x" v="-244.739424" />
    <tag k="local_y" v="176.690638" />
    <tag k="ele" v="0" />
  </node>
  <node id="21599" lat="42.99420854739" lon="-78.79548357770">
    <tag k="local_x" v="-243.747611" />
    <tag k="local_y" v="176.695731" />
    <tag k="ele" v="0" />
  </node>
  <node id="21600" lat="42.99420859354" lon="-78.79547141547">
    <tag k="local_x" v="-242.755798" />
    <tag k="local_y" v="176.700823" />
    <tag k="ele" v="0" />
  </node>
  <node id="21601" lat="42.99420863969" lon="-78.79545925325">
    <tag k="local_x" v="-241.763985" />
    <tag k="local_y" v="176.705915" />
    <tag k="ele" v="0" />
  </node>
  <node id="21602" lat="42.99420868584" lon="-78.79544709102">
    <tag k="local_x" v="-240.772173" />
    <tag k="local_y" v="176.711006" />
    <tag k="ele" v="0" />
  </node>
  <node id="21603" lat="42.99420873208" lon="-78.79543492880">
    <tag k="local_x" v="-239.780360" />
    <tag k="local_y" v="176.716109" />
    <tag k="ele" v="0" />
  </node>
  <node id="21604" lat="42.99420877827" lon="-78.79542276657">
    <tag k="local_x" v="-238.788547" />
    <tag k="local_y" v="176.721205" />
    <tag k="ele" v="0" />
  </node>
  <node id="21605" lat="42.99420882441" lon="-78.79541060435">
    <tag k="local_x" v="-237.796734" />
    <tag k="local_y" v="176.726297" />
    <tag k="ele" v="0" />
  </node>
  <node id="21606" lat="42.99420887055" lon="-78.79539844212">
    <tag k="local_x" v="-236.804921" />
    <tag k="local_y" v="176.731388" />
    <tag k="ele" v="0" />
  </node>
  <node id="21607" lat="42.99420891680" lon="-78.79538627990">
    <tag k="local_x" v="-235.813108" />
    <tag k="local_y" v="176.736492" />
    <tag k="ele" v="0" />
  </node>
  <node id="21608" lat="42.99420896297" lon="-78.79537411767">
    <tag k="local_x" v="-234.821295" />
    <tag k="local_y" v="176.741587" />
    <tag k="ele" v="0" />
  </node>
  <node id="21609" lat="42.99420900911" lon="-78.79536195545">
    <tag k="local_x" v="-233.829482" />
    <tag k="local_y" v="176.746679" />
    <tag k="ele" v="0" />
  </node>
  <node id="21610" lat="42.99420905524" lon="-78.79534979322">
    <tag k="local_x" v="-232.837669" />
    <tag k="local_y" v="176.751770" />
    <tag k="ele" v="0" />
  </node>
  <node id="21611" lat="42.99420910152" lon="-78.79533763100">
    <tag k="local_x" v="-231.845856" />
    <tag k="local_y" v="176.756878" />
    <tag k="ele" v="0" />
  </node>
  <node id="21612" lat="42.99420914563" lon="-78.79532546876">
    <tag k="local_x" v="-230.854042" />
    <tag k="local_y" v="176.761744" />
    <tag k="ele" v="0" />
  </node>
  <node id="21613" lat="42.99420918938" lon="-78.79531330651">
    <tag k="local_x" v="-229.862228" />
    <tag k="local_y" v="176.766571" />
    <tag k="ele" v="0" />
  </node>
  <node id="21614" lat="42.99424379004" lon="-78.79636719564">
    <tag k="local_x" v="-315.805260" />
    <tag k="local_y" v="180.613872" />
    <tag k="ele" v="0" />
  </node>
  <node id="21615" lat="42.99424383513" lon="-78.79635544394">
    <tag k="local_x" v="-314.846925" />
    <tag k="local_y" v="180.618837" />
    <tag k="ele" v="0" />
  </node>
  <node id="21616" lat="42.99424388022" lon="-78.79634369223">
    <tag k="local_x" v="-313.888590" />
    <tag k="local_y" v="180.623801" />
    <tag k="ele" v="0" />
  </node>
  <node id="21617" lat="42.99424392530" lon="-78.79633194053">
    <tag k="local_x" v="-312.930254" />
    <tag k="local_y" v="180.628766" />
    <tag k="ele" v="0" />
  </node>
  <node id="21618" lat="42.99424397038" lon="-78.79632018882">
    <tag k="local_x" v="-311.971919" />
    <tag k="local_y" v="180.633731" />
    <tag k="ele" v="0" />
  </node>
  <node id="21619" lat="42.99424401546" lon="-78.79630843711">
    <tag k="local_x" v="-311.013584" />
    <tag k="local_y" v="180.638695" />
    <tag k="ele" v="0" />
  </node>
  <node id="21620" lat="42.99424406122" lon="-78.79629668541">
    <tag k="local_x" v="-310.055250" />
    <tag k="local_y" v="180.643735" />
    <tag k="ele" v="0" />
  </node>
  <node id="21621" lat="42.99424410859" lon="-78.79628493373">
    <tag k="local_x" v="-309.096916" />
    <tag k="local_y" v="180.648955" />
    <tag k="ele" v="0" />
  </node>
  <node id="21622" lat="42.99424415637" lon="-78.79627318204">
    <tag k="local_x" v="-308.138582" />
    <tag k="local_y" v="180.654219" />
    <tag k="ele" v="0" />
  </node>
  <node id="21623" lat="42.99424420415" lon="-78.79626143035">
    <tag k="local_x" v="-307.180249" />
    <tag k="local_y" v="180.659484" />
    <tag k="ele" v="0" />
  </node>
  <node id="21624" lat="42.99424425193" lon="-78.79624967867">
    <tag k="local_x" v="-306.221915" />
    <tag k="local_y" v="180.664749" />
    <tag k="ele" v="0" />
  </node>
  <node id="21625" lat="42.99424434915" lon="-78.79622576436">
    <tag k="local_x" v="-304.271737" />
    <tag k="local_y" v="180.675462" />
    <tag k="ele" v="0" />
  </node>
  <node id="21626" lat="42.99424439859" lon="-78.79621360173">
    <tag k="local_x" v="-303.279891" />
    <tag k="local_y" v="180.680911" />
    <tag k="ele" v="0" />
  </node>
  <node id="21627" lat="42.99424444803" lon="-78.79620143910">
    <tag k="local_x" v="-302.288046" />
    <tag k="local_y" v="180.686360" />
    <tag k="ele" v="0" />
  </node>
  <node id="21628" lat="42.99424449748" lon="-78.79618927647">
    <tag k="local_x" v="-301.296201" />
    <tag k="local_y" v="180.691809" />
    <tag k="ele" v="0" />
  </node>
  <node id="21629" lat="42.99424454655" lon="-78.79617711384">
    <tag k="local_x" v="-300.304356" />
    <tag k="local_y" v="180.697217" />
    <tag k="ele" v="0" />
  </node>
  <node id="21630" lat="42.99424459290" lon="-78.79616495119">
    <tag k="local_x" v="-299.312509" />
    <tag k="local_y" v="180.702323" />
    <tag k="ele" v="0" />
  </node>
  <node id="21631" lat="42.99424463910" lon="-78.79615278854">
    <tag k="local_x" v="-298.320661" />
    <tag k="local_y" v="180.707413" />
    <tag k="ele" v="0" />
  </node>
  <node id="21632" lat="42.99424468535" lon="-78.79614062589">
    <tag k="local_x" v="-297.328814" />
    <tag k="local_y" v="180.712508" />
    <tag k="ele" v="0" />
  </node>
  <node id="21633" lat="42.99424473169" lon="-78.79612846324">
    <tag k="local_x" v="-296.336967" />
    <tag k="local_y" v="180.717612" />
    <tag k="ele" v="0" />
  </node>
  <node id="21634" lat="42.99424477791" lon="-78.79611630059">
    <tag k="local_x" v="-295.345120" />
    <tag k="local_y" v="180.722704" />
    <tag k="ele" v="0" />
  </node>
  <node id="21635" lat="42.99424482414" lon="-78.79610413794">
    <tag k="local_x" v="-294.353273" />
    <tag k="local_y" v="180.727797" />
    <tag k="ele" v="0" />
  </node>
  <node id="21636" lat="42.99424487038" lon="-78.79609197529">
    <tag k="local_x" v="-293.361426" />
    <tag k="local_y" v="180.732892" />
    <tag k="ele" v="0" />
  </node>
  <node id="21637" lat="42.99424491665" lon="-78.79607981264">
    <tag k="local_x" v="-292.369579" />
    <tag k="local_y" v="180.737989" />
    <tag k="ele" v="0" />
  </node>
  <node id="21638" lat="42.99424496295" lon="-78.79606764999">
    <tag k="local_x" v="-291.377732" />
    <tag k="local_y" v="180.743091" />
    <tag k="ele" v="0" />
  </node>
  <node id="21639" lat="42.99424500917" lon="-78.79605548734">
    <tag k="local_x" v="-290.385885" />
    <tag k="local_y" v="180.748183" />
    <tag k="ele" v="0" />
  </node>
  <node id="21640" lat="42.99424505538" lon="-78.79604332469">
    <tag k="local_x" v="-289.394038" />
    <tag k="local_y" v="180.753275" />
    <tag k="ele" v="0" />
  </node>
  <node id="21641" lat="42.99424510159" lon="-78.79603116204">
    <tag k="local_x" v="-288.402191" />
    <tag k="local_y" v="180.758367" />
    <tag k="ele" v="0" />
  </node>
  <node id="21642" lat="42.99424514786" lon="-78.79601899939">
    <tag k="local_x" v="-287.410344" />
    <tag k="local_y" v="180.763466" />
    <tag k="ele" v="0" />
  </node>
  <node id="21643" lat="42.99424519414" lon="-78.79600683674">
    <tag k="local_x" v="-286.418497" />
    <tag k="local_y" v="180.768566" />
    <tag k="ele" v="0" />
  </node>
  <node id="21644" lat="42.99424524035" lon="-78.79599467408">
    <tag k="local_x" v="-285.426649" />
    <tag k="local_y" v="180.773658" />
    <tag k="ele" v="0" />
  </node>
  <node id="21645" lat="42.99424528656" lon="-78.79598251143">
    <tag k="local_x" v="-284.434802" />
    <tag k="local_y" v="180.778749" />
    <tag k="ele" v="0" />
  </node>
  <node id="21646" lat="42.99424533284" lon="-78.79597034878">
    <tag k="local_x" v="-283.442955" />
    <tag k="local_y" v="180.783850" />
    <tag k="ele" v="0" />
  </node>
  <node id="21647" lat="42.99424537910" lon="-78.79595818613">
    <tag k="local_x" v="-282.451108" />
    <tag k="local_y" v="180.788948" />
    <tag k="ele" v="0" />
  </node>
  <node id="21648" lat="42.99424542530" lon="-78.79594602348">
    <tag k="local_x" v="-281.459261" />
    <tag k="local_y" v="180.794040" />
    <tag k="ele" v="0" />
  </node>
  <node id="21649" lat="42.99424547150" lon="-78.79593386083">
    <tag k="local_x" v="-280.467414" />
    <tag k="local_y" v="180.799132" />
    <tag k="ele" v="0" />
  </node>
  <node id="21650" lat="42.99424551779" lon="-78.79592169818">
    <tag k="local_x" v="-279.475567" />
    <tag k="local_y" v="180.804234" />
    <tag k="ele" v="0" />
  </node>
  <node id="21651" lat="42.99424556404" lon="-78.79590953553">
    <tag k="local_x" v="-278.483720" />
    <tag k="local_y" v="180.809331" />
    <tag k="ele" v="0" />
  </node>
  <node id="21652" lat="42.99424561023" lon="-78.79589737288">
    <tag k="local_x" v="-277.491873" />
    <tag k="local_y" v="180.814423" />
    <tag k="ele" v="0" />
  </node>
  <node id="21653" lat="42.99424565643" lon="-78.79588521023">
    <tag k="local_x" v="-276.500026" />
    <tag k="local_y" v="180.819515" />
    <tag k="ele" v="0" />
  </node>
  <node id="21654" lat="42.99424570273" lon="-78.79587304758">
    <tag k="local_x" v="-275.508179" />
    <tag k="local_y" v="180.824619" />
    <tag k="ele" v="0" />
  </node>
  <node id="21655" lat="42.99424574895" lon="-78.79586088492">
    <tag k="local_x" v="-274.516332" />
    <tag k="local_y" v="180.829714" />
    <tag k="ele" v="0" />
  </node>
  <node id="21656" lat="42.99424579514" lon="-78.79584872227">
    <tag k="local_x" v="-273.524484" />
    <tag k="local_y" v="180.834806" />
    <tag k="ele" v="0" />
  </node>
  <node id="21657" lat="42.99424584133" lon="-78.79583655962">
    <tag k="local_x" v="-272.532637" />
    <tag k="local_y" v="180.839898" />
    <tag k="ele" v="0" />
  </node>
  <node id="21658" lat="42.99424588752" lon="-78.79582439697">
    <tag k="local_x" v="-271.540790" />
    <tag k="local_y" v="180.844989" />
    <tag k="ele" v="0" />
  </node>
  <node id="21659" lat="42.99424593384" lon="-78.79581223432">
    <tag k="local_x" v="-270.548943" />
    <tag k="local_y" v="180.850095" />
    <tag k="ele" v="0" />
  </node>
  <node id="21660" lat="42.99424598007" lon="-78.79580007167">
    <tag k="local_x" v="-269.557096" />
    <tag k="local_y" v="180.855193" />
    <tag k="ele" v="0" />
  </node>
  <node id="21661" lat="42.99424602626" lon="-78.79578790902">
    <tag k="local_x" v="-268.565249" />
    <tag k="local_y" v="180.860285" />
    <tag k="ele" v="0" />
  </node>
  <node id="21662" lat="42.99424607245" lon="-78.79577574637">
    <tag k="local_x" v="-267.573402" />
    <tag k="local_y" v="180.865377" />
    <tag k="ele" v="0" />
  </node>
  <node id="21663" lat="42.99424611863" lon="-78.79576358372">
    <tag k="local_x" v="-266.581555" />
    <tag k="local_y" v="180.870469" />
    <tag k="ele" v="0" />
  </node>
  <node id="21664" lat="42.99424616495" lon="-78.79575142106">
    <tag k="local_x" v="-265.589708" />
    <tag k="local_y" v="180.875576" />
    <tag k="ele" v="0" />
  </node>
  <node id="21665" lat="42.99424621113" lon="-78.79573925841">
    <tag k="local_x" v="-264.597861" />
    <tag k="local_y" v="180.880668" />
    <tag k="ele" v="0" />
  </node>
  <node id="21666" lat="42.99424625730" lon="-78.79572709576">
    <tag k="local_x" v="-263.606014" />
    <tag k="local_y" v="180.885760" />
    <tag k="ele" v="0" />
  </node>
  <node id="21667" lat="42.99424630350" lon="-78.79571493311">
    <tag k="local_x" v="-262.614166" />
    <tag k="local_y" v="180.890853" />
    <tag k="ele" v="0" />
  </node>
  <node id="21668" lat="42.99424634979" lon="-78.79570277046">
    <tag k="local_x" v="-261.622319" />
    <tag k="local_y" v="180.895958" />
    <tag k="ele" v="0" />
  </node>
  <node id="21669" lat="42.99424639597" lon="-78.79569060781">
    <tag k="local_x" v="-260.630472" />
    <tag k="local_y" v="180.901050" />
    <tag k="ele" v="0" />
  </node>
  <node id="21670" lat="42.99424644214" lon="-78.79567844516">
    <tag k="local_x" v="-259.638625" />
    <tag k="local_y" v="180.906142" />
    <tag k="ele" v="0" />
  </node>
  <node id="21671" lat="42.99424648835" lon="-78.79566628251">
    <tag k="local_x" v="-258.646778" />
    <tag k="local_y" v="180.911237" />
    <tag k="ele" v="0" />
  </node>
  <node id="21672" lat="42.99424653462" lon="-78.79565411985">
    <tag k="local_x" v="-257.654931" />
    <tag k="local_y" v="180.916341" />
    <tag k="ele" v="0" />
  </node>
  <node id="21673" lat="42.99424658079" lon="-78.79564195720">
    <tag k="local_x" v="-256.663084" />
    <tag k="local_y" v="180.921433" />
    <tag k="ele" v="0" />
  </node>
  <node id="21674" lat="42.99424662696" lon="-78.79562979455">
    <tag k="local_x" v="-255.671237" />
    <tag k="local_y" v="180.926525" />
    <tag k="ele" v="0" />
  </node>
  <node id="21675" lat="42.99424667313" lon="-78.79561763190">
    <tag k="local_x" v="-254.679390" />
    <tag k="local_y" v="180.931617" />
    <tag k="ele" v="0" />
  </node>
  <node id="21676" lat="42.99424671934" lon="-78.79560546925">
    <tag k="local_x" v="-253.687543" />
    <tag k="local_y" v="180.936714" />
    <tag k="ele" v="0" />
  </node>
  <node id="21677" lat="42.99424676559" lon="-78.79559330660">
    <tag k="local_x" v="-252.695696" />
    <tag k="local_y" v="180.941816" />
    <tag k="ele" v="0" />
  </node>
  <node id="21678" lat="42.99424681176" lon="-78.79558114395">
    <tag k="local_x" v="-251.703849" />
    <tag k="local_y" v="180.946907" />
    <tag k="ele" v="0" />
  </node>
  <node id="21679" lat="42.99424685792" lon="-78.79556898129">
    <tag k="local_x" v="-250.712001" />
    <tag k="local_y" v="180.951999" />
    <tag k="ele" v="0" />
  </node>
  <node id="21680" lat="42.99424690414" lon="-78.79555681864">
    <tag k="local_x" v="-249.720154" />
    <tag k="local_y" v="180.957098" />
    <tag k="ele" v="0" />
  </node>
  <node id="21681" lat="42.99424695038" lon="-78.79554465599">
    <tag k="local_x" v="-248.728307" />
    <tag k="local_y" v="180.962198" />
    <tag k="ele" v="0" />
  </node>
  <node id="21682" lat="42.99424699653" lon="-78.79553249334">
    <tag k="local_x" v="-247.736460" />
    <tag k="local_y" v="180.967290" />
    <tag k="ele" v="0" />
  </node>
  <node id="21683" lat="42.99424704269" lon="-78.79552033069">
    <tag k="local_x" v="-246.744613" />
    <tag k="local_y" v="180.972382" />
    <tag k="ele" v="0" />
  </node>
  <node id="21684" lat="42.99424708892" lon="-78.79550816804">
    <tag k="local_x" v="-245.752766" />
    <tag k="local_y" v="180.977482" />
    <tag k="ele" v="0" />
  </node>
  <node id="21685" lat="42.99424713516" lon="-78.79549600539">
    <tag k="local_x" v="-244.760919" />
    <tag k="local_y" v="180.982584" />
    <tag k="ele" v="0" />
  </node>
  <node id="21686" lat="42.99424718133" lon="-78.79548384273">
    <tag k="local_x" v="-243.769072" />
    <tag k="local_y" v="180.987678" />
    <tag k="ele" v="0" />
  </node>
  <node id="21687" lat="42.99424722748" lon="-78.79547168008">
    <tag k="local_x" v="-242.777225" />
    <tag k="local_y" v="180.992769" />
    <tag k="ele" v="0" />
  </node>
  <node id="21688" lat="42.99424727363" lon="-78.79545951743">
    <tag k="local_x" v="-241.785378" />
    <tag k="local_y" v="180.997861" />
    <tag k="ele" v="0" />
  </node>
  <node id="21689" lat="42.99424731978" lon="-78.79544735478">
    <tag k="local_x" v="-240.793531" />
    <tag k="local_y" v="181.002953" />
    <tag k="ele" v="0" />
  </node>
  <node id="21690" lat="42.99424736603" lon="-78.79543519213">
    <tag k="local_x" v="-239.801684" />
    <tag k="local_y" v="181.008056" />
    <tag k="ele" v="0" />
  </node>
  <node id="21691" lat="42.99424741221" lon="-78.79542302948">
    <tag k="local_x" v="-238.809837" />
    <tag k="local_y" v="181.013152" />
    <tag k="ele" v="0" />
  </node>
  <node id="21692" lat="42.99424745836" lon="-78.79541086682">
    <tag k="local_x" v="-237.817989" />
    <tag k="local_y" v="181.018244" />
    <tag k="ele" v="0" />
  </node>
  <node id="21693" lat="42.99424750450" lon="-78.79539870417">
    <tag k="local_x" v="-236.826142" />
    <tag k="local_y" v="181.023336" />
    <tag k="ele" v="0" />
  </node>
  <node id="21694" lat="42.99424755076" lon="-78.79538654152">
    <tag k="local_x" v="-235.834295" />
    <tag k="local_y" v="181.028440" />
    <tag k="ele" v="0" />
  </node>
  <node id="21695" lat="42.99424759692" lon="-78.79537437887">
    <tag k="local_x" v="-234.842448" />
    <tag k="local_y" v="181.033535" />
    <tag k="ele" v="0" />
  </node>
  <node id="21696" lat="42.99424764306" lon="-78.79536221622">
    <tag k="local_x" v="-233.850601" />
    <tag k="local_y" v="181.038627" />
    <tag k="ele" v="0" />
  </node>
  <node id="21697" lat="42.99424768920" lon="-78.79535005356">
    <tag k="local_x" v="-232.858754" />
    <tag k="local_y" v="181.043719" />
    <tag k="ele" v="0" />
  </node>
  <node id="21698" lat="42.99424773548" lon="-78.79533789091">
    <tag k="local_x" v="-231.866907" />
    <tag k="local_y" v="181.048826" />
    <tag k="ele" v="0" />
  </node>
  <node id="21699" lat="42.99424777958" lon="-78.79532572825">
    <tag k="local_x" v="-230.875059" />
    <tag k="local_y" v="181.053693" />
    <tag k="ele" v="0" />
  </node>
  <node id="21700" lat="42.99424782334" lon="-78.79531356558">
    <tag k="local_x" v="-229.883210" />
    <tag k="local_y" v="181.058520" />
    <tag k="ele" v="0" />
  </node>
  <node id="21701" lat="42.99420420274" lon="-78.79624885631">
    <tag k="local_x" v="-306.155052" />
    <tag k="local_y" v="176.215576" />
    <tag k="ele" v="0" />
  </node>
  <node id="21702" lat="42.99420032122" lon="-78.79625896611">
    <tag k="local_x" v="-306.979512" />
    <tag k="local_y" v="175.784405" />
    <tag k="ele" v="0" />
  </node>
  <node id="21703" lat="42.99419474939" lon="-78.79626750315">
    <tag k="local_x" v="-307.675724" />
    <tag k="local_y" v="175.165448" />
    <tag k="ele" v="0" />
  </node>
  <node id="21704" lat="42.99418812704" lon="-78.79627451369">
    <tag k="local_x" v="-308.247456" />
    <tag k="local_y" v="174.429778" />
    <tag k="ele" v="0" />
  </node>
  <node id="21705" lat="42.99418088037" lon="-78.79628027448">
    <tag k="local_x" v="-308.717278" />
    <tag k="local_y" v="173.624749" />
    <tag k="ele" v="0" />
  </node>
  <node id="21706" lat="42.99417318199" lon="-78.79628483262">
    <tag k="local_x" v="-309.089026" />
    <tag k="local_y" v="172.769532" />
    <tag k="ele" v="0" />
  </node>
  <node id="21707" lat="42.99416522210" lon="-78.79628846848">
    <tag k="local_x" v="-309.385566" />
    <tag k="local_y" v="171.885260" />
    <tag k="ele" v="0" />
  </node>
  <node id="21708" lat="42.99415704805" lon="-78.79629108198">
    <tag k="local_x" v="-309.598734" />
    <tag k="local_y" v="170.977194" />
    <tag k="ele" v="0" />
  </node>
  <node id="21709" lat="42.99414875876" lon="-78.79629289593">
    <tag k="local_x" v="-309.746701" />
    <tag k="local_y" v="170.056321" />
    <tag k="ele" v="0" />
  </node>
  <node id="21710" lat="42.99414039808" lon="-78.79629394435">
    <tag k="local_x" v="-309.832240" />
    <tag k="local_y" v="169.127514" />
    <tag k="ele" v="0" />
  </node>
  <node id="21711" lat="42.99424388038" lon="-78.79624957644">
    <tag k="local_x" v="-306.213581" />
    <tag k="local_y" v="180.623473" />
    <tag k="ele" v="0" />
  </node>
  <node id="21712" lat="42.99424292843" lon="-78.79626115853">
    <tag k="local_x" v="-307.158088" />
    <tag k="local_y" v="180.517760" />
    <tag k="ele" v="0" />
  </node>
  <node id="21713" lat="42.99424142968" lon="-78.79627263076">
    <tag k="local_x" v="-308.093639" />
    <tag k="local_y" v="180.351302" />
    <tag k="ele" v="0" />
  </node>
  <node id="21714" lat="42.99423937442" lon="-78.79628394530">
    <tag k="local_x" v="-309.016335" />
    <tag k="local_y" v="180.123019" />
    <tag k="ele" v="0" />
  </node>
  <node id="21715" lat="42.99423675748" lon="-78.79629505023">
    <tag k="local_x" v="-309.921939" />
    <tag k="local_y" v="179.832337" />
    <tag k="ele" v="0" />
  </node>
  <node id="21716" lat="42.99423344877" lon="-78.79630580752">
    <tag k="local_x" v="-310.799198" />
    <tag k="local_y" v="179.464804" />
    <tag k="ele" v="0" />
  </node>
  <node id="21717" lat="42.99422959653" lon="-78.79631621600">
    <tag k="local_x" v="-311.648014" />
    <tag k="local_y" v="179.036887" />
    <tag k="ele" v="0" />
  </node>
  <node id="21718" lat="42.99422521253" lon="-78.79632622224">
    <tag k="local_x" v="-312.464031" />
    <tag k="local_y" v="178.549894" />
    <tag k="ele" v="0" />
  </node>
  <node id="21719" lat="42.99422030718" lon="-78.79633576789">
    <tag k="local_x" v="-313.242491" />
    <tag k="local_y" v="178.004981" />
    <tag k="ele" v="0" />
  </node>
  <node id="21720" lat="42.99421489465" lon="-78.79634479262">
    <tag k="local_x" v="-313.978472" />
    <tag k="local_y" v="177.403723" />
    <tag k="ele" v="0" />
  </node>
  <node id="21721" lat="42.99420899305" lon="-78.79635323441">
    <tag k="local_x" v="-314.666919" />
    <tag k="local_y" v="176.748131" />
    <tag k="ele" v="0" />
  </node>
  <node id="21722" lat="42.99420262480" lon="-78.79636103012">
    <tag k="local_x" v="-315.302680" />
    <tag k="local_y" v="176.040694" />
    <tag k="ele" v="0" />
  </node>
  <node id="21723" lat="42.99419575637" lon="-78.79636799337">
    <tag k="local_x" v="-315.870559" />
    <tag k="local_y" v="175.277688" />
    <tag k="ele" v="0" />
  </node>
  <node id="21724" lat="42.99418849760" lon="-78.79637416685">
    <tag k="local_x" v="-316.374035" />
    <tag k="local_y" v="174.471315" />
    <tag k="ele" v="0" />
  </node>
  <node id="21725" lat="42.99418088876" lon="-78.79637949100">
    <tag k="local_x" v="-316.808252" />
    <tag k="local_y" v="173.626050" />
    <tag k="ele" v="0" />
  </node>
  <node id="21726" lat="42.99417297662" lon="-78.79638391140">
    <tag k="local_x" v="-317.168770" />
    <tag k="local_y" v="172.747086" />
    <tag k="ele" v="0" />
  </node>
  <node id="21727" lat="42.99416481431" lon="-78.79638738270">
    <tag k="local_x" v="-317.451892" />
    <tag k="local_y" v="171.840327" />
    <tag k="ele" v="0" />
  </node>
  <node id="21728" lat="42.99415646016" lon="-78.79638987239">
    <tag k="local_x" v="-317.654966" />
    <tag k="local_y" v="170.912251" />
    <tag k="ele" v="0" />
  </node>
  <node id="21729" lat="42.99414797550" lon="-78.79639136423">
    <tag k="local_x" v="-317.776668" />
    <tag k="local_y" v="169.969674" />
    <tag k="ele" v="0" />
  </node>
  <way id="3">
    <nd ref="1" />
    <nd ref="17537" />
    <nd ref="17538" />
    <nd ref="17539" />
    <nd ref="17540" />
    <nd ref="17541" />
    <nd ref="17542" />
    <nd ref="17543" />
    <nd ref="17544" />
    <nd ref="17545" />
    <nd ref="17546" />
    <nd ref="17547" />
    <nd ref="17548" />
    <nd ref="17549" />
    <nd ref="17550" />
    <nd ref="17551" />
    <nd ref="17552" />
    <nd ref="17553" />
    <nd ref="17554" />
    <nd ref="17555" />
    <nd ref="17556" />
    <nd ref="17557" />
    <nd ref="17558" />
    <nd ref="17559" />
    <nd ref="17560" />
    <nd ref="17561" />
    <nd ref="17562" />
    <nd ref="17563" />
    <nd ref="17564" />
    <nd ref="17565" />
    <nd ref="17566" />
    <nd ref="17567" />
    <nd ref="17568" />
    <nd ref="17569" />
    <nd ref="17570" />
    <nd ref="17571" />
    <nd ref="17572" />
    <nd ref="17573" />
    <nd ref="17574" />
    <nd ref="17575" />
    <nd ref="17576" />
    <nd ref="17577" />
    <nd ref="17578" />
    <nd ref="17579" />
    <nd ref="17580" />
    <nd ref="17581" />
    <nd ref="17582" />
    <nd ref="17583" />
    <nd ref="17584" />
    <nd ref="17585" />
    <nd ref="17586" />
    <nd ref="17587" />
    <nd ref="17588" />
    <nd ref="17589" />
    <nd ref="17590" />
    <nd ref="17591" />
    <nd ref="17592" />
    <nd ref="17593" />
    <nd ref="17594" />
    <nd ref="17595" />
    <nd ref="17596" />
    <nd ref="17597" />
    <nd ref="17598" />
    <nd ref="17599" />
    <nd ref="17600" />
    <nd ref="17601" />
    <nd ref="17602" />
    <nd ref="17603" />
    <nd ref="17604" />
    <nd ref="17605" />
    <nd ref="17606" />
    <nd ref="17607" />
    <nd ref="17608" />
    <nd ref="17609" />
    <nd ref="17610" />
    <nd ref="17611" />
    <nd ref="17612" />
    <nd ref="17613" />
    <nd ref="17614" />
    <nd ref="17615" />
    <nd ref="17616" />
    <nd ref="17617" />
    <nd ref="17618" />
    <nd ref="17619" />
    <nd ref="17620" />
    <nd ref="17621" />
    <nd ref="17622" />
    <nd ref="17623" />
    <nd ref="17624" />
    <nd ref="17625" />
    <nd ref="17626" />
    <nd ref="17627" />
    <nd ref="17628" />
    <nd ref="17629" />
    <nd ref="17630" />
    <nd ref="17631" />
    <nd ref="17632" />
    <nd ref="17633" />
    <nd ref="17634" />
    <nd ref="17635" />
    <nd ref="17636" />
    <nd ref="17637" />
    <nd ref="17638" />
    <nd ref="17639" />
    <nd ref="17640" />
    <nd ref="17641" />
    <nd ref="17642" />
    <nd ref="17643" />
    <nd ref="17644" />
    <nd ref="17645" />
    <nd ref="17646" />
    <nd ref="17647" />
    <nd ref="17648" />
    <nd ref="17649" />
    <nd ref="17650" />
    <nd ref="17651" />
    <nd ref="17652" />
    <nd ref="2" />
    <tag k="type" v="line_thin" />
    <tag k="subtype" v="solid" />
  </way>
  <way id="259">
    <nd ref="137" />
    <nd ref="17653" />
    <nd ref="17654" />
    <nd ref="17655" />
    <nd ref="17656" />
    <nd ref="17657" />
    <nd ref="17658" />
    <nd ref="17659" />
    <nd ref="17660" />
    <nd ref="17661" />
    <nd ref="17662" />
    <nd ref="17663" />
    <nd ref="17664" />
    <nd ref="17665" />
    <nd ref="17666" />
    <nd ref="17667" />
    <nd ref="17668" />
    <nd ref="17669" />
    <nd ref="17670" />
    <nd ref="17671" />
    <nd ref="17672" />
    <nd ref="17673" />
    <nd ref="17674" />
    <nd ref="17675" />
    <nd ref="17676" />
    <nd ref="17677" />
    <nd ref="17678" />
    <nd ref="17679" />
    <nd ref="17680" />
    <nd ref="17681" />
    <nd ref="17682" />
    <nd ref="17683" />
    <nd ref="17684" />
    <nd ref="17685" />
    <nd ref="17686" />
    <nd ref="17687" />
    <nd ref="17688" />
    <nd ref="17689" />
    <nd ref="17690" />
    <nd ref="17691" />
    <nd ref="17692" />
    <nd ref="17693" />
    <nd ref="17694" />
    <nd ref="17695" />
    <nd ref="17696" />
    <nd ref="17697" />
    <nd ref="17698" />
    <nd ref="17699" />
    <nd ref="17700" />
    <nd ref="17701" />
    <nd ref="17702" />
    <nd ref="17703" />
    <nd ref="17704" />
    <nd ref="17705" />
    <nd ref="17706" />
    <nd ref="17707" />
    <nd ref="17708" />
    <nd ref="17709" />
    <nd ref="17710" />
    <nd ref="17711" />
    <nd ref="17712" />
    <nd ref="17713" />
    <nd ref="17714" />
    <nd ref="17715" />
    <nd ref="17716" />
    <nd ref="17717" />
    <nd ref="17718" />
    <nd ref="17719" />
    <nd ref="17720" />
    <nd ref="17721" />
    <nd ref="17722" />
    <nd ref="17723" />
    <nd ref="17724" />
    <nd ref="17725" />
    <nd ref="17726" />
    <nd ref="17727" />
    <nd ref="17728" />
    <nd ref="17729" />
    <nd ref="17730" />
    <nd ref="17731" />
    <nd ref="17732" />
    <nd ref="17733" />
    <nd ref="17734" />
    <nd ref="17735" />
    <nd ref="17736" />
    <nd ref="17737" />
    <nd ref="17738" />
    <nd ref="17739" />
    <nd ref="17740" />
    <nd ref="17741" />
    <nd ref="17742" />
    <nd ref="17743" />
    <nd ref="17744" />
    <nd ref="17745" />
    <nd ref="17746" />
    <nd ref="17747" />
    <nd ref="17748" />
    <nd ref="17749" />
    <nd ref="17750" />
    <nd ref="17751" />
    <nd ref="17752" />
    <nd ref="17753" />
    <nd ref="17754" />
    <nd ref="17755" />
    <nd ref="17756" />
    <nd ref="17757" />
    <nd ref="17758" />
    <nd ref="17759" />
    <nd ref="17760" />
    <nd ref="17761" />
    <nd ref="17762" />
    <nd ref="17763" />
    <nd ref="17764" />
    <nd ref="17765" />
    <nd ref="17766" />
    <nd ref="17767" />
    <nd ref="258" />
    <tag k="type" v="line_thin" />
    <tag k="subtype" v="solid" />
  </way>
  <way id="271">
    <nd ref="269" />
    <nd ref="17768" />
    <nd ref="17769" />
    <nd ref="17770" />
    <nd ref="17771" />
    <nd ref="17772" />
    <nd ref="17773" />
    <nd ref="17774" />
    <nd ref="17775" />
    <nd ref="17776" />
    <nd ref="17777" />
    <nd ref="17778" />
    <nd ref="17779" />
    <nd ref="17780" />
    <nd ref="17781" />
    <nd ref="17782" />
    <nd ref="17783" />
    <nd ref="17784" />
    <nd ref="17785" />
    <nd ref="17786" />
    <nd ref="17787" />
    <nd ref="17788" />
    <nd ref="17789" />
    <nd ref="17790" />
    <nd ref="17791" />
    <nd ref="17792" />
    <nd ref="17793" />
    <nd ref="17794" />
    <nd ref="17795" />
    <nd ref="17796" />
    <nd ref="17797" />
    <nd ref="17798" />
    <nd ref="17799" />
    <nd ref="17800" />
    <nd ref="17801" />
    <nd ref="17802" />
    <nd ref="17803" />
    <nd ref="17804" />
    <nd ref="17805" />
    <nd ref="17806" />
    <nd ref="17807" />
    <nd ref="17808" />
    <nd ref="17809" />
    <nd ref="17810" />
    <nd ref="17811" />
    <nd ref="17812" />
    <nd ref="17813" />
    <nd ref="17814" />
    <nd ref="17815" />
    <nd ref="17816" />
    <nd ref="17817" />
    <nd ref="17818" />
    <nd ref="17819" />
    <nd ref="17820" />
    <nd ref="17821" />
    <nd ref="17822" />
    <nd ref="17823" />
    <nd ref="17824" />
    <nd ref="17825" />
    <nd ref="17826" />
    <nd ref="17827" />
    <nd ref="17828" />
    <nd ref="17829" />
    <nd ref="17830" />
    <nd ref="17831" />
    <nd ref="17832" />
    <nd ref="17833" />
    <nd ref="17834" />
    <nd ref="17835" />
    <nd ref="17836" />
    <nd ref="17837" />
    <nd ref="17838" />
    <nd ref="17839" />
    <nd ref="17840" />
    <nd ref="17841" />
    <nd ref="17842" />
    <nd ref="17843" />
    <nd ref="17844" />
    <nd ref="17845" />
    <nd ref="17846" />
    <nd ref="17847" />
    <nd ref="17848" />
    <nd ref="17849" />
    <nd ref="17850" />
    <nd ref="17851" />
    <nd ref="17852" />
    <nd ref="17853" />
    <nd ref="17854" />
    <nd ref="17855" />
    <nd ref="17856" />
    <nd ref="17857" />
    <nd ref="17858" />
    <nd ref="17859" />
    <nd ref="17860" />
    <nd ref="17861" />
    <nd ref="17862" />
    <nd ref="17863" />
    <nd ref="17864" />
    <nd ref="17865" />
    <nd ref="17866" />
    <nd ref="17867" />
    <nd ref="17868" />
    <nd ref="17869" />
    <nd ref="17870" />
    <nd ref="17871" />
    <nd ref="270" />
    <tag k="type" v="line_thin" />
    <tag k="subtype" v="solid" />
  </way>
  <way id="274">
    <nd ref="272" />
    <nd ref="17872" />
    <nd ref="17873" />
    <nd ref="17874" />
    <nd ref="17875" />
    <nd ref="17876" />
    <nd ref="17877" />
    <nd ref="17878" />
    <nd ref="17879" />
    <nd ref="17880" />
    <nd ref="17881" />
    <nd ref="17882" />
    <nd ref="17883" />
    <nd ref="17884" />
    <nd ref="17885" />
    <nd ref="17886" />
    <nd ref="17887" />
    <nd ref="17888" />
    <nd ref="17889" />
    <nd ref="17890" />
    <nd ref="17891" />
    <nd ref="17892" />
    <nd ref="17893" />
    <nd ref="17894" />
    <nd ref="17895" />
    <nd ref="17896" />
    <nd ref="17897" />
    <nd ref="17898" />
    <nd ref="17899" />
    <nd ref="17900" />
    <nd ref="17901" />
    <nd ref="17902" />
    <nd ref="17903" />
    <nd ref="17904" />
    <nd ref="17905" />
    <nd ref="17906" />
    <nd ref="17907" />
    <nd ref="17908" />
    <nd ref="17909" />
    <nd ref="17910" />
    <nd ref="17911" />
    <nd ref="17912" />
    <nd ref="17913" />
    <nd ref="17914" />
    <nd ref="17915" />
    <nd ref="17916" />
    <nd ref="17917" />
    <nd ref="17918" />
    <nd ref="17919" />
    <nd ref="17920" />
    <nd ref="17921" />
    <nd ref="17922" />
    <nd ref="17923" />
    <nd ref="17924" />
    <nd ref="17925" />
    <nd ref="17926" />
    <nd ref="17927" />
    <nd ref="17928" />
    <nd ref="17929" />
    <nd ref="17930" />
    <nd ref="17931" />
    <nd ref="17932" />
    <nd ref="17933" />
    <nd ref="17934" />
    <nd ref="17935" />
    <nd ref="17936" />
    <nd ref="17937" />
    <nd ref="17938" />
    <nd ref="17939" />
    <nd ref="17940" />
    <nd ref="17941" />
    <nd ref="17942" />
    <nd ref="17943" />
    <nd ref="17944" />
    <nd ref="17945" />
    <nd ref="17946" />
    <nd ref="17947" />
    <nd ref="17948" />
    <nd ref="17949" />
    <nd ref="17950" />
    <nd ref="17951" />
    <nd ref="17952" />
    <nd ref="17953" />
    <nd ref="17954" />
    <nd ref="17955" />
    <nd ref="17956" />
    <nd ref="17957" />
    <nd ref="17958" />
    <nd ref="17959" />
    <nd ref="17960" />
    <nd ref="17961" />
    <nd ref="17962" />
    <nd ref="17963" />
    <nd ref="17964" />
    <nd ref="17965" />
    <nd ref="17966" />
    <nd ref="17967" />
    <nd ref="17968" />
    <nd ref="17969" />
    <nd ref="17970" />
    <nd ref="17971" />
    <nd ref="17972" />
    <nd ref="17973" />
    <nd ref="17974" />
    <nd ref="17975" />
    <nd ref="17976" />
    <nd ref="17977" />
    <nd ref="17978" />
    <nd ref="17979" />
    <nd ref="17980" />
    <nd ref="17981" />
    <nd ref="273" />
    <tag k="type" v="line_thin" />
    <tag k="subtype" v="solid" />
  </way>
  <way id="278">
    <nd ref="276" />
    <nd ref="17982" />
    <nd ref="17983" />
    <nd ref="17984" />
    <nd ref="17985" />
    <nd ref="17986" />
    <nd ref="17987" />
    <nd ref="17988" />
    <nd ref="17989" />
    <nd ref="17990" />
    <nd ref="17991" />
    <nd ref="17992" />
    <nd ref="17993" />
    <nd ref="17994" />
    <nd ref="17995" />
    <nd ref="17996" />
    <nd ref="17997" />
    <nd ref="17998" />
    <nd ref="17999" />
    <nd ref="18000" />
    <nd ref="18001" />
    <nd ref="18002" />
    <nd ref="18003" />
    <nd ref="18004" />
    <nd ref="18005" />
    <nd ref="18006" />
    <nd ref="18007" />
    <nd ref="18008" />
    <nd ref="18009" />
    <nd ref="18010" />
    <nd ref="18011" />
    <nd ref="18012" />
    <nd ref="18013" />
    <nd ref="18014" />
    <nd ref="18015" />
    <nd ref="18016" />
    <nd ref="18017" />
    <nd ref="18018" />
    <nd ref="18019" />
    <nd ref="18020" />
    <nd ref="18021" />
    <nd ref="18022" />
    <nd ref="18023" />
    <nd ref="18024" />
    <nd ref="18025" />
    <nd ref="18026" />
    <nd ref="18027" />
    <nd ref="18028" />
    <nd ref="18029" />
    <nd ref="18030" />
    <nd ref="18031" />
    <nd ref="18032" />
    <nd ref="18033" />
    <nd ref="18034" />
    <nd ref="18035" />
    <nd ref="18036" />
    <nd ref="18037" />
    <nd ref="18038" />
    <nd ref="18039" />
    <nd ref="18040" />
    <nd ref="18041" />
    <nd ref="18042" />
    <nd ref="18043" />
    <nd ref="18044" />
    <nd ref="18045" />
    <nd ref="18046" />
    <nd ref="18047" />
    <nd ref="18048" />
    <nd ref="18049" />
    <nd ref="18050" />
    <nd ref="18051" />
    <nd ref="18052" />
    <nd ref="18053" />
    <nd ref="18054" />
    <nd ref="18055" />
    <nd ref="18056" />
    <nd ref="18057" />
    <nd ref="18058" />
    <nd ref="18059" />
    <nd ref="18060" />
    <nd ref="18061" />
    <nd ref="18062" />
    <nd ref="18063" />
    <nd ref="18064" />
    <nd ref="18065" />
    <nd ref="18066" />
    <nd ref="18067" />
    <nd ref="18068" />
    <nd ref="18069" />
    <nd ref="18070" />
    <nd ref="18071" />
    <nd ref="18072" />
    <nd ref="18073" />
    <nd ref="18074" />
    <nd ref="18075" />
    <nd ref="18076" />
    <nd ref="18077" />
    <nd ref="18078" />
    <nd ref="18079" />
    <nd ref="18080" />
    <nd ref="18081" />
    <nd ref="18082" />
    <nd ref="18083" />
    <nd ref="18084" />
    <nd ref="18085" />
    <nd ref="18086" />
    <nd ref="18087" />
    <nd ref="18088" />
    <nd ref="18089" />
    <nd ref="18090" />
    <nd ref="18091" />
    <nd ref="18092" />
    <nd ref="18093" />
    <nd ref="18094" />
    <nd ref="18095" />
    <nd ref="18096" />
    <nd ref="18097" />
    <nd ref="18098" />
    <nd ref="18099" />
    <nd ref="18100" />
    <nd ref="18101" />
    <nd ref="18102" />
    <nd ref="18103" />
    <nd ref="18104" />
    <nd ref="18105" />
    <nd ref="18106" />
    <nd ref="18107" />
    <nd ref="18108" />
    <nd ref="18109" />
    <nd ref="18110" />
    <nd ref="18111" />
    <nd ref="18112" />
    <nd ref="18113" />
    <nd ref="18114" />
    <nd ref="18115" />
    <nd ref="18116" />
    <nd ref="18117" />
    <nd ref="18118" />
    <nd ref="18119" />
    <nd ref="18120" />
    <nd ref="18121" />
    <nd ref="18122" />
    <nd ref="18123" />
    <nd ref="18124" />
    <nd ref="18125" />
    <nd ref="18126" />
    <nd ref="18127" />
    <nd ref="18128" />
    <nd ref="18129" />
    <nd ref="18130" />
    <nd ref="18131" />
    <nd ref="18132" />
    <nd ref="18133" />
    <nd ref="18134" />
    <nd ref="18135" />
    <nd ref="18136" />
    <nd ref="18137" />
    <nd ref="18138" />
    <nd ref="277" />
    <tag k="type" v="line_thin" />
    <tag k="subtype" v="solid" />
  </way>
  <way id="281">
    <nd ref="279" />
    <nd ref="18139" />
    <nd ref="18140" />
    <nd ref="18141" />
    <nd ref="18142" />
    <nd ref="18143" />
    <nd ref="18144" />
    <nd ref="18145" />
    <nd ref="18146" />
    <nd ref="18147" />
    <nd ref="18148" />
    <nd ref="18149" />
    <nd ref="18150" />
    <nd ref="18151" />
    <nd ref="18152" />
    <nd ref="18153" />
    <nd ref="18154" />
    <nd ref="18155" />
    <nd ref="18156" />
    <nd ref="18157" />
    <nd ref="18158" />
    <nd ref="18159" />
    <nd ref="18160" />
    <nd ref="18161" />
    <nd ref="18162" />
    <nd ref="18163" />
    <nd ref="18164" />
    <nd ref="18165" />
    <nd ref="18166" />
    <nd ref="18167" />
    <nd ref="18168" />
    <nd ref="18169" />
    <nd ref="18170" />
    <nd ref="18171" />
    <nd ref="18172" />
    <nd ref="18173" />
    <nd ref="18174" />
    <nd ref="18175" />
    <nd ref="18176" />
    <nd ref="18177" />
    <nd ref="18178" />
    <nd ref="18179" />
    <nd ref="18180" />
    <nd ref="18181" />
    <nd ref="18182" />
    <nd ref="18183" />
    <nd ref="18184" />
    <nd ref="18185" />
    <nd ref="18186" />
    <nd ref="18187" />
    <nd ref="18188" />
    <nd ref="18189" />
    <nd ref="18190" />
    <nd ref="18191" />
    <nd ref="18192" />
    <nd ref="18193" />
    <nd ref="18194" />
    <nd ref="18195" />
    <nd ref="18196" />
    <nd ref="18197" />
    <nd ref="18198" />
    <nd ref="18199" />
    <nd ref="18200" />
    <nd ref="18201" />
    <nd ref="18202" />
    <nd ref="18203" />
    <nd ref="18204" />
    <nd ref="18205" />
    <nd ref="18206" />
    <nd ref="18207" />
    <nd ref="18208" />
    <nd ref="18209" />
    <nd ref="18210" />
    <nd ref="18211" />
    <nd ref="18212" />
    <nd ref="18213" />
    <nd ref="18214" />
    <nd ref="18215" />
    <nd ref="18216" />
    <nd ref="18217" />
    <nd ref="18218" />
    <nd ref="18219" />
    <nd ref="18220" />
    <nd ref="18221" />
    <nd ref="18222" />
    <nd ref="18223" />
    <nd ref="18224" />
    <nd ref="18225" />
    <nd ref="18226" />
    <nd ref="18227" />
    <nd ref="18228" />
    <nd ref="18229" />
    <nd ref="18230" />
    <nd ref="18231" />
    <nd ref="18232" />
    <nd ref="18233" />
    <nd ref="18234" />
    <nd ref="18235" />
    <nd ref="18236" />
    <nd ref="18237" />
    <nd ref="18238" />
    <nd ref="18239" />
    <nd ref="18240" />
    <nd ref="18241" />
    <nd ref="18242" />
    <nd ref="18243" />
    <nd ref="18244" />
    <nd ref="18245" />
    <nd ref="18246" />
    <nd ref="18247" />
    <nd ref="18248" />
    <nd ref="18249" />
    <nd ref="18250" />
    <nd ref="18251" />
    <nd ref="18252" />
    <nd ref="18253" />
    <nd ref="18254" />
    <nd ref="18255" />
    <nd ref="18256" />
    <nd ref="18257" />
    <nd ref="18258" />
    <nd ref="18259" />
    <nd ref="18260" />
    <nd ref="18261" />
    <nd ref="18262" />
    <nd ref="18263" />
    <nd ref="18264" />
    <nd ref="18265" />
    <nd ref="18266" />
    <nd ref="18267" />
    <nd ref="18268" />
    <nd ref="18269" />
    <nd ref="18270" />
    <nd ref="18271" />
    <nd ref="18272" />
    <nd ref="18273" />
    <nd ref="18274" />
    <nd ref="18275" />
    <nd ref="18276" />
    <nd ref="18277" />
    <nd ref="18278" />
    <nd ref="18279" />
    <nd ref="18280" />
    <nd ref="18281" />
    <nd ref="18282" />
    <nd ref="18283" />
    <nd ref="18284" />
    <nd ref="18285" />
    <nd ref="18286" />
    <nd ref="18287" />
    <nd ref="18288" />
    <nd ref="18289" />
    <nd ref="18290" />
    <nd ref="18291" />
    <nd ref="18292" />
    <nd ref="18293" />
    <nd ref="18294" />
    <nd ref="18295" />
    <nd ref="18296" />
    <nd ref="18297" />
    <nd ref="18298" />
    <nd ref="280" />
    <tag k="type" v="line_thin" />
    <tag k="subtype" v="solid" />
  </way>
  <way id="496">
    <nd ref="384" />
    <nd ref="18299" />
    <nd ref="18300" />
    <nd ref="18301" />
    <nd ref="18302" />
    <nd ref="18303" />
    <nd ref="18304" />
    <nd ref="18305" />
    <nd ref="18306" />
    <nd ref="18307" />
    <nd ref="18308" />
    <nd ref="18309" />
    <nd ref="18310" />
    <nd ref="18311" />
    <nd ref="18312" />
    <nd ref="18313" />
    <nd ref="18314" />
    <nd ref="18315" />
    <nd ref="18316" />
    <nd ref="18317" />
    <nd ref="18318" />
    <nd ref="18319" />
    <nd ref="18320" />
    <nd ref="18321" />
    <nd ref="18322" />
    <nd ref="18323" />
    <nd ref="18324" />
    <nd ref="18325" />
    <nd ref="18326" />
    <nd ref="18327" />
    <nd ref="18328" />
    <nd ref="18329" />
    <nd ref="18330" />
    <nd ref="18331" />
    <nd ref="18332" />
    <nd ref="18333" />
    <nd ref="18334" />
    <nd ref="18335" />
    <nd ref="18336" />
    <nd ref="18337" />
    <nd ref="18338" />
    <nd ref="18339" />
    <nd ref="18340" />
    <nd ref="18341" />
    <nd ref="18342" />
    <nd ref="18343" />
    <nd ref="18344" />
    <nd ref="18345" />
    <nd ref="18346" />
    <nd ref="18347" />
    <nd ref="18348" />
    <nd ref="18349" />
    <nd ref="18350" />
    <nd ref="18351" />
    <nd ref="18352" />
    <nd ref="18353" />
    <nd ref="18354" />
    <nd ref="18355" />
    <nd ref="18356" />
    <nd ref="18357" />
    <nd ref="18358" />
    <nd ref="18359" />
    <nd ref="18360" />
    <nd ref="18361" />
    <nd ref="18362" />
    <nd ref="18363" />
    <nd ref="18364" />
    <nd ref="18365" />
    <nd ref="18366" />
    <nd ref="18367" />
    <nd ref="18368" />
    <nd ref="18369" />
    <nd ref="18370" />
    <nd ref="18371" />
    <nd ref="18372" />
    <nd ref="18373" />
    <nd ref="18374" />
    <nd ref="18375" />
    <nd ref="18376" />
    <nd ref="18377" />
    <nd ref="18378" />
    <nd ref="18379" />
    <nd ref="18380" />
    <nd ref="18381" />
    <nd ref="18382" />
    <nd ref="18383" />
    <nd ref="18384" />
    <nd ref="18385" />
    <nd ref="18386" />
    <nd ref="18387" />
    <nd ref="18388" />
    <nd ref="18389" />
    <nd ref="18390" />
    <nd ref="18391" />
    <nd ref="18392" />
    <nd ref="18393" />
    <nd ref="18394" />
    <nd ref="18395" />
    <nd ref="18396" />
    <nd ref="18397" />
    <nd ref="18398" />
    <nd ref="18399" />
    <nd ref="18400" />
    <nd ref="18401" />
    <nd ref="18402" />
    <nd ref="495" />
    <tag k="type" v="line_thin" />
    <tag k="subtype" v="solid" />
  </way>
  <way id="499">
    <nd ref="497" />
    <nd ref="18403" />
    <nd ref="18404" />
    <nd ref="18405" />
    <nd ref="18406" />
    <nd ref="18407" />
    <nd ref="18408" />
    <nd ref="18409" />
    <nd ref="18410" />
    <nd ref="18411" />
    <nd ref="18412" />
    <nd ref="18413" />
    <nd ref="18414" />
    <nd ref="18415" />
    <nd ref="18416" />
    <nd ref="18417" />
    <nd ref="18418" />
    <nd ref="18419" />
    <nd ref="18420" />
    <nd ref="18421" />
    <nd ref="18422" />
    <nd ref="18423" />
    <nd ref="18424" />
    <nd ref="18425" />
    <nd ref="18426" />
    <nd ref="18427" />
    <nd ref="18428" />
    <nd ref="18429" />
    <nd ref="18430" />
    <nd ref="18431" />
    <nd ref="18432" />
    <nd ref="18433" />
    <nd ref="18434" />
    <nd ref="18435" />
    <nd ref="18436" />
    <nd ref="18437" />
    <nd ref="18438" />
    <nd ref="18439" />
    <nd ref="18440" />
    <nd ref="18441" />
    <nd ref="18442" />
    <nd ref="18443" />
    <nd ref="18444" />
    <nd ref="18445" />
    <nd ref="18446" />
    <nd ref="18447" />
    <nd ref="18448" />
    <nd ref="18449" />
    <nd ref="18450" />
    <nd ref="18451" />
    <nd ref="18452" />
    <nd ref="18453" />
    <nd ref="18454" />
    <nd ref="18455" />
    <nd ref="18456" />
    <nd ref="18457" />
    <nd ref="18458" />
    <nd ref="18459" />
    <nd ref="18460" />
    <nd ref="18461" />
    <nd ref="18462" />
    <nd ref="18463" />
    <nd ref="18464" />
    <nd ref="18465" />
    <nd ref="18466" />
    <nd ref="18467" />
    <nd ref="18468" />
    <nd ref="18469" />
    <nd ref="18470" />
    <nd ref="18471" />
    <nd ref="18472" />
    <nd ref="18473" />
    <nd ref="18474" />
    <nd ref="18475" />
    <nd ref="18476" />
    <nd ref="18477" />
    <nd ref="18478" />
    <nd ref="18479" />
    <nd ref="18480" />
    <nd ref="18481" />
    <nd ref="18482" />
    <nd ref="18483" />
    <nd ref="18484" />
    <nd ref="18485" />
    <nd ref="18486" />
    <nd ref="18487" />
    <nd ref="18488" />
    <nd ref="18489" />
    <nd ref="18490" />
    <nd ref="18491" />
    <nd ref="18492" />
    <nd ref="18493" />
    <nd ref="18494" />
    <nd ref="18495" />
    <nd ref="18496" />
    <nd ref="18497" />
    <nd ref="18498" />
    <nd ref="18499" />
    <nd ref="18500" />
    <nd ref="18501" />
    <nd ref="18502" />
    <nd ref="18503" />
    <nd ref="18504" />
    <nd ref="18505" />
    <nd ref="18506" />
    <nd ref="18507" />
    <nd ref="18508" />
    <nd ref="18509" />
    <nd ref="18510" />
    <nd ref="18511" />
    <nd ref="18512" />
    <nd ref="18513" />
    <nd ref="18514" />
    <nd ref="18515" />
    <nd ref="18516" />
    <nd ref="18517" />
    <nd ref="18518" />
    <nd ref="18519" />
    <nd ref="18520" />
    <nd ref="18521" />
    <nd ref="18522" />
    <nd ref="18523" />
    <nd ref="18524" />
    <nd ref="18525" />
    <nd ref="18526" />
    <nd ref="18527" />
    <nd ref="18528" />
    <nd ref="18529" />
    <nd ref="18530" />
    <nd ref="18531" />
    <nd ref="18532" />
    <nd ref="18533" />
    <nd ref="18534" />
    <nd ref="18535" />
    <nd ref="18536" />
    <nd ref="18537" />
    <nd ref="18538" />
    <nd ref="18539" />
    <nd ref="18540" />
    <nd ref="18541" />
    <nd ref="18542" />
    <nd ref="18543" />
    <nd ref="18544" />
    <nd ref="18545" />
    <nd ref="18546" />
    <nd ref="18547" />
    <nd ref="18548" />
    <nd ref="18549" />
    <nd ref="18550" />
    <nd ref="18551" />
    <nd ref="18552" />
    <nd ref="18553" />
    <nd ref="18554" />
    <nd ref="18555" />
    <nd ref="18556" />
    <nd ref="18557" />
    <nd ref="18558" />
    <nd ref="18559" />
    <nd ref="18560" />
    <nd ref="18561" />
    <nd ref="18562" />
    <nd ref="18563" />
    <nd ref="18564" />
    <nd ref="18565" />
    <nd ref="498" />
    <tag k="type" v="line_thin" />
    <tag k="subtype" v="solid" />
  </way>
  <way id="502">
    <nd ref="500" />
    <nd ref="18566" />
    <nd ref="18567" />
    <nd ref="18568" />
    <nd ref="18569" />
    <nd ref="18570" />
    <nd ref="18571" />
    <nd ref="18572" />
    <nd ref="18573" />
    <nd ref="18574" />
    <nd ref="18575" />
    <nd ref="18576" />
    <nd ref="18577" />
    <nd ref="18578" />
    <nd ref="18579" />
    <nd ref="18580" />
    <nd ref="18581" />
    <nd ref="18582" />
    <nd ref="18583" />
    <nd ref="18584" />
    <nd ref="18585" />
    <nd ref="18586" />
    <nd ref="18587" />
    <nd ref="18588" />
    <nd ref="18589" />
    <nd ref="18590" />
    <nd ref="18591" />
    <nd ref="18592" />
    <nd ref="18593" />
    <nd ref="18594" />
    <nd ref="18595" />
    <nd ref="18596" />
    <nd ref="18597" />
    <nd ref="18598" />
    <nd ref="18599" />
    <nd ref="18600" />
    <nd ref="18601" />
    <nd ref="18602" />
    <nd ref="18603" />
    <nd ref="18604" />
    <nd ref="18605" />
    <nd ref="18606" />
    <nd ref="18607" />
    <nd ref="18608" />
    <nd ref="18609" />
    <nd ref="18610" />
    <nd ref="18611" />
    <nd ref="18612" />
    <nd ref="18613" />
    <nd ref="18614" />
    <nd ref="18615" />
    <nd ref="18616" />
    <nd ref="18617" />
    <nd ref="18618" />
    <nd ref="18619" />
    <nd ref="18620" />
    <nd ref="18621" />
    <nd ref="18622" />
    <nd ref="18623" />
    <nd ref="18624" />
    <nd ref="18625" />
    <nd ref="18626" />
    <nd ref="18627" />
    <nd ref="18628" />
    <nd ref="18629" />
    <nd ref="18630" />
    <nd ref="18631" />
    <nd ref="18632" />
    <nd ref="18633" />
    <nd ref="18634" />
    <nd ref="18635" />
    <nd ref="18636" />
    <nd ref="18637" />
    <nd ref="18638" />
    <nd ref="18639" />
    <nd ref="18640" />
    <nd ref="18641" />
    <nd ref="18642" />
    <nd ref="18643" />
    <nd ref="18644" />
    <nd ref="18645" />
    <nd ref="18646" />
    <nd ref="18647" />
    <nd ref="18648" />
    <nd ref="18649" />
    <nd ref="18650" />
    <nd ref="18651" />
    <nd ref="18652" />
    <nd ref="18653" />
    <nd ref="18654" />
    <nd ref="18655" />
    <nd ref="18656" />
    <nd ref="18657" />
    <nd ref="18658" />
    <nd ref="18659" />
    <nd ref="18660" />
    <nd ref="18661" />
    <nd ref="18662" />
    <nd ref="18663" />
    <nd ref="18664" />
    <nd ref="18665" />
    <nd ref="18666" />
    <nd ref="18667" />
    <nd ref="18668" />
    <nd ref="18669" />
    <nd ref="18670" />
    <nd ref="18671" />
    <nd ref="18672" />
    <nd ref="18673" />
    <nd ref="18674" />
    <nd ref="18675" />
    <nd ref="18676" />
    <nd ref="18677" />
    <nd ref="18678" />
    <nd ref="18679" />
    <nd ref="18680" />
    <nd ref="18681" />
    <nd ref="18682" />
    <nd ref="18683" />
    <nd ref="18684" />
    <nd ref="18685" />
    <nd ref="18686" />
    <nd ref="18687" />
    <nd ref="18688" />
    <nd ref="18689" />
    <nd ref="18690" />
    <nd ref="18691" />
    <nd ref="18692" />
    <nd ref="18693" />
    <nd ref="18694" />
    <nd ref="18695" />
    <nd ref="18696" />
    <nd ref="18697" />
    <nd ref="18698" />
    <nd ref="18699" />
    <nd ref="18700" />
    <nd ref="18701" />
    <nd ref="18702" />
    <nd ref="18703" />
    <nd ref="18704" />
    <nd ref="18705" />
    <nd ref="18706" />
    <nd ref="18707" />
    <nd ref="18708" />
    <nd ref="18709" />
    <nd ref="18710" />
    <nd ref="18711" />
    <nd ref="18712" />
    <nd ref="18713" />
    <nd ref="18714" />
    <nd ref="18715" />
    <nd ref="18716" />
    <nd ref="18717" />
    <nd ref="18718" />
    <nd ref="18719" />
    <nd ref="18720" />
    <nd ref="18721" />
    <nd ref="18722" />
    <nd ref="18723" />
    <nd ref="18724" />
    <nd ref="18725" />
    <nd ref="18726" />
    <nd ref="18727" />
    <nd ref="18728" />
    <nd ref="501" />
    <tag k="type" v="line_thin" />
    <tag k="subtype" v="solid" />
  </way>
  <way id="506">
    <nd ref="504" />
    <nd ref="18729" />
    <nd ref="18730" />
    <nd ref="18731" />
    <nd ref="18732" />
    <nd ref="18733" />
    <nd ref="18734" />
    <nd ref="18735" />
    <nd ref="18736" />
    <nd ref="18737" />
    <nd ref="18738" />
    <nd ref="18739" />
    <nd ref="18740" />
    <nd ref="18741" />
    <nd ref="18742" />
    <nd ref="18743" />
    <nd ref="18744" />
    <nd ref="18745" />
    <nd ref="18746" />
    <nd ref="18747" />
    <nd ref="18748" />
    <nd ref="18749" />
    <nd ref="18750" />
    <nd ref="18751" />
    <nd ref="18752" />
    <nd ref="18753" />
    <nd ref="18754" />
    <nd ref="18755" />
    <nd ref="18756" />
    <nd ref="18757" />
    <nd ref="18758" />
    <nd ref="18759" />
    <nd ref="18760" />
    <nd ref="18761" />
    <nd ref="18762" />
    <nd ref="18763" />
    <nd ref="18764" />
    <nd ref="18765" />
    <nd ref="18766" />
    <nd ref="18767" />
    <nd ref="18768" />
    <nd ref="18769" />
    <nd ref="18770" />
    <nd ref="18771" />
    <nd ref="18772" />
    <nd ref="18773" />
    <nd ref="18774" />
    <nd ref="18775" />
    <nd ref="18776" />
    <nd ref="18777" />
    <nd ref="18778" />
    <nd ref="18779" />
    <nd ref="18780" />
    <nd ref="18781" />
    <nd ref="18782" />
    <nd ref="18783" />
    <nd ref="18784" />
    <nd ref="18785" />
    <nd ref="18786" />
    <nd ref="18787" />
    <nd ref="18788" />
    <nd ref="18789" />
    <nd ref="18790" />
    <nd ref="18791" />
    <nd ref="18792" />
    <nd ref="18793" />
    <nd ref="18794" />
    <nd ref="18795" />
    <nd ref="18796" />
    <nd ref="18797" />
    <nd ref="18798" />
    <nd ref="18799" />
    <nd ref="18800" />
    <nd ref="18801" />
    <nd ref="18802" />
    <nd ref="18803" />
    <nd ref="18804" />
    <nd ref="18805" />
    <nd ref="18806" />
    <nd ref="18807" />
    <nd ref="18808" />
    <nd ref="18809" />
    <nd ref="18810" />
    <nd ref="18811" />
    <nd ref="18812" />
    <nd ref="18813" />
    <nd ref="18814" />
    <nd ref="18815" />
    <nd ref="18816" />
    <nd ref="18817" />
    <nd ref="18818" />
    <nd ref="18819" />
    <nd ref="18820" />
    <nd ref="18821" />
    <nd ref="18822" />
    <nd ref="18823" />
    <nd ref="18824" />
    <nd ref="18825" />
    <nd ref="18826" />
    <nd ref="18827" />
    <nd ref="18828" />
    <nd ref="18829" />
    <nd ref="18830" />
    <nd ref="18831" />
    <nd ref="18832" />
    <nd ref="18833" />
    <nd ref="18834" />
    <nd ref="18835" />
    <nd ref="18836" />
    <nd ref="18837" />
    <nd ref="18838" />
    <nd ref="18839" />
    <nd ref="18840" />
    <nd ref="18841" />
    <nd ref="18842" />
    <nd ref="18843" />
    <nd ref="18844" />
    <nd ref="18845" />
    <nd ref="18846" />
    <nd ref="18847" />
    <nd ref="18848" />
    <nd ref="18849" />
    <nd ref="18850" />
    <nd ref="18851" />
    <nd ref="18852" />
    <nd ref="18853" />
    <nd ref="18854" />
    <nd ref="18855" />
    <nd ref="18856" />
    <nd ref="18857" />
    <nd ref="18858" />
    <nd ref="18859" />
    <nd ref="18860" />
    <nd ref="18861" />
    <nd ref="18862" />
    <nd ref="18863" />
    <nd ref="18864" />
    <nd ref="18865" />
    <nd ref="18866" />
    <nd ref="18867" />
    <nd ref="18868" />
    <nd ref="18869" />
    <nd ref="18870" />
    <nd ref="18871" />
    <nd ref="18872" />
    <nd ref="18873" />
    <nd ref="18874" />
    <nd ref="18875" />
    <nd ref="18876" />
    <nd ref="18877" />
    <nd ref="18878" />
    <nd ref="18879" />
    <nd ref="18880" />
    <nd ref="18881" />
    <nd ref="18882" />
    <nd ref="18883" />
    <nd ref="18884" />
    <nd ref="18885" />
    <nd ref="18886" />
    <nd ref="18887" />
    <nd ref="18888" />
    <nd ref="18889" />
    <nd ref="18890" />
    <nd ref="505" />
    <tag k="type" v="line_thin" />
    <tag k="subtype" v="solid" />
  </way>
  <way id="509">
    <nd ref="507" />
    <nd ref="18891" />
    <nd ref="18892" />
    <nd ref="18893" />
    <nd ref="18894" />
    <nd ref="18895" />
    <nd ref="18896" />
    <nd ref="18897" />
    <nd ref="18898" />
    <nd ref="18899" />
    <nd ref="18900" />
    <nd ref="18901" />
    <nd ref="18902" />
    <nd ref="18903" />
    <nd ref="18904" />
    <nd ref="18905" />
    <nd ref="18906" />
    <nd ref="18907" />
    <nd ref="18908" />
    <nd ref="18909" />
    <nd ref="18910" />
    <nd ref="18911" />
    <nd ref="18912" />
    <nd ref="18913" />
    <nd ref="18914" />
    <nd ref="18915" />
    <nd ref="18916" />
    <nd ref="18917" />
    <nd ref="18918" />
    <nd ref="18919" />
    <nd ref="18920" />
    <nd ref="18921" />
    <nd ref="18922" />
    <nd ref="18923" />
    <nd ref="18924" />
    <nd ref="18925" />
    <nd ref="18926" />
    <nd ref="18927" />
    <nd ref="18928" />
    <nd ref="18929" />
    <nd ref="18930" />
    <nd ref="18931" />
    <nd ref="18932" />
    <nd ref="18933" />
    <nd ref="18934" />
    <nd ref="18935" />
    <nd ref="18936" />
    <nd ref="18937" />
    <nd ref="18938" />
    <nd ref="18939" />
    <nd ref="18940" />
    <nd ref="18941" />
    <nd ref="18942" />
    <nd ref="18943" />
    <nd ref="18944" />
    <nd ref="18945" />
    <nd ref="18946" />
    <nd ref="18947" />
    <nd ref="18948" />
    <nd ref="18949" />
    <nd ref="18950" />
    <nd ref="18951" />
    <nd ref="18952" />
    <nd ref="18953" />
    <nd ref="18954" />
    <nd ref="18955" />
    <nd ref="18956" />
    <nd ref="18957" />
    <nd ref="18958" />
    <nd ref="18959" />
    <nd ref="18960" />
    <nd ref="18961" />
    <nd ref="18962" />
    <nd ref="18963" />
    <nd ref="18964" />
    <nd ref="18965" />
    <nd ref="18966" />
    <nd ref="18967" />
    <nd ref="18968" />
    <nd ref="18969" />
    <nd ref="18970" />
    <nd ref="18971" />
    <nd ref="18972" />
    <nd ref="18973" />
    <nd ref="18974" />
    <nd ref="18975" />
    <nd ref="18976" />
    <nd ref="18977" />
    <nd ref="18978" />
    <nd ref="18979" />
    <nd ref="18980" />
    <nd ref="18981" />
    <nd ref="18982" />
    <nd ref="18983" />
    <nd ref="18984" />
    <nd ref="18985" />
    <nd ref="18986" />
    <nd ref="18987" />
    <nd ref="18988" />
    <nd ref="18989" />
    <nd ref="18990" />
    <nd ref="18991" />
    <nd ref="18992" />
    <nd ref="18993" />
    <nd ref="18994" />
    <nd ref="18995" />
    <nd ref="18996" />
    <nd ref="18997" />
    <nd ref="18998" />
    <nd ref="18999" />
    <nd ref="19000" />
    <nd ref="19001" />
    <nd ref="19002" />
    <nd ref="19003" />
    <nd ref="19004" />
    <nd ref="19005" />
    <nd ref="19006" />
    <nd ref="19007" />
    <nd ref="19008" />
    <nd ref="19009" />
    <nd ref="19010" />
    <nd ref="19011" />
    <nd ref="19012" />
    <nd ref="19013" />
    <nd ref="19014" />
    <nd ref="19015" />
    <nd ref="19016" />
    <nd ref="19017" />
    <nd ref="19018" />
    <nd ref="19019" />
    <nd ref="19020" />
    <nd ref="19021" />
    <nd ref="19022" />
    <nd ref="19023" />
    <nd ref="19024" />
    <nd ref="19025" />
    <nd ref="19026" />
    <nd ref="19027" />
    <nd ref="19028" />
    <nd ref="19029" />
    <nd ref="19030" />
    <nd ref="19031" />
    <nd ref="19032" />
    <nd ref="19033" />
    <nd ref="19034" />
    <nd ref="19035" />
    <nd ref="19036" />
    <nd ref="19037" />
    <nd ref="19038" />
    <nd ref="19039" />
    <nd ref="19040" />
    <nd ref="19041" />
    <nd ref="19042" />
    <nd ref="19043" />
    <nd ref="19044" />
    <nd ref="19045" />
    <nd ref="19046" />
    <nd ref="19047" />
    <nd ref="19048" />
    <nd ref="19049" />
    <nd ref="19050" />
    <nd ref="19051" />
    <nd ref="19052" />
    <nd ref="508" />
    <tag k="type" v="line_thin" />
    <tag k="subtype" v="solid" />
  </way>
  <way id="673">
    <nd ref="511" />
    <nd ref="19053" />
    <nd ref="19054" />
    <nd ref="19055" />
    <nd ref="19056" />
    <nd ref="19057" />
    <nd ref="19058" />
    <nd ref="19059" />
    <nd ref="19060" />
    <nd ref="19061" />
    <nd ref="19062" />
    <nd ref="19063" />
    <nd ref="19064" />
    <nd ref="19065" />
    <nd ref="19066" />
    <nd ref="19067" />
    <nd ref="19068" />
    <nd ref="19069" />
    <nd ref="19070" />
    <nd ref="19071" />
    <nd ref="19072" />
    <nd ref="19073" />
    <nd ref="19074" />
    <nd ref="19075" />
    <nd ref="19076" />
    <nd ref="19077" />
    <nd ref="19078" />
    <nd ref="19079" />
    <nd ref="19080" />
    <nd ref="19081" />
    <nd ref="19082" />
    <nd ref="19083" />
    <nd ref="19084" />
    <nd ref="19085" />
    <nd ref="19086" />
    <nd ref="19087" />
    <nd ref="19088" />
    <nd ref="19089" />
    <nd ref="19090" />
    <nd ref="19091" />
    <nd ref="19092" />
    <nd ref="19093" />
    <nd ref="19094" />
    <nd ref="19095" />
    <nd ref="19096" />
    <nd ref="19097" />
    <nd ref="19098" />
    <nd ref="19099" />
    <nd ref="19100" />
    <nd ref="19101" />
    <nd ref="19102" />
    <nd ref="19103" />
    <nd ref="19104" />
    <nd ref="19105" />
    <nd ref="19106" />
    <nd ref="19107" />
    <nd ref="19108" />
    <nd ref="19109" />
    <nd ref="19110" />
    <nd ref="19111" />
    <nd ref="19112" />
    <nd ref="19113" />
    <nd ref="19114" />
    <nd ref="19115" />
    <nd ref="19116" />
    <nd ref="19117" />
    <nd ref="19118" />
    <nd ref="19119" />
    <nd ref="19120" />
    <nd ref="19121" />
    <nd ref="19122" />
    <nd ref="19123" />
    <nd ref="19124" />
    <nd ref="19125" />
    <nd ref="19126" />
    <nd ref="19127" />
    <nd ref="19128" />
    <nd ref="19129" />
    <nd ref="19130" />
    <nd ref="19131" />
    <nd ref="19132" />
    <nd ref="19133" />
    <nd ref="19134" />
    <nd ref="19135" />
    <nd ref="19136" />
    <nd ref="19137" />
    <nd ref="19138" />
    <nd ref="19139" />
    <nd ref="19140" />
    <nd ref="19141" />
    <nd ref="19142" />
    <nd ref="19143" />
    <nd ref="19144" />
    <nd ref="19145" />
    <nd ref="19146" />
    <nd ref="19147" />
    <nd ref="19148" />
    <nd ref="19149" />
    <nd ref="19150" />
    <nd ref="19151" />
    <nd ref="19152" />
    <nd ref="19153" />
    <nd ref="19154" />
    <nd ref="19155" />
    <nd ref="19156" />
    <nd ref="19157" />
    <nd ref="19158" />
    <nd ref="19159" />
    <nd ref="19160" />
    <nd ref="19161" />
    <nd ref="19162" />
    <nd ref="19163" />
    <nd ref="19164" />
    <nd ref="19165" />
    <nd ref="19166" />
    <nd ref="19167" />
    <nd ref="19168" />
    <nd ref="19169" />
    <nd ref="19170" />
    <nd ref="19171" />
    <nd ref="19172" />
    <nd ref="19173" />
    <nd ref="19174" />
    <nd ref="19175" />
    <nd ref="19176" />
    <nd ref="19177" />
    <nd ref="19178" />
    <nd ref="19179" />
    <nd ref="19180" />
    <nd ref="19181" />
    <nd ref="19182" />
    <nd ref="19183" />
    <nd ref="19184" />
    <nd ref="19185" />
    <nd ref="19186" />
    <nd ref="19187" />
    <nd ref="19188" />
    <nd ref="19189" />
    <nd ref="19190" />
    <nd ref="19191" />
    <nd ref="19192" />
    <nd ref="19193" />
    <nd ref="19194" />
    <nd ref="19195" />
    <nd ref="19196" />
    <nd ref="19197" />
    <nd ref="19198" />
    <nd ref="19199" />
    <nd ref="19200" />
    <nd ref="19201" />
    <nd ref="19202" />
    <nd ref="19203" />
    <nd ref="19204" />
    <nd ref="19205" />
    <nd ref="19206" />
    <nd ref="19207" />
    <nd ref="19208" />
    <nd ref="19209" />
    <nd ref="672" />
    <tag k="type" v="line_thin" />
    <tag k="subtype" v="solid" />
  </way>
  <way id="683">
    <nd ref="681" />
    <nd ref="19210" />
    <nd ref="19211" />
    <nd ref="19212" />
    <nd ref="19213" />
    <nd ref="19214" />
    <nd ref="19215" />
    <nd ref="19216" />
    <nd ref="19217" />
    <nd ref="19218" />
    <nd ref="19219" />
    <nd ref="19220" />
    <nd ref="19221" />
    <nd ref="19222" />
    <nd ref="19223" />
    <nd ref="19224" />
    <nd ref="19225" />
    <nd ref="19226" />
    <nd ref="19227" />
    <nd ref="19228" />
    <nd ref="19229" />
    <nd ref="19230" />
    <nd ref="19231" />
    <nd ref="19232" />
    <nd ref="19233" />
    <nd ref="19234" />
    <nd ref="19235" />
    <nd ref="19236" />
    <nd ref="19237" />
    <nd ref="19238" />
    <nd ref="19239" />
    <nd ref="19240" />
    <nd ref="19241" />
    <nd ref="19242" />
    <nd ref="19243" />
    <nd ref="19244" />
    <nd ref="19245" />
    <nd ref="19246" />
    <nd ref="19247" />
    <nd ref="19248" />
    <nd ref="19249" />
    <nd ref="19250" />
    <nd ref="19251" />
    <nd ref="19252" />
    <nd ref="19253" />
    <nd ref="19254" />
    <nd ref="19255" />
    <nd ref="19256" />
    <nd ref="19257" />
    <nd ref="19258" />
    <nd ref="19259" />
    <nd ref="19260" />
    <nd ref="19261" />
    <nd ref="19262" />
    <nd ref="19263" />
    <nd ref="19264" />
    <nd ref="19265" />
    <nd ref="19266" />
    <nd ref="19267" />
    <nd ref="19268" />
    <nd ref="19269" />
    <nd ref="19270" />
    <nd ref="19271" />
    <nd ref="19272" />
    <nd ref="19273" />
    <nd ref="19274" />
    <nd ref="19275" />
    <nd ref="19276" />
    <nd ref="19277" />
    <nd ref="19278" />
    <nd ref="19279" />
    <nd ref="19280" />
    <nd ref="19281" />
    <nd ref="19282" />
    <nd ref="19283" />
    <nd ref="19284" />
    <nd ref="19285" />
    <nd ref="19286" />
    <nd ref="19287" />
    <nd ref="19288" />
    <nd ref="19289" />
    <nd ref="19290" />
    <nd ref="19291" />
    <nd ref="19292" />
    <nd ref="19293" />
    <nd ref="19294" />
    <nd ref="19295" />
    <nd ref="19296" />
    <nd ref="19297" />
    <nd ref="19298" />
    <nd ref="19299" />
    <nd ref="19300" />
    <nd ref="19301" />
    <nd ref="19302" />
    <nd ref="19303" />
    <nd ref="19304" />
    <nd ref="19305" />
    <nd ref="19306" />
    <nd ref="19307" />
    <nd ref="19308" />
    <nd ref="19309" />
    <nd ref="19310" />
    <nd ref="19311" />
    <nd ref="19312" />
    <nd ref="19313" />
    <nd ref="19314" />
    <nd ref="19315" />
    <nd ref="19316" />
    <nd ref="19317" />
    <nd ref="19318" />
    <nd ref="19319" />
    <nd ref="19320" />
    <nd ref="19321" />
    <nd ref="19322" />
    <nd ref="19323" />
    <nd ref="19324" />
    <nd ref="19325" />
    <nd ref="19326" />
    <nd ref="19327" />
    <nd ref="19328" />
    <nd ref="19329" />
    <nd ref="19330" />
    <nd ref="19331" />
    <nd ref="19332" />
    <nd ref="19333" />
    <nd ref="19334" />
    <nd ref="19335" />
    <nd ref="19336" />
    <nd ref="19337" />
    <nd ref="19338" />
    <nd ref="19339" />
    <nd ref="19340" />
    <nd ref="19341" />
    <nd ref="19342" />
    <nd ref="19343" />
    <nd ref="19344" />
    <nd ref="19345" />
    <nd ref="19346" />
    <nd ref="19347" />
    <nd ref="19348" />
    <nd ref="19349" />
    <nd ref="19350" />
    <nd ref="19351" />
    <nd ref="19352" />
    <nd ref="19353" />
    <nd ref="19354" />
    <nd ref="19355" />
    <nd ref="19356" />
    <nd ref="19357" />
    <nd ref="19358" />
    <nd ref="19359" />
    <nd ref="19360" />
    <nd ref="19361" />
    <nd ref="19362" />
    <nd ref="19363" />
    <nd ref="19364" />
    <nd ref="19365" />
    <nd ref="19366" />
    <nd ref="19367" />
    <nd ref="19368" />
    <nd ref="19369" />
    <nd ref="19370" />
    <nd ref="19371" />
    <nd ref="682" />
    <tag k="type" v="line_thin" />
    <tag k="subtype" v="solid" />
  </way>
  <way id="686">
    <nd ref="684" />
    <nd ref="19372" />
    <nd ref="19373" />
    <nd ref="19374" />
    <nd ref="19375" />
    <nd ref="19376" />
    <nd ref="19377" />
    <nd ref="19378" />
    <nd ref="19379" />
    <nd ref="19380" />
    <nd ref="19381" />
    <nd ref="19382" />
    <nd ref="19383" />
    <nd ref="19384" />
    <nd ref="19385" />
    <nd ref="19386" />
    <nd ref="19387" />
    <nd ref="19388" />
    <nd ref="19389" />
    <nd ref="19390" />
    <nd ref="19391" />
    <nd ref="19392" />
    <nd ref="19393" />
    <nd ref="19394" />
    <nd ref="19395" />
    <nd ref="19396" />
    <nd ref="19397" />
    <nd ref="19398" />
    <nd ref="19399" />
    <nd ref="19400" />
    <nd ref="19401" />
    <nd ref="19402" />
    <nd ref="19403" />
    <nd ref="19404" />
    <nd ref="19405" />
    <nd ref="19406" />
    <nd ref="19407" />
    <nd ref="19408" />
    <nd ref="19409" />
    <nd ref="19410" />
    <nd ref="19411" />
    <nd ref="19412" />
    <nd ref="19413" />
    <nd ref="19414" />
    <nd ref="19415" />
    <nd ref="19416" />
    <nd ref="19417" />
    <nd ref="19418" />
    <nd ref="19419" />
    <nd ref="19420" />
    <nd ref="19421" />
    <nd ref="19422" />
    <nd ref="19423" />
    <nd ref="19424" />
    <nd ref="19425" />
    <nd ref="19426" />
    <nd ref="19427" />
    <nd ref="19428" />
    <nd ref="19429" />
    <nd ref="19430" />
    <nd ref="19431" />
    <nd ref="19432" />
    <nd ref="19433" />
    <nd ref="19434" />
    <nd ref="19435" />
    <nd ref="19436" />
    <nd ref="19437" />
    <nd ref="19438" />
    <nd ref="19439" />
    <nd ref="19440" />
    <nd ref="19441" />
    <nd ref="19442" />
    <nd ref="19443" />
    <nd ref="19444" />
    <nd ref="19445" />
    <nd ref="19446" />
    <nd ref="19447" />
    <nd ref="19448" />
    <nd ref="19449" />
    <nd ref="19450" />
    <nd ref="19451" />
    <nd ref="19452" />
    <nd ref="19453" />
    <nd ref="19454" />
    <nd ref="19455" />
    <nd ref="19456" />
    <nd ref="19457" />
    <nd ref="19458" />
    <nd ref="19459" />
    <nd ref="19460" />
    <nd ref="19461" />
    <nd ref="19462" />
    <nd ref="19463" />
    <nd ref="19464" />
    <nd ref="19465" />
    <nd ref="19466" />
    <nd ref="19467" />
    <nd ref="19468" />
    <nd ref="19469" />
    <nd ref="19470" />
    <nd ref="19471" />
    <nd ref="19472" />
    <nd ref="19473" />
    <nd ref="19474" />
    <nd ref="19475" />
    <nd ref="19476" />
    <nd ref="19477" />
    <nd ref="19478" />
    <nd ref="19479" />
    <nd ref="19480" />
    <nd ref="19481" />
    <nd ref="19482" />
    <nd ref="19483" />
    <nd ref="19484" />
    <nd ref="19485" />
    <nd ref="19486" />
    <nd ref="19487" />
    <nd ref="19488" />
    <nd ref="19489" />
    <nd ref="19490" />
    <nd ref="19491" />
    <nd ref="19492" />
    <nd ref="19493" />
    <nd ref="19494" />
    <nd ref="19495" />
    <nd ref="19496" />
    <nd ref="19497" />
    <nd ref="19498" />
    <nd ref="19499" />
    <nd ref="19500" />
    <nd ref="19501" />
    <nd ref="19502" />
    <nd ref="19503" />
    <nd ref="19504" />
    <nd ref="19505" />
    <nd ref="19506" />
    <nd ref="19507" />
    <nd ref="19508" />
    <nd ref="19509" />
    <nd ref="19510" />
    <nd ref="19511" />
    <nd ref="19512" />
    <nd ref="19513" />
    <nd ref="19514" />
    <nd ref="19515" />
    <nd ref="19516" />
    <nd ref="19517" />
    <nd ref="19518" />
    <nd ref="19519" />
    <nd ref="19520" />
    <nd ref="19521" />
    <nd ref="19522" />
    <nd ref="19523" />
    <nd ref="19524" />
    <nd ref="19525" />
    <nd ref="19526" />
    <nd ref="19527" />
    <nd ref="19528" />
    <nd ref="19529" />
    <nd ref="19530" />
    <nd ref="19531" />
    <nd ref="19532" />
    <nd ref="19533" />
    <nd ref="685" />
    <tag k="type" v="line_thin" />
    <tag k="subtype" v="solid" />
  </way>
  <way id="714">
    <nd ref="258" />
    <nd ref="19534" />
    <nd ref="19535" />
    <nd ref="19536" />
    <nd ref="19537" />
    <nd ref="19538" />
    <nd ref="19539" />
    <nd ref="19540" />
    <nd ref="19541" />
    <nd ref="19542" />
    <nd ref="19543" />
    <nd ref="19544" />
    <nd ref="19545" />
    <nd ref="19546" />
    <nd ref="19547" />
    <nd ref="19548" />
    <nd ref="500" />
    <tag k="type" v="line_thin" />
    <tag k="subtype" v="solid" />
  </way>
  <way id="715">
    <nd ref="2" />
    <nd ref="19549" />
    <nd ref="19550" />
    <nd ref="19551" />
    <nd ref="19552" />
    <nd ref="497" />
    <tag k="type" v="line_thin" />
    <tag k="subtype" v="solid" />
  </way>
  <way id="723">
    <nd ref="720" />
    <nd ref="19553" />
    <nd ref="19554" />
    <nd ref="19555" />
    <nd ref="19556" />
    <nd ref="19557" />
    <nd ref="19558" />
    <nd ref="19559" />
    <nd ref="19560" />
    <nd ref="19561" />
    <nd ref="19562" />
    <nd ref="19563" />
    <nd ref="19564" />
    <nd ref="19565" />
    <nd ref="19566" />
    <nd ref="19567" />
    <nd ref="19568" />
    <nd ref="19569" />
    <nd ref="19570" />
    <nd ref="19571" />
    <nd ref="19572" />
    <nd ref="19573" />
    <nd ref="19574" />
    <nd ref="19575" />
    <nd ref="19576" />
    <nd ref="19577" />
    <nd ref="19578" />
    <nd ref="19579" />
    <nd ref="19580" />
    <nd ref="19581" />
    <nd ref="19582" />
    <nd ref="19583" />
    <nd ref="19584" />
    <nd ref="19585" />
    <nd ref="19586" />
    <nd ref="19587" />
    <nd ref="19588" />
    <nd ref="19589" />
    <nd ref="19590" />
    <nd ref="19591" />
    <nd ref="19592" />
    <nd ref="19593" />
    <nd ref="19594" />
    <nd ref="19595" />
    <nd ref="19596" />
    <nd ref="19597" />
    <nd ref="19598" />
    <nd ref="19599" />
    <nd ref="19600" />
    <nd ref="19601" />
    <nd ref="19602" />
    <nd ref="19603" />
    <nd ref="19604" />
    <nd ref="19605" />
    <nd ref="19606" />
    <nd ref="19607" />
    <nd ref="19608" />
    <nd ref="19609" />
    <nd ref="19610" />
    <nd ref="19611" />
    <nd ref="19612" />
    <nd ref="19613" />
    <nd ref="19614" />
    <nd ref="19615" />
    <nd ref="19616" />
    <nd ref="19617" />
    <nd ref="19618" />
    <nd ref="19619" />
    <nd ref="19620" />
    <nd ref="19621" />
    <nd ref="19622" />
    <nd ref="19623" />
    <nd ref="19624" />
    <nd ref="19625" />
    <nd ref="19626" />
    <nd ref="19627" />
    <nd ref="19628" />
    <nd ref="19629" />
    <nd ref="19630" />
    <nd ref="19631" />
    <nd ref="19632" />
    <nd ref="19633" />
    <nd ref="19634" />
    <nd ref="19635" />
    <nd ref="19636" />
    <nd ref="19637" />
    <nd ref="19638" />
    <nd ref="19639" />
    <nd ref="19640" />
    <nd ref="19641" />
    <nd ref="266" />
    <tag k="type" v="line_thin" />
    <tag k="subtype" v="solid" />
  </way>
  <way id="725">
    <nd ref="721" />
    <nd ref="19642" />
    <nd ref="19643" />
    <nd ref="19644" />
    <nd ref="19645" />
    <nd ref="19646" />
    <nd ref="19647" />
    <nd ref="19648" />
    <nd ref="19649" />
    <nd ref="19650" />
    <nd ref="19651" />
    <nd ref="19652" />
    <nd ref="19653" />
    <nd ref="19654" />
    <nd ref="19655" />
    <nd ref="19656" />
    <nd ref="19657" />
    <nd ref="19658" />
    <nd ref="19659" />
    <nd ref="19660" />
    <nd ref="19661" />
    <nd ref="19662" />
    <nd ref="19663" />
    <nd ref="19664" />
    <nd ref="19665" />
    <nd ref="19666" />
    <nd ref="19667" />
    <nd ref="19668" />
    <nd ref="19669" />
    <nd ref="19670" />
    <nd ref="19671" />
    <nd ref="19672" />
    <nd ref="19673" />
    <nd ref="19674" />
    <nd ref="19675" />
    <nd ref="19676" />
    <nd ref="19677" />
    <nd ref="19678" />
    <nd ref="19679" />
    <nd ref="19680" />
    <nd ref="19681" />
    <nd ref="19682" />
    <nd ref="19683" />
    <nd ref="19684" />
    <nd ref="19685" />
    <nd ref="19686" />
    <nd ref="19687" />
    <nd ref="19688" />
    <nd ref="19689" />
    <nd ref="19690" />
    <nd ref="19691" />
    <nd ref="19692" />
    <nd ref="19693" />
    <nd ref="19694" />
    <nd ref="19695" />
    <nd ref="19696" />
    <nd ref="19697" />
    <nd ref="19698" />
    <nd ref="19699" />
    <nd ref="19700" />
    <nd ref="19701" />
    <nd ref="19702" />
    <nd ref="19703" />
    <nd ref="19704" />
    <nd ref="19705" />
    <nd ref="19706" />
    <nd ref="19707" />
    <nd ref="19708" />
    <nd ref="19709" />
    <nd ref="19710" />
    <nd ref="19711" />
    <nd ref="19712" />
    <nd ref="19713" />
    <nd ref="19714" />
    <nd ref="19715" />
    <nd ref="19716" />
    <nd ref="19717" />
    <nd ref="19718" />
    <nd ref="19719" />
    <nd ref="19720" />
    <nd ref="19721" />
    <nd ref="19722" />
    <nd ref="19723" />
    <nd ref="19724" />
    <nd ref="19725" />
    <nd ref="19726" />
    <nd ref="19727" />
    <nd ref="19728" />
    <nd ref="19729" />
    <nd ref="382" />
    <tag k="type" v="line_thin" />
    <tag k="subtype" v="solid" />
  </way>
  <way id="4095">
    <nd ref="504" />
    <nd ref="19730" />
    <nd ref="19731" />
    <nd ref="19732" />
    <nd ref="19733" />
    <nd ref="19734" />
    <nd ref="19735" />
    <nd ref="19736" />
    <nd ref="19737" />
    <nd ref="19738" />
    <nd ref="19739" />
    <nd ref="721" />
    <tag k="type" v="line_thin" />
    <tag k="subtype" v="solid" />
  </way>
  <way id="4096">
    <nd ref="507" />
    <nd ref="19740" />
    <nd ref="19741" />
    <nd ref="19742" />
    <nd ref="19743" />
    <nd ref="19744" />
    <nd ref="19745" />
    <nd ref="19746" />
    <nd ref="19747" />
    <nd ref="19748" />
    <nd ref="19749" />
    <nd ref="19750" />
    <nd ref="19751" />
    <nd ref="19752" />
    <nd ref="19753" />
    <nd ref="19754" />
    <nd ref="19755" />
    <nd ref="19756" />
    <nd ref="19757" />
    <nd ref="19758" />
    <nd ref="19759" />
    <nd ref="19760" />
    <nd ref="720" />
    <tag k="type" v="line_thin" />
    <tag k="subtype" v="solid" />
  </way>
  <way id="4264">
    <nd ref="4098" />
    <nd ref="19761" />
    <nd ref="19762" />
    <nd ref="19763" />
    <nd ref="19764" />
    <nd ref="19765" />
    <nd ref="19766" />
    <nd ref="19767" />
    <nd ref="19768" />
    <nd ref="19769" />
    <nd ref="19770" />
    <nd ref="19771" />
    <nd ref="19772" />
    <nd ref="19773" />
    <nd ref="19774" />
    <nd ref="19775" />
    <nd ref="19776" />
    <nd ref="19777" />
    <nd ref="19778" />
    <nd ref="19779" />
    <nd ref="19780" />
    <nd ref="19781" />
    <nd ref="19782" />
    <nd ref="19783" />
    <nd ref="19784" />
    <nd ref="19785" />
    <nd ref="19786" />
    <nd ref="19787" />
    <nd ref="19788" />
    <nd ref="19789" />
    <nd ref="19790" />
    <nd ref="19791" />
    <nd ref="19792" />
    <nd ref="19793" />
    <nd ref="19794" />
    <nd ref="19795" />
    <nd ref="19796" />
    <nd ref="19797" />
    <nd ref="19798" />
    <nd ref="19799" />
    <nd ref="19800" />
    <nd ref="19801" />
    <nd ref="19802" />
    <nd ref="19803" />
    <nd ref="19804" />
    <nd ref="19805" />
    <nd ref="19806" />
    <nd ref="19807" />
    <nd ref="19808" />
    <nd ref="19809" />
    <nd ref="19810" />
    <nd ref="19811" />
    <nd ref="19812" />
    <nd ref="19813" />
    <nd ref="19814" />
    <nd ref="19815" />
    <nd ref="19816" />
    <nd ref="19817" />
    <nd ref="19818" />
    <nd ref="19819" />
    <nd ref="19820" />
    <nd ref="19821" />
    <nd ref="19822" />
    <nd ref="19823" />
    <nd ref="19824" />
    <nd ref="19825" />
    <nd ref="19826" />
    <nd ref="19827" />
    <nd ref="19828" />
    <nd ref="19829" />
    <nd ref="19830" />
    <nd ref="19831" />
    <nd ref="19832" />
    <nd ref="19833" />
    <nd ref="19834" />
    <nd ref="19835" />
    <nd ref="19836" />
    <nd ref="19837" />
    <nd ref="19838" />
    <nd ref="19839" />
    <nd ref="19840" />
    <nd ref="19841" />
    <nd ref="19842" />
    <nd ref="19843" />
    <nd ref="19844" />
    <nd ref="19845" />
    <nd ref="19846" />
    <nd ref="19847" />
    <nd ref="19848" />
    <nd ref="19849" />
    <nd ref="19850" />
    <nd ref="19851" />
    <nd ref="19852" />
    <nd ref="19853" />
    <nd ref="19854" />
    <nd ref="19855" />
    <nd ref="19856" />
    <nd ref="19857" />
    <nd ref="19858" />
    <nd ref="19859" />
    <nd ref="19860" />
    <nd ref="19861" />
    <nd ref="19862" />
    <nd ref="19863" />
    <nd ref="19864" />
    <nd ref="19865" />
    <nd ref="19866" />
    <nd ref="19867" />
    <nd ref="19868" />
    <nd ref="19869" />
    <nd ref="19870" />
    <nd ref="19871" />
    <nd ref="19872" />
    <nd ref="19873" />
    <nd ref="19874" />
    <nd ref="19875" />
    <nd ref="19876" />
    <nd ref="19877" />
    <nd ref="19878" />
    <nd ref="19879" />
    <nd ref="19880" />
    <nd ref="19881" />
    <nd ref="19882" />
    <nd ref="19883" />
    <nd ref="19884" />
    <nd ref="19885" />
    <nd ref="19886" />
    <nd ref="19887" />
    <nd ref="19888" />
    <nd ref="19889" />
    <nd ref="19890" />
    <nd ref="19891" />
    <nd ref="19892" />
    <nd ref="19893" />
    <nd ref="19894" />
    <nd ref="19895" />
    <nd ref="19896" />
    <nd ref="19897" />
    <nd ref="19898" />
    <nd ref="19899" />
    <nd ref="19900" />
    <nd ref="19901" />
    <nd ref="19902" />
    <nd ref="19903" />
    <nd ref="19904" />
    <nd ref="19905" />
    <nd ref="19906" />
    <nd ref="19907" />
    <nd ref="19908" />
    <nd ref="19909" />
    <nd ref="19910" />
    <nd ref="19911" />
    <nd ref="19912" />
    <nd ref="19913" />
    <nd ref="19914" />
    <nd ref="19915" />
    <nd ref="19916" />
    <nd ref="19917" />
    <nd ref="19918" />
    <nd ref="19919" />
    <nd ref="19920" />
    <nd ref="4263" />
    <tag k="type" v="line_thin" />
    <tag k="subtype" v="solid" />
  </way>
  <way id="4597">
    <nd ref="4267" />
    <nd ref="19921" />
    <nd ref="19922" />
    <nd ref="19923" />
    <nd ref="19924" />
    <nd ref="19925" />
    <nd ref="19926" />
    <nd ref="19927" />
    <nd ref="19928" />
    <nd ref="19929" />
    <nd ref="19930" />
    <nd ref="19931" />
    <nd ref="672" />
    <tag k="type" v="line_thin" />
    <tag k="subtype" v="solid" />
  </way>
  <way id="4598">
    <nd ref="677" />
    <nd ref="19932" />
    <nd ref="19933" />
    <nd ref="19934" />
    <nd ref="19935" />
    <nd ref="19936" />
    <nd ref="19937" />
    <nd ref="19938" />
    <nd ref="19939" />
    <nd ref="19940" />
    <nd ref="19941" />
    <nd ref="19942" />
    <nd ref="19943" />
    <nd ref="19944" />
    <nd ref="19945" />
    <nd ref="19946" />
    <nd ref="280" />
    <tag k="type" v="line_thin" />
    <tag k="subtype" v="solid" />
  </way>
  <way id="13457">
    <nd ref="672" />
    <nd ref="19947" />
    <nd ref="19948" />
    <nd ref="19949" />
    <nd ref="19950" />
    <nd ref="19951" />
    <nd ref="19952" />
    <nd ref="19953" />
    <nd ref="19954" />
    <nd ref="19955" />
    <nd ref="19956" />
    <nd ref="19957" />
    <nd ref="4267" />
    <tag k="type" v="line_thin" />
    <tag k="subtype" v="solid" />
  </way>
  <way id="13458">
    <nd ref="277" />
    <nd ref="19958" />
    <nd ref="19959" />
    <nd ref="19960" />
    <nd ref="19961" />
    <nd ref="674" />
    <tag k="type" v="line_thin" />
    <tag k="subtype" v="solid" />
  </way>
  <way id="16742">
    <nd ref="4502" />
    <nd ref="19962" />
    <nd ref="19963" />
    <nd ref="19964" />
    <nd ref="19965" />
    <nd ref="19966" />
    <nd ref="19967" />
    <nd ref="19968" />
    <nd ref="19969" />
    <nd ref="19970" />
    <nd ref="19971" />
    <nd ref="19972" />
    <nd ref="19973" />
    <nd ref="19974" />
    <nd ref="19975" />
    <nd ref="19976" />
    <nd ref="19977" />
    <nd ref="19978" />
    <nd ref="19979" />
    <nd ref="19980" />
    <nd ref="19981" />
    <nd ref="19982" />
    <nd ref="19983" />
    <nd ref="19984" />
    <nd ref="16740" />
    <tag k="type" v="line_thin" />
    <tag k="subtype" v="solid" />
  </way>
  <way id="16744">
    <nd ref="4503" />
    <nd ref="19985" />
    <nd ref="19986" />
    <nd ref="19987" />
    <nd ref="19988" />
    <nd ref="19989" />
    <nd ref="19990" />
    <nd ref="19991" />
    <nd ref="19992" />
    <nd ref="19993" />
    <nd ref="19994" />
    <nd ref="19995" />
    <nd ref="19996" />
    <nd ref="19997" />
    <nd ref="19998" />
    <nd ref="19999" />
    <nd ref="20000" />
    <nd ref="20001" />
    <nd ref="20002" />
    <nd ref="20003" />
    <nd ref="20004" />
    <nd ref="20005" />
    <nd ref="20006" />
    <nd ref="20007" />
    <nd ref="16741" />
    <tag k="type" v="line_thin" />
    <tag k="subtype" v="solid" />
  </way>
  <way id="16820">
    <nd ref="16790" />
    <nd ref="20008" />
    <nd ref="20009" />
    <nd ref="20010" />
    <nd ref="20011" />
    <nd ref="20012" />
    <nd ref="20013" />
    <nd ref="20014" />
    <nd ref="20015" />
    <nd ref="20016" />
    <nd ref="20017" />
    <nd ref="20018" />
    <nd ref="20019" />
    <nd ref="20020" />
    <nd ref="20021" />
    <nd ref="505" />
    <tag k="type" v="line_thin" />
    <tag k="subtype" v="solid" />
  </way>
  <way id="16821">
    <nd ref="16791" />
    <nd ref="20022" />
    <nd ref="20023" />
    <nd ref="20024" />
    <nd ref="20025" />
    <nd ref="508" />
    <tag k="type" v="line_thin" />
    <tag k="subtype" v="solid" />
  </way>
  <way id="16856">
    <nd ref="501" />
    <nd ref="20026" />
    <nd ref="20027" />
    <nd ref="20028" />
    <nd ref="20029" />
    <nd ref="20030" />
    <nd ref="20031" />
    <nd ref="20032" />
    <nd ref="16740" />
    <tag k="type" v="line_thin" />
    <tag k="subtype" v="solid" />
  </way>
  <way id="16857">
    <nd ref="498" />
    <nd ref="20033" />
    <nd ref="20034" />
    <nd ref="20035" />
    <nd ref="20036" />
    <nd ref="20037" />
    <nd ref="20038" />
    <nd ref="20039" />
    <nd ref="20040" />
    <nd ref="20041" />
    <nd ref="20042" />
    <nd ref="20043" />
    <nd ref="20044" />
    <nd ref="20045" />
    <nd ref="20046" />
    <nd ref="20047" />
    <nd ref="20048" />
    <nd ref="20049" />
    <nd ref="16741" />
    <tag k="type" v="line_thin" />
    <tag k="subtype" v="solid" />
  </way>
  <way id="16861">
    <nd ref="4267" />
    <nd ref="20050" />
    <nd ref="20051" />
    <nd ref="20052" />
    <nd ref="20053" />
    <nd ref="20054" />
    <nd ref="20055" />
    <nd ref="20056" />
    <nd ref="20057" />
    <nd ref="20058" />
    <nd ref="20059" />
    <nd ref="20060" />
    <nd ref="20061" />
    <nd ref="20062" />
    <nd ref="20063" />
    <nd ref="20064" />
    <nd ref="20065" />
    <nd ref="20066" />
    <nd ref="20067" />
    <nd ref="20068" />
    <nd ref="20069" />
    <nd ref="20070" />
    <nd ref="20071" />
    <nd ref="20072" />
    <nd ref="20073" />
    <nd ref="20074" />
    <nd ref="20075" />
    <nd ref="20076" />
    <nd ref="20077" />
    <nd ref="20078" />
    <nd ref="20079" />
    <nd ref="20080" />
    <nd ref="20081" />
    <nd ref="20082" />
    <nd ref="20083" />
    <nd ref="20084" />
    <nd ref="20085" />
    <nd ref="20086" />
    <nd ref="20087" />
    <nd ref="20088" />
    <nd ref="20089" />
    <nd ref="20090" />
    <nd ref="20091" />
    <nd ref="20092" />
    <nd ref="20093" />
    <nd ref="20094" />
    <nd ref="20095" />
    <nd ref="20096" />
    <nd ref="20097" />
    <nd ref="20098" />
    <nd ref="20099" />
    <nd ref="20100" />
    <nd ref="20101" />
    <nd ref="20102" />
    <nd ref="20103" />
    <nd ref="20104" />
    <nd ref="20105" />
    <nd ref="20106" />
    <nd ref="20107" />
    <nd ref="20108" />
    <nd ref="20109" />
    <nd ref="20110" />
    <nd ref="20111" />
    <nd ref="20112" />
    <nd ref="20113" />
    <nd ref="20114" />
    <nd ref="20115" />
    <nd ref="20116" />
    <nd ref="20117" />
    <nd ref="20118" />
    <nd ref="20119" />
    <nd ref="20120" />
    <nd ref="20121" />
    <nd ref="20122" />
    <nd ref="20123" />
    <nd ref="20124" />
    <nd ref="20125" />
    <nd ref="20126" />
    <nd ref="20127" />
    <nd ref="20128" />
    <nd ref="20129" />
    <nd ref="20130" />
    <nd ref="20131" />
    <nd ref="20132" />
    <nd ref="20133" />
    <nd ref="20134" />
    <nd ref="20135" />
    <nd ref="20136" />
    <nd ref="20137" />
    <nd ref="20138" />
    <nd ref="20139" />
    <nd ref="20140" />
    <nd ref="20141" />
    <nd ref="20142" />
    <nd ref="20143" />
    <nd ref="20144" />
    <nd ref="20145" />
    <nd ref="20146" />
    <nd ref="20147" />
    <nd ref="20148" />
    <nd ref="20149" />
    <nd ref="20150" />
    <nd ref="20151" />
    <nd ref="20152" />
    <nd ref="20153" />
    <nd ref="20154" />
    <nd ref="20155" />
    <nd ref="16859" />
    <tag k="type" v="line_thin" />
    <tag k="subtype" v="solid" />
  </way>
  <way id="16863">
    <nd ref="674" />
    <nd ref="20156" />
    <nd ref="20157" />
    <nd ref="20158" />
    <nd ref="20159" />
    <nd ref="20160" />
    <nd ref="20161" />
    <nd ref="20162" />
    <nd ref="20163" />
    <nd ref="20164" />
    <nd ref="20165" />
    <nd ref="20166" />
    <nd ref="20167" />
    <nd ref="20168" />
    <nd ref="20169" />
    <nd ref="20170" />
    <nd ref="20171" />
    <nd ref="20172" />
    <nd ref="20173" />
    <nd ref="20174" />
    <nd ref="20175" />
    <nd ref="20176" />
    <nd ref="20177" />
    <nd ref="20178" />
    <nd ref="20179" />
    <nd ref="20180" />
    <nd ref="20181" />
    <nd ref="20182" />
    <nd ref="20183" />
    <nd ref="20184" />
    <nd ref="20185" />
    <nd ref="20186" />
    <nd ref="20187" />
    <nd ref="20188" />
    <nd ref="20189" />
    <nd ref="20190" />
    <nd ref="20191" />
    <nd ref="20192" />
    <nd ref="20193" />
    <nd ref="20194" />
    <nd ref="20195" />
    <nd ref="20196" />
    <nd ref="20197" />
    <nd ref="20198" />
    <nd ref="20199" />
    <nd ref="20200" />
    <nd ref="20201" />
    <nd ref="20202" />
    <nd ref="20203" />
    <nd ref="20204" />
    <nd ref="20205" />
    <nd ref="20206" />
    <nd ref="20207" />
    <nd ref="20208" />
    <nd ref="20209" />
    <nd ref="20210" />
    <nd ref="20211" />
    <nd ref="20212" />
    <nd ref="20213" />
    <nd ref="20214" />
    <nd ref="20215" />
    <nd ref="20216" />
    <nd ref="20217" />
    <nd ref="20218" />
    <nd ref="20219" />
    <nd ref="20220" />
    <nd ref="20221" />
    <nd ref="20222" />
    <nd ref="20223" />
    <nd ref="20224" />
    <nd ref="20225" />
    <nd ref="20226" />
    <nd ref="20227" />
    <nd ref="20228" />
    <nd ref="20229" />
    <nd ref="20230" />
    <nd ref="20231" />
    <nd ref="20232" />
    <nd ref="20233" />
    <nd ref="20234" />
    <nd ref="20235" />
    <nd ref="20236" />
    <nd ref="20237" />
    <nd ref="20238" />
    <nd ref="20239" />
    <nd ref="20240" />
    <nd ref="20241" />
    <nd ref="20242" />
    <nd ref="20243" />
    <nd ref="20244" />
    <nd ref="20245" />
    <nd ref="20246" />
    <nd ref="20247" />
    <nd ref="20248" />
    <nd ref="20249" />
    <nd ref="20250" />
    <nd ref="20251" />
    <nd ref="20252" />
    <nd ref="20253" />
    <nd ref="20254" />
    <nd ref="20255" />
    <nd ref="20256" />
    <nd ref="20257" />
    <nd ref="20258" />
    <nd ref="20259" />
    <nd ref="20260" />
    <nd ref="20261" />
    <nd ref="16860" />
    <tag k="type" v="line_thin" />
    <tag k="subtype" v="solid" />
  </way>
  <way id="16890">
    <nd ref="16859" />
    <nd ref="20262" />
    <nd ref="20263" />
    <nd ref="20264" />
    <nd ref="20265" />
    <nd ref="20266" />
    <nd ref="20267" />
    <nd ref="20268" />
    <nd ref="20269" />
    <nd ref="20270" />
    <nd ref="20271" />
    <nd ref="20272" />
    <nd ref="20273" />
    <nd ref="20274" />
    <nd ref="20275" />
    <nd ref="20276" />
    <nd ref="4263" />
    <tag k="type" v="line_thin" />
    <tag k="subtype" v="solid" />
  </way>
  <way id="16891">
    <nd ref="16860" />
    <nd ref="20277" />
    <nd ref="20278" />
    <nd ref="20279" />
    <nd ref="20280" />
    <nd ref="685" />
    <tag k="type" v="line_thin" />
    <tag k="subtype" v="solid" />
  </way>
  <way id="16902">
    <nd ref="16859" />
    <nd ref="20281" />
    <nd ref="20282" />
    <nd ref="20283" />
    <nd ref="20284" />
    <nd ref="20285" />
    <nd ref="20286" />
    <nd ref="20287" />
    <nd ref="20288" />
    <nd ref="20289" />
    <nd ref="20290" />
    <nd ref="20291" />
    <nd ref="20292" />
    <nd ref="20293" />
    <nd ref="20294" />
    <nd ref="20295" />
    <nd ref="20296" />
    <nd ref="20297" />
    <nd ref="20298" />
    <nd ref="16900" />
    <tag k="type" v="line_thin" />
    <tag k="subtype" v="solid" />
  </way>
  <way id="16903">
    <nd ref="16900" />
    <nd ref="20299" />
    <nd ref="20300" />
    <nd ref="20301" />
    <nd ref="20302" />
    <nd ref="20303" />
    <nd ref="20304" />
    <nd ref="20305" />
    <nd ref="20306" />
    <nd ref="20307" />
    <nd ref="20308" />
    <nd ref="20309" />
    <nd ref="20310" />
    <nd ref="20311" />
    <nd ref="20312" />
    <nd ref="20313" />
    <nd ref="20314" />
    <nd ref="20315" />
    <nd ref="20316" />
    <nd ref="20317" />
    <nd ref="20318" />
    <nd ref="20319" />
    <nd ref="20320" />
    <nd ref="20321" />
    <nd ref="20322" />
    <nd ref="20323" />
    <nd ref="20324" />
    <nd ref="20325" />
    <nd ref="20326" />
    <nd ref="20327" />
    <nd ref="20328" />
    <nd ref="20329" />
    <nd ref="20330" />
    <nd ref="20331" />
    <nd ref="20332" />
    <nd ref="20333" />
    <nd ref="20334" />
    <nd ref="20335" />
    <nd ref="20336" />
    <nd ref="20337" />
    <nd ref="20338" />
    <nd ref="20339" />
    <nd ref="20340" />
    <nd ref="20341" />
    <nd ref="20342" />
    <nd ref="20343" />
    <nd ref="20344" />
    <nd ref="20345" />
    <nd ref="20346" />
    <nd ref="20347" />
    <nd ref="20348" />
    <nd ref="20349" />
    <nd ref="20350" />
    <nd ref="20351" />
    <nd ref="20352" />
    <nd ref="20353" />
    <nd ref="20354" />
    <nd ref="20355" />
    <nd ref="20356" />
    <nd ref="20357" />
    <nd ref="20358" />
    <nd ref="20359" />
    <nd ref="20360" />
    <nd ref="20361" />
    <nd ref="20362" />
    <nd ref="20363" />
    <nd ref="20364" />
    <nd ref="20365" />
    <nd ref="20366" />
    <nd ref="20367" />
    <nd ref="16790" />
    <tag k="type" v="line_thin" />
    <tag k="subtype" v="solid" />
  </way>
  <way id="16904">
    <nd ref="16860" />
    <nd ref="20368" />
    <nd ref="20369" />
    <nd ref="20370" />
    <nd ref="20371" />
    <nd ref="20372" />
    <nd ref="20373" />
    <nd ref="20374" />
    <nd ref="20375" />
    <nd ref="20376" />
    <nd ref="20377" />
    <nd ref="20378" />
    <nd ref="20379" />
    <nd ref="20380" />
    <nd ref="20381" />
    <nd ref="20382" />
    <nd ref="20383" />
    <nd ref="20384" />
    <nd ref="20385" />
    <nd ref="16901" />
    <tag k="type" v="line_thin" />
    <tag k="subtype" v="solid" />
  </way>
  <way id="16905">
    <nd ref="16901" />
    <nd ref="20386" />
    <nd ref="20387" />
    <nd ref="20388" />
    <nd ref="20389" />
    <nd ref="20390" />
    <nd ref="20391" />
    <nd ref="20392" />
    <nd ref="20393" />
    <nd ref="20394" />
    <nd ref="20395" />
    <nd ref="20396" />
    <nd ref="20397" />
    <nd ref="20398" />
    <nd ref="20399" />
    <nd ref="20400" />
    <nd ref="20401" />
    <nd ref="20402" />
    <nd ref="20403" />
    <nd ref="20404" />
    <nd ref="20405" />
    <nd ref="20406" />
    <nd ref="20407" />
    <nd ref="20408" />
    <nd ref="20409" />
    <nd ref="20410" />
    <nd ref="20411" />
    <nd ref="20412" />
    <nd ref="20413" />
    <nd ref="20414" />
    <nd ref="20415" />
    <nd ref="20416" />
    <nd ref="20417" />
    <nd ref="20418" />
    <nd ref="20419" />
    <nd ref="20420" />
    <nd ref="20421" />
    <nd ref="20422" />
    <nd ref="20423" />
    <nd ref="20424" />
    <nd ref="20425" />
    <nd ref="20426" />
    <nd ref="20427" />
    <nd ref="20428" />
    <nd ref="20429" />
    <nd ref="20430" />
    <nd ref="20431" />
    <nd ref="20432" />
    <nd ref="20433" />
    <nd ref="20434" />
    <nd ref="20435" />
    <nd ref="20436" />
    <nd ref="20437" />
    <nd ref="20438" />
    <nd ref="20439" />
    <nd ref="20440" />
    <nd ref="20441" />
    <nd ref="20442" />
    <nd ref="20443" />
    <nd ref="20444" />
    <nd ref="20445" />
    <nd ref="20446" />
    <nd ref="20447" />
    <nd ref="20448" />
    <nd ref="20449" />
    <nd ref="20450" />
    <nd ref="20451" />
    <nd ref="20452" />
    <nd ref="20453" />
    <nd ref="20454" />
    <nd ref="16791" />
    <tag k="type" v="line_thin" />
    <tag k="subtype" v="solid" />
  </way>
  <way id="16935">
    <nd ref="4263" />
    <nd ref="20455" />
    <nd ref="20456" />
    <nd ref="20457" />
    <nd ref="20458" />
    <nd ref="20459" />
    <nd ref="20460" />
    <nd ref="20461" />
    <nd ref="20462" />
    <nd ref="20463" />
    <nd ref="20464" />
    <nd ref="20465" />
    <nd ref="20466" />
    <nd ref="16900" />
    <tag k="type" v="line_thin" />
    <tag k="subtype" v="solid" />
  </way>
  <way id="16936">
    <nd ref="682" />
    <nd ref="20467" />
    <nd ref="20468" />
    <nd ref="20469" />
    <nd ref="20470" />
    <nd ref="20471" />
    <nd ref="20472" />
    <nd ref="16901" />
    <tag k="type" v="line_thin" />
    <tag k="subtype" v="solid" />
  </way>
  <way id="16987">
    <nd ref="4098" />
    <nd ref="20473" />
    <nd ref="20474" />
    <nd ref="20475" />
    <nd ref="20476" />
    <nd ref="20477" />
    <nd ref="20478" />
    <nd ref="20479" />
    <nd ref="20480" />
    <nd ref="20481" />
    <nd ref="20482" />
    <nd ref="20483" />
    <nd ref="20484" />
    <nd ref="20485" />
    <nd ref="20486" />
    <nd ref="20487" />
    <nd ref="20488" />
    <nd ref="384" />
    <tag k="type" v="line_thin" />
    <tag k="subtype" v="solid" />
  </way>
  <way id="16988">
    <nd ref="684" />
    <nd ref="20489" />
    <nd ref="20490" />
    <nd ref="20491" />
    <nd ref="20492" />
    <nd ref="269" />
    <tag k="type" v="line_thin" />
    <tag k="subtype" v="solid" />
  </way>
  <way id="16990">
    <nd ref="382" />
    <nd ref="20493" />
    <nd ref="20494" />
    <nd ref="20495" />
    <nd ref="20496" />
    <nd ref="20497" />
    <nd ref="20498" />
    <nd ref="20499" />
    <nd ref="20500" />
    <nd ref="20501" />
    <nd ref="20502" />
    <nd ref="20503" />
    <nd ref="20504" />
    <nd ref="20505" />
    <nd ref="20506" />
    <nd ref="20507" />
    <nd ref="20508" />
    <nd ref="20509" />
    <nd ref="384" />
    <tag k="type" v="line_thin" />
    <tag k="subtype" v="solid" />
  </way>
  <way id="16991">
    <nd ref="263" />
    <nd ref="20510" />
    <nd ref="20511" />
    <nd ref="20512" />
    <nd ref="20513" />
    <nd ref="20514" />
    <nd ref="20515" />
    <nd ref="20516" />
    <nd ref="20517" />
    <nd ref="20518" />
    <nd ref="20519" />
    <nd ref="20520" />
    <nd ref="20521" />
    <nd ref="20522" />
    <nd ref="20523" />
    <nd ref="20524" />
    <nd ref="20525" />
    <nd ref="20526" />
    <nd ref="269" />
    <tag k="type" v="line_thin" />
    <tag k="subtype" v="solid" />
  </way>
  <way id="17045">
    <nd ref="495" />
    <nd ref="20527" />
    <nd ref="20528" />
    <nd ref="20529" />
    <nd ref="20530" />
    <nd ref="20531" />
    <nd ref="20532" />
    <nd ref="20533" />
    <nd ref="20534" />
    <nd ref="20535" />
    <nd ref="20536" />
    <nd ref="20537" />
    <nd ref="20538" />
    <nd ref="20539" />
    <nd ref="20540" />
    <nd ref="20541" />
    <nd ref="20542" />
    <nd ref="20543" />
    <nd ref="20544" />
    <nd ref="20545" />
    <nd ref="511" />
    <tag k="type" v="line_thin" />
    <tag k="subtype" v="solid" />
  </way>
  <way id="17046">
    <nd ref="270" />
    <nd ref="20546" />
    <nd ref="20547" />
    <nd ref="20548" />
    <nd ref="20549" />
    <nd ref="20550" />
    <nd ref="20551" />
    <nd ref="20552" />
    <nd ref="20553" />
    <nd ref="20554" />
    <nd ref="20555" />
    <nd ref="20556" />
    <nd ref="276" />
    <tag k="type" v="line_thin" />
    <tag k="subtype" v="solid" />
  </way>
  <way id="17126">
    <nd ref="511" />
    <nd ref="20557" />
    <nd ref="20558" />
    <nd ref="20559" />
    <nd ref="20560" />
    <nd ref="20561" />
    <nd ref="20562" />
    <nd ref="20563" />
    <nd ref="20564" />
    <nd ref="20565" />
    <nd ref="20566" />
    <nd ref="20567" />
    <nd ref="20568" />
    <nd ref="20569" />
    <nd ref="20570" />
    <nd ref="20571" />
    <nd ref="20572" />
    <nd ref="20573" />
    <nd ref="20574" />
    <nd ref="20575" />
    <nd ref="495" />
    <tag k="type" v="line_thin" />
    <tag k="subtype" v="solid" />
  </way>
  <way id="17127">
    <nd ref="279" />
    <nd ref="20576" />
    <nd ref="20577" />
    <nd ref="20578" />
    <nd ref="20579" />
    <nd ref="20580" />
    <nd ref="20581" />
    <nd ref="20582" />
    <nd ref="20583" />
    <nd ref="20584" />
    <nd ref="20585" />
    <nd ref="20586" />
    <nd ref="20587" />
    <nd ref="20588" />
    <nd ref="20589" />
    <nd ref="20590" />
    <nd ref="20591" />
    <nd ref="20592" />
    <nd ref="20593" />
    <nd ref="20594" />
    <nd ref="20595" />
    <nd ref="20596" />
    <nd ref="20597" />
    <nd ref="20598" />
    <nd ref="20599" />
    <nd ref="20600" />
    <nd ref="20601" />
    <nd ref="20602" />
    <nd ref="273" />
    <tag k="type" v="line_thin" />
    <tag k="subtype" v="solid" />
  </way>
  <way id="17129">
    <nd ref="384" />
    <nd ref="20603" />
    <nd ref="20604" />
    <nd ref="20605" />
    <nd ref="20606" />
    <nd ref="20607" />
    <nd ref="20608" />
    <nd ref="20609" />
    <nd ref="20610" />
    <nd ref="20611" />
    <nd ref="20612" />
    <nd ref="20613" />
    <nd ref="20614" />
    <nd ref="20615" />
    <nd ref="20616" />
    <nd ref="20617" />
    <nd ref="20618" />
    <nd ref="20619" />
    <nd ref="382" />
    <tag k="type" v="line_thin" />
    <tag k="subtype" v="solid" />
  </way>
  <way id="17130">
    <nd ref="272" />
    <nd ref="20620" />
    <nd ref="20621" />
    <nd ref="20622" />
    <nd ref="20623" />
    <nd ref="20624" />
    <nd ref="20625" />
    <nd ref="20626" />
    <nd ref="20627" />
    <nd ref="20628" />
    <nd ref="20629" />
    <nd ref="266" />
    <tag k="type" v="line_thin" />
    <tag k="subtype" v="solid" />
  </way>
  <way id="17178">
    <nd ref="4098" />
    <nd ref="20630" />
    <nd ref="20631" />
    <nd ref="20632" />
    <nd ref="20633" />
    <nd ref="20634" />
    <nd ref="20635" />
    <nd ref="20636" />
    <nd ref="20637" />
    <nd ref="20638" />
    <nd ref="20639" />
    <nd ref="20640" />
    <nd ref="20641" />
    <nd ref="382" />
    <tag k="type" v="line_thin" />
    <tag k="subtype" v="solid" />
  </way>
  <way id="17179">
    <nd ref="684" />
    <nd ref="20642" />
    <nd ref="20643" />
    <nd ref="20644" />
    <nd ref="20645" />
    <nd ref="20646" />
    <nd ref="20647" />
    <nd ref="20648" />
    <nd ref="20649" />
    <nd ref="20650" />
    <nd ref="20651" />
    <nd ref="20652" />
    <nd ref="20653" />
    <nd ref="20654" />
    <nd ref="20655" />
    <nd ref="20656" />
    <nd ref="20657" />
    <nd ref="20658" />
    <nd ref="20659" />
    <nd ref="20660" />
    <nd ref="20661" />
    <nd ref="20662" />
    <nd ref="266" />
    <tag k="type" v="line_thin" />
    <tag k="subtype" v="solid" />
  </way>
  <way id="17184">
    <nd ref="17181" />
    <nd ref="20663" />
    <nd ref="20664" />
    <nd ref="20665" />
    <nd ref="20666" />
    <nd ref="20667" />
    <nd ref="20668" />
    <nd ref="20669" />
    <nd ref="20670" />
    <nd ref="20671" />
    <nd ref="20672" />
    <nd ref="20673" />
    <nd ref="20674" />
    <nd ref="20675" />
    <nd ref="20676" />
    <nd ref="20677" />
    <nd ref="20678" />
    <nd ref="20679" />
    <nd ref="20680" />
    <nd ref="20681" />
    <nd ref="20682" />
    <nd ref="20683" />
    <nd ref="20684" />
    <nd ref="20685" />
    <nd ref="20686" />
    <nd ref="20687" />
    <nd ref="20688" />
    <nd ref="20689" />
    <nd ref="20690" />
    <nd ref="20691" />
    <nd ref="20692" />
    <nd ref="20693" />
    <nd ref="20694" />
    <nd ref="20695" />
    <nd ref="20696" />
    <nd ref="20697" />
    <nd ref="20698" />
    <nd ref="20699" />
    <nd ref="20700" />
    <nd ref="20701" />
    <nd ref="20702" />
    <nd ref="20703" />
    <nd ref="20704" />
    <nd ref="20705" />
    <nd ref="20706" />
    <nd ref="20707" />
    <nd ref="20708" />
    <nd ref="20709" />
    <nd ref="20710" />
    <nd ref="20711" />
    <nd ref="20712" />
    <nd ref="20713" />
    <nd ref="20714" />
    <nd ref="20715" />
    <nd ref="20716" />
    <nd ref="20717" />
    <nd ref="20718" />
    <nd ref="20719" />
    <nd ref="20720" />
    <nd ref="20721" />
    <nd ref="20722" />
    <nd ref="20723" />
    <nd ref="20724" />
    <nd ref="20725" />
    <nd ref="20726" />
    <nd ref="20727" />
    <nd ref="20728" />
    <nd ref="20729" />
    <nd ref="20730" />
    <nd ref="20731" />
    <nd ref="20732" />
    <nd ref="20733" />
    <nd ref="20734" />
    <nd ref="382" />
    <tag k="type" v="line_thin" />
    <tag k="subtype" v="solid" />
  </way>
  <way id="17186">
    <nd ref="17182" />
    <nd ref="20735" />
    <nd ref="20736" />
    <nd ref="20737" />
    <nd ref="20738" />
    <nd ref="20739" />
    <nd ref="20740" />
    <nd ref="20741" />
    <nd ref="20742" />
    <nd ref="20743" />
    <nd ref="20744" />
    <nd ref="20745" />
    <nd ref="20746" />
    <nd ref="20747" />
    <nd ref="20748" />
    <nd ref="20749" />
    <nd ref="20750" />
    <nd ref="20751" />
    <nd ref="20752" />
    <nd ref="20753" />
    <nd ref="20754" />
    <nd ref="20755" />
    <nd ref="20756" />
    <nd ref="20757" />
    <nd ref="20758" />
    <nd ref="20759" />
    <nd ref="20760" />
    <nd ref="20761" />
    <nd ref="20762" />
    <nd ref="20763" />
    <nd ref="20764" />
    <nd ref="20765" />
    <nd ref="20766" />
    <nd ref="20767" />
    <nd ref="20768" />
    <nd ref="20769" />
    <nd ref="20770" />
    <nd ref="20771" />
    <nd ref="20772" />
    <nd ref="20773" />
    <nd ref="20774" />
    <nd ref="20775" />
    <nd ref="20776" />
    <nd ref="20777" />
    <nd ref="20778" />
    <nd ref="20779" />
    <nd ref="20780" />
    <nd ref="20781" />
    <nd ref="20782" />
    <nd ref="20783" />
    <nd ref="20784" />
    <nd ref="20785" />
    <nd ref="20786" />
    <nd ref="20787" />
    <nd ref="20788" />
    <nd ref="20789" />
    <nd ref="20790" />
    <nd ref="20791" />
    <nd ref="20792" />
    <nd ref="20793" />
    <nd ref="20794" />
    <nd ref="20795" />
    <nd ref="20796" />
    <nd ref="20797" />
    <nd ref="20798" />
    <nd ref="20799" />
    <nd ref="20800" />
    <nd ref="20801" />
    <nd ref="20802" />
    <nd ref="20803" />
    <nd ref="20804" />
    <nd ref="20805" />
    <nd ref="20806" />
    <nd ref="263" />
    <tag k="type" v="line_thin" />
    <tag k="subtype" v="solid" />
  </way>
  <way id="17212">
    <nd ref="504" />
    <nd ref="20807" />
    <nd ref="20808" />
    <nd ref="20809" />
    <nd ref="20810" />
    <nd ref="20811" />
    <nd ref="20812" />
    <nd ref="20813" />
    <nd ref="20814" />
    <nd ref="20815" />
    <nd ref="20816" />
    <nd ref="20817" />
    <nd ref="20818" />
    <nd ref="20819" />
    <nd ref="20820" />
    <nd ref="20821" />
    <nd ref="17181" />
    <tag k="type" v="line_thin" />
    <tag k="subtype" v="solid" />
  </way>
  <way id="17213">
    <nd ref="507" />
    <nd ref="20822" />
    <nd ref="20823" />
    <nd ref="20824" />
    <nd ref="20825" />
    <nd ref="17182" />
    <tag k="type" v="line_thin" />
    <tag k="subtype" v="solid" />
  </way>
  <way id="17217">
    <nd ref="137" />
    <nd ref="17215" />
    <tag k="type" v="line_thin" />
    <tag k="subtype" v="solid" />
  </way>
  <way id="17218">
    <nd ref="17215" />
    <nd ref="20826" />
    <nd ref="20827" />
    <nd ref="20828" />
    <nd ref="20829" />
    <nd ref="20830" />
    <nd ref="20831" />
    <nd ref="20832" />
    <nd ref="20833" />
    <nd ref="20834" />
    <nd ref="20835" />
    <nd ref="20836" />
    <nd ref="20837" />
    <nd ref="20838" />
    <nd ref="20839" />
    <nd ref="20840" />
    <nd ref="20841" />
    <nd ref="20842" />
    <nd ref="20843" />
    <nd ref="20844" />
    <nd ref="20845" />
    <nd ref="20846" />
    <nd ref="20847" />
    <nd ref="20848" />
    <nd ref="20849" />
    <nd ref="20850" />
    <nd ref="20851" />
    <nd ref="20852" />
    <nd ref="20853" />
    <nd ref="20854" />
    <nd ref="20855" />
    <nd ref="20856" />
    <nd ref="20857" />
    <nd ref="20858" />
    <nd ref="20859" />
    <nd ref="20860" />
    <nd ref="20861" />
    <nd ref="20862" />
    <nd ref="20863" />
    <nd ref="20864" />
    <nd ref="20865" />
    <nd ref="20866" />
    <nd ref="20867" />
    <nd ref="20868" />
    <nd ref="20869" />
    <nd ref="20870" />
    <nd ref="20871" />
    <nd ref="20872" />
    <nd ref="20873" />
    <nd ref="20874" />
    <nd ref="20875" />
    <nd ref="20876" />
    <nd ref="20877" />
    <nd ref="20878" />
    <nd ref="20879" />
    <nd ref="20880" />
    <nd ref="20881" />
    <nd ref="20882" />
    <nd ref="20883" />
    <nd ref="20884" />
    <nd ref="20885" />
    <nd ref="20886" />
    <nd ref="20887" />
    <nd ref="20888" />
    <nd ref="20889" />
    <nd ref="20890" />
    <nd ref="20891" />
    <nd ref="20892" />
    <nd ref="20893" />
    <nd ref="20894" />
    <nd ref="20895" />
    <nd ref="20896" />
    <nd ref="20897" />
    <nd ref="20898" />
    <nd ref="20899" />
    <nd ref="20900" />
    <nd ref="20901" />
    <nd ref="20902" />
    <nd ref="20903" />
    <nd ref="20904" />
    <nd ref="20905" />
    <nd ref="20906" />
    <nd ref="20907" />
    <nd ref="20908" />
    <nd ref="20909" />
    <nd ref="20910" />
    <nd ref="20911" />
    <nd ref="20912" />
    <nd ref="20913" />
    <nd ref="20914" />
    <nd ref="20915" />
    <nd ref="20916" />
    <nd ref="20917" />
    <nd ref="20918" />
    <nd ref="20919" />
    <nd ref="20920" />
    <nd ref="20921" />
    <nd ref="20922" />
    <nd ref="20923" />
    <nd ref="20924" />
    <nd ref="20925" />
    <nd ref="20926" />
    <nd ref="20927" />
    <nd ref="20928" />
    <nd ref="20929" />
    <nd ref="20930" />
    <nd ref="20931" />
    <nd ref="20932" />
    <nd ref="20933" />
    <nd ref="20934" />
    <nd ref="20935" />
    <nd ref="20936" />
    <nd ref="20937" />
    <nd ref="20938" />
    <nd ref="20939" />
    <nd ref="258" />
    <tag k="type" v="line_thin" />
    <tag k="subtype" v="solid" />
  </way>
  <way id="17219">
    <nd ref="4" />
    <nd ref="17216" />
    <tag k="type" v="line_thin" />
    <tag k="subtype" v="solid" />
  </way>
  <way id="17220">
    <nd ref="17216" />
    <nd ref="20940" />
    <nd ref="20941" />
    <nd ref="20942" />
    <nd ref="20943" />
    <nd ref="20944" />
    <nd ref="20945" />
    <nd ref="20946" />
    <nd ref="20947" />
    <nd ref="20948" />
    <nd ref="20949" />
    <nd ref="20950" />
    <nd ref="20951" />
    <nd ref="20952" />
    <nd ref="20953" />
    <nd ref="20954" />
    <nd ref="20955" />
    <nd ref="20956" />
    <nd ref="20957" />
    <nd ref="20958" />
    <nd ref="20959" />
    <nd ref="20960" />
    <nd ref="20961" />
    <nd ref="20962" />
    <nd ref="20963" />
    <nd ref="20964" />
    <nd ref="20965" />
    <nd ref="20966" />
    <nd ref="20967" />
    <nd ref="20968" />
    <nd ref="20969" />
    <nd ref="20970" />
    <nd ref="20971" />
    <nd ref="20972" />
    <nd ref="20973" />
    <nd ref="20974" />
    <nd ref="20975" />
    <nd ref="20976" />
    <nd ref="20977" />
    <nd ref="20978" />
    <nd ref="20979" />
    <nd ref="20980" />
    <nd ref="20981" />
    <nd ref="20982" />
    <nd ref="20983" />
    <nd ref="20984" />
    <nd ref="20985" />
    <nd ref="20986" />
    <nd ref="20987" />
    <nd ref="20988" />
    <nd ref="20989" />
    <nd ref="20990" />
    <nd ref="20991" />
    <nd ref="20992" />
    <nd ref="20993" />
    <nd ref="20994" />
    <nd ref="20995" />
    <nd ref="20996" />
    <nd ref="20997" />
    <nd ref="20998" />
    <nd ref="20999" />
    <nd ref="21000" />
    <nd ref="21001" />
    <nd ref="21002" />
    <nd ref="21003" />
    <nd ref="21004" />
    <nd ref="21005" />
    <nd ref="21006" />
    <nd ref="21007" />
    <nd ref="21008" />
    <nd ref="21009" />
    <nd ref="21010" />
    <nd ref="21011" />
    <nd ref="21012" />
    <nd ref="21013" />
    <nd ref="21014" />
    <nd ref="21015" />
    <nd ref="21016" />
    <nd ref="21017" />
    <nd ref="21018" />
    <nd ref="21019" />
    <nd ref="21020" />
    <nd ref="21021" />
    <nd ref="21022" />
    <nd ref="21023" />
    <nd ref="21024" />
    <nd ref="21025" />
    <nd ref="21026" />
    <nd ref="21027" />
    <nd ref="21028" />
    <nd ref="21029" />
    <nd ref="21030" />
    <nd ref="21031" />
    <nd ref="21032" />
    <nd ref="21033" />
    <nd ref="21034" />
    <nd ref="21035" />
    <nd ref="21036" />
    <nd ref="21037" />
    <nd ref="21038" />
    <nd ref="21039" />
    <nd ref="21040" />
    <nd ref="21041" />
    <nd ref="21042" />
    <nd ref="21043" />
    <nd ref="21044" />
    <nd ref="21045" />
    <nd ref="21046" />
    <nd ref="21047" />
    <nd ref="21048" />
    <nd ref="21049" />
    <nd ref="21050" />
    <nd ref="21051" />
    <nd ref="21052" />
    <nd ref="21053" />
    <nd ref="21054" />
    <nd ref="21055" />
    <nd ref="21056" />
    <nd ref="21057" />
    <nd ref="5" />
    <tag k="type" v="line_thin" />
    <tag k="subtype" v="solid" />
  </way>
  <way id="17242">
    <nd ref="16790" />
    <nd ref="21058" />
    <nd ref="21059" />
    <nd ref="21060" />
    <nd ref="21061" />
    <nd ref="21062" />
    <nd ref="21063" />
    <nd ref="21064" />
    <nd ref="21065" />
    <nd ref="21066" />
    <nd ref="21067" />
    <nd ref="21068" />
    <nd ref="17240" />
    <tag k="type" v="line_thin" />
    <tag k="subtype" v="solid" />
  </way>
  <way id="17244">
    <nd ref="16791" />
    <nd ref="21069" />
    <nd ref="21070" />
    <nd ref="21071" />
    <nd ref="21072" />
    <nd ref="21073" />
    <nd ref="21074" />
    <nd ref="21075" />
    <nd ref="21076" />
    <nd ref="21077" />
    <nd ref="21078" />
    <nd ref="21079" />
    <nd ref="17241" />
    <tag k="type" v="line_thin" />
    <tag k="subtype" v="solid" />
  </way>
  <way id="17249">
    <nd ref="4267" />
    <nd ref="21080" />
    <nd ref="21081" />
    <nd ref="21082" />
    <nd ref="21083" />
    <nd ref="21084" />
    <nd ref="21085" />
    <nd ref="21086" />
    <nd ref="21087" />
    <nd ref="21088" />
    <nd ref="21089" />
    <nd ref="21090" />
    <nd ref="21091" />
    <nd ref="21092" />
    <nd ref="21093" />
    <nd ref="21094" />
    <nd ref="21095" />
    <nd ref="21096" />
    <nd ref="21097" />
    <nd ref="21098" />
    <nd ref="21099" />
    <nd ref="21100" />
    <nd ref="21101" />
    <nd ref="21102" />
    <nd ref="21103" />
    <nd ref="21104" />
    <nd ref="21105" />
    <nd ref="21106" />
    <nd ref="21107" />
    <nd ref="21108" />
    <nd ref="21109" />
    <nd ref="21110" />
    <nd ref="21111" />
    <nd ref="21112" />
    <nd ref="21113" />
    <nd ref="21114" />
    <nd ref="21115" />
    <nd ref="21116" />
    <nd ref="21117" />
    <nd ref="21118" />
    <nd ref="21119" />
    <nd ref="21120" />
    <nd ref="21121" />
    <nd ref="21122" />
    <nd ref="21123" />
    <nd ref="21124" />
    <nd ref="21125" />
    <nd ref="21126" />
    <nd ref="21127" />
    <nd ref="21128" />
    <nd ref="21129" />
    <nd ref="21130" />
    <nd ref="21131" />
    <nd ref="21132" />
    <nd ref="21133" />
    <nd ref="21134" />
    <nd ref="21135" />
    <nd ref="21136" />
    <nd ref="21137" />
    <nd ref="21138" />
    <nd ref="21139" />
    <nd ref="21140" />
    <nd ref="21141" />
    <nd ref="21142" />
    <nd ref="21143" />
    <nd ref="21144" />
    <nd ref="21145" />
    <nd ref="21146" />
    <nd ref="21147" />
    <nd ref="21148" />
    <nd ref="21149" />
    <nd ref="21150" />
    <nd ref="21151" />
    <nd ref="21152" />
    <nd ref="21153" />
    <nd ref="21154" />
    <nd ref="21155" />
    <nd ref="21156" />
    <nd ref="21157" />
    <nd ref="21158" />
    <nd ref="21159" />
    <nd ref="21160" />
    <nd ref="21161" />
    <nd ref="21162" />
    <nd ref="21163" />
    <nd ref="21164" />
    <nd ref="21165" />
    <nd ref="21166" />
    <nd ref="21167" />
    <nd ref="21168" />
    <nd ref="21169" />
    <nd ref="21170" />
    <nd ref="21171" />
    <nd ref="21172" />
    <nd ref="21173" />
    <nd ref="21174" />
    <nd ref="21175" />
    <nd ref="21176" />
    <nd ref="21177" />
    <nd ref="21178" />
    <nd ref="21179" />
    <nd ref="21180" />
    <nd ref="21181" />
    <nd ref="21182" />
    <nd ref="21183" />
    <nd ref="21184" />
    <nd ref="21185" />
    <nd ref="21186" />
    <nd ref="21187" />
    <nd ref="21188" />
    <nd ref="21189" />
    <nd ref="17247" />
    <tag k="type" v="line_thin" />
    <tag k="subtype" v="solid" />
  </way>
  <way id="17251">
    <nd ref="677" />
    <nd ref="21190" />
    <nd ref="21191" />
    <nd ref="21192" />
    <nd ref="21193" />
    <nd ref="21194" />
    <nd ref="21195" />
    <nd ref="21196" />
    <nd ref="21197" />
    <nd ref="21198" />
    <nd ref="21199" />
    <nd ref="21200" />
    <nd ref="21201" />
    <nd ref="21202" />
    <nd ref="21203" />
    <nd ref="21204" />
    <nd ref="21205" />
    <nd ref="21206" />
    <nd ref="21207" />
    <nd ref="21208" />
    <nd ref="21209" />
    <nd ref="21210" />
    <nd ref="21211" />
    <nd ref="21212" />
    <nd ref="21213" />
    <nd ref="21214" />
    <nd ref="21215" />
    <nd ref="21216" />
    <nd ref="21217" />
    <nd ref="21218" />
    <nd ref="21219" />
    <nd ref="21220" />
    <nd ref="21221" />
    <nd ref="21222" />
    <nd ref="21223" />
    <nd ref="21224" />
    <nd ref="21225" />
    <nd ref="21226" />
    <nd ref="21227" />
    <nd ref="21228" />
    <nd ref="21229" />
    <nd ref="21230" />
    <nd ref="21231" />
    <nd ref="21232" />
    <nd ref="21233" />
    <nd ref="21234" />
    <nd ref="21235" />
    <nd ref="21236" />
    <nd ref="21237" />
    <nd ref="21238" />
    <nd ref="21239" />
    <nd ref="21240" />
    <nd ref="21241" />
    <nd ref="21242" />
    <nd ref="21243" />
    <nd ref="21244" />
    <nd ref="21245" />
    <nd ref="21246" />
    <nd ref="21247" />
    <nd ref="21248" />
    <nd ref="21249" />
    <nd ref="21250" />
    <nd ref="21251" />
    <nd ref="21252" />
    <nd ref="21253" />
    <nd ref="21254" />
    <nd ref="21255" />
    <nd ref="21256" />
    <nd ref="21257" />
    <nd ref="21258" />
    <nd ref="21259" />
    <nd ref="21260" />
    <nd ref="21261" />
    <nd ref="21262" />
    <nd ref="21263" />
    <nd ref="21264" />
    <nd ref="21265" />
    <nd ref="21266" />
    <nd ref="21267" />
    <nd ref="21268" />
    <nd ref="21269" />
    <nd ref="21270" />
    <nd ref="21271" />
    <nd ref="21272" />
    <nd ref="21273" />
    <nd ref="21274" />
    <nd ref="21275" />
    <nd ref="21276" />
    <nd ref="21277" />
    <nd ref="21278" />
    <nd ref="21279" />
    <nd ref="21280" />
    <nd ref="21281" />
    <nd ref="21282" />
    <nd ref="21283" />
    <nd ref="21284" />
    <nd ref="21285" />
    <nd ref="21286" />
    <nd ref="21287" />
    <nd ref="21288" />
    <nd ref="21289" />
    <nd ref="21290" />
    <nd ref="21291" />
    <nd ref="21292" />
    <nd ref="21293" />
    <nd ref="21294" />
    <nd ref="21295" />
    <nd ref="21296" />
    <nd ref="21297" />
    <nd ref="21298" />
    <nd ref="21299" />
    <nd ref="21300" />
    <nd ref="17248" />
    <tag k="type" v="line_thin" />
    <tag k="subtype" v="solid" />
  </way>
  <way id="17302">
    <nd ref="4263" />
    <nd ref="21301" />
    <nd ref="21302" />
    <nd ref="21303" />
    <nd ref="21304" />
    <nd ref="21305" />
    <nd ref="21306" />
    <nd ref="21307" />
    <nd ref="21308" />
    <nd ref="21309" />
    <nd ref="21310" />
    <nd ref="21311" />
    <nd ref="17247" />
    <tag k="type" v="line_thin" />
    <tag k="subtype" v="solid" />
  </way>
  <way id="17303">
    <nd ref="682" />
    <nd ref="21312" />
    <nd ref="21313" />
    <nd ref="21314" />
    <nd ref="21315" />
    <nd ref="21316" />
    <nd ref="21317" />
    <nd ref="21318" />
    <nd ref="21319" />
    <nd ref="21320" />
    <nd ref="21321" />
    <nd ref="21322" />
    <nd ref="21323" />
    <nd ref="21324" />
    <nd ref="21325" />
    <nd ref="21326" />
    <nd ref="21327" />
    <nd ref="21328" />
    <nd ref="17248" />
    <tag k="type" v="line_thin" />
    <tag k="subtype" v="solid" />
  </way>
  <way id="17329">
    <nd ref="382" />
    <nd ref="21329" />
    <nd ref="21330" />
    <nd ref="21331" />
    <nd ref="21332" />
    <nd ref="21333" />
    <nd ref="21334" />
    <nd ref="21335" />
    <nd ref="21336" />
    <nd ref="21337" />
    <nd ref="21338" />
    <nd ref="21339" />
    <nd ref="21340" />
    <nd ref="4098" />
    <tag k="type" v="line_thin" />
    <tag k="subtype" v="solid" />
  </way>
  <way id="17330">
    <nd ref="263" />
    <nd ref="21341" />
    <nd ref="21342" />
    <nd ref="21343" />
    <nd ref="21344" />
    <nd ref="681" />
    <tag k="type" v="line_thin" />
    <tag k="subtype" v="solid" />
  </way>
  <way id="17332">
    <nd ref="258" />
    <nd ref="21345" />
    <nd ref="21346" />
    <nd ref="21347" />
    <nd ref="21348" />
    <nd ref="21349" />
    <nd ref="21350" />
    <nd ref="21351" />
    <nd ref="21352" />
    <nd ref="21353" />
    <nd ref="21354" />
    <nd ref="21355" />
    <nd ref="21356" />
    <nd ref="21357" />
    <nd ref="21358" />
    <nd ref="21359" />
    <nd ref="21360" />
    <nd ref="21361" />
    <nd ref="21362" />
    <nd ref="21363" />
    <nd ref="21364" />
    <nd ref="21365" />
    <nd ref="21366" />
    <nd ref="21367" />
    <nd ref="21368" />
    <nd ref="21369" />
    <nd ref="21370" />
    <nd ref="21371" />
    <nd ref="21372" />
    <nd ref="21373" />
    <nd ref="21374" />
    <nd ref="21375" />
    <nd ref="21376" />
    <nd ref="21377" />
    <nd ref="21378" />
    <nd ref="21379" />
    <nd ref="21380" />
    <nd ref="21381" />
    <nd ref="21382" />
    <nd ref="21383" />
    <nd ref="17181" />
    <tag k="type" v="line_thin" />
    <tag k="subtype" v="solid" />
  </way>
  <way id="17333">
    <nd ref="2" />
    <nd ref="21384" />
    <nd ref="21385" />
    <nd ref="21386" />
    <nd ref="21387" />
    <nd ref="21388" />
    <nd ref="21389" />
    <nd ref="21390" />
    <nd ref="21391" />
    <nd ref="21392" />
    <nd ref="21393" />
    <nd ref="21394" />
    <nd ref="21395" />
    <nd ref="21396" />
    <nd ref="21397" />
    <nd ref="21398" />
    <nd ref="21399" />
    <nd ref="21400" />
    <nd ref="21401" />
    <nd ref="21402" />
    <nd ref="21403" />
    <nd ref="21404" />
    <nd ref="21405" />
    <nd ref="21406" />
    <nd ref="21407" />
    <nd ref="21408" />
    <nd ref="21409" />
    <nd ref="21410" />
    <nd ref="21411" />
    <nd ref="21412" />
    <nd ref="21413" />
    <nd ref="21414" />
    <nd ref="21415" />
    <nd ref="21416" />
    <nd ref="21417" />
    <nd ref="21418" />
    <nd ref="21419" />
    <nd ref="21420" />
    <nd ref="21421" />
    <nd ref="21422" />
    <nd ref="17182" />
    <tag k="type" v="line_thin" />
    <tag k="subtype" v="solid" />
  </way>
  <way id="17357">
    <nd ref="17355" />
    <nd ref="17356" />
    <tag k="type" v="stop_line" />
    <tag k="subtype" v="solid" />
  </way>
  <way id="17360">
    <nd ref="17358" />
    <nd ref="17359" />
    <tag k="type" v="traffic_sign" />
    <tag k="subtype" v="stop_sign" />
  </way>
  <way id="17364">
    <nd ref="17362" />
    <nd ref="17363" />
    <tag k="type" v="stop_line" />
    <tag k="subtype" v="solid" />
  </way>
  <way id="17367">
    <nd ref="17365" />
    <nd ref="17366" />
    <tag k="type" v="traffic_sign" />
    <tag k="subtype" v="stop_sign" />
  </way>
  <way id="17371">
    <nd ref="17369" />
    <nd ref="17370" />
    <tag k="type" v="stop_line" />
    <tag k="subtype" v="solid" />
  </way>
  <way id="17374">
    <nd ref="17372" />
    <nd ref="17373" />
    <tag k="type" v="traffic_sign" />
    <tag k="subtype" v="stop_sign" />
  </way>
  <way id="17385">
    <nd ref="17383" />
    <nd ref="17384" />
    <tag k="type" v="stop_line" />
    <tag k="subtype" v="solid" />
  </way>
  <way id="17388">
    <nd ref="17386" />
    <nd ref="17387" />
    <tag k="type" v="traffic_sign" />
    <tag k="subtype" v="stop_sign" />
  </way>
  <way id="17399">
    <nd ref="258" />
    <nd ref="21423" />
    <nd ref="21424" />
    <nd ref="21425" />
    <nd ref="21426" />
    <nd ref="21427" />
    <nd ref="21428" />
    <nd ref="21429" />
    <nd ref="21430" />
    <nd ref="21431" />
    <nd ref="21432" />
    <nd ref="21433" />
    <nd ref="21434" />
    <nd ref="21435" />
    <nd ref="21436" />
    <nd ref="21437" />
    <nd ref="17397" />
    <tag k="type" v="line_thin" />
    <tag k="subtype" v="solid" />
  </way>
  <way id="17400">
    <nd ref="17397" />
    <nd ref="21438" />
    <nd ref="21439" />
    <nd ref="21440" />
    <nd ref="21441" />
    <nd ref="21442" />
    <nd ref="21443" />
    <nd ref="21444" />
    <nd ref="721" />
    <tag k="type" v="line_thin" />
    <tag k="subtype" v="solid" />
  </way>
  <way id="17401">
    <nd ref="5" />
    <nd ref="21445" />
    <nd ref="21446" />
    <nd ref="21447" />
    <nd ref="21448" />
    <nd ref="21449" />
    <nd ref="21450" />
    <nd ref="21451" />
    <nd ref="21452" />
    <nd ref="21453" />
    <nd ref="21454" />
    <nd ref="21455" />
    <nd ref="17398" />
    <tag k="type" v="line_thin" />
    <tag k="subtype" v="solid" />
  </way>
  <way id="17402">
    <nd ref="17398" />
    <nd ref="21456" />
    <nd ref="21457" />
    <nd ref="21458" />
    <nd ref="21459" />
    <nd ref="21460" />
    <nd ref="21461" />
    <nd ref="21462" />
    <nd ref="720" />
    <tag k="type" v="line_thin" />
    <tag k="subtype" v="solid" />
  </way>
  <way id="17426">
    <nd ref="17397" />
    <nd ref="21463" />
    <nd ref="21464" />
    <nd ref="21465" />
    <nd ref="21466" />
    <nd ref="21467" />
    <nd ref="21468" />
    <nd ref="21469" />
    <nd ref="21470" />
    <nd ref="21471" />
    <nd ref="21472" />
    <nd ref="500" />
    <tag k="type" v="line_thin" />
    <tag k="subtype" v="solid" />
  </way>
  <way id="17427">
    <nd ref="17398" />
    <nd ref="21473" />
    <nd ref="21474" />
    <nd ref="21475" />
    <nd ref="21476" />
    <nd ref="21477" />
    <nd ref="21478" />
    <nd ref="21479" />
    <nd ref="21480" />
    <nd ref="21481" />
    <nd ref="21482" />
    <nd ref="21483" />
    <nd ref="21484" />
    <nd ref="21485" />
    <nd ref="21486" />
    <nd ref="21487" />
    <nd ref="21488" />
    <nd ref="21489" />
    <nd ref="21490" />
    <nd ref="21491" />
    <nd ref="21492" />
    <nd ref="497" />
    <tag k="type" v="line_thin" />
    <tag k="subtype" v="solid" />
  </way>
  <way id="17471">
    <nd ref="384" />
    <nd ref="21493" />
    <nd ref="21494" />
    <nd ref="21495" />
    <nd ref="21496" />
    <nd ref="21497" />
    <nd ref="21498" />
    <nd ref="21499" />
    <nd ref="21500" />
    <nd ref="21501" />
    <nd ref="21502" />
    <nd ref="21503" />
    <nd ref="21504" />
    <nd ref="21505" />
    <nd ref="21506" />
    <nd ref="21507" />
    <nd ref="21508" />
    <nd ref="4098" />
    <tag k="type" v="line_thin" />
    <tag k="subtype" v="solid" />
  </way>
  <way id="17472">
    <nd ref="272" />
    <nd ref="21509" />
    <nd ref="21510" />
    <nd ref="21511" />
    <nd ref="21512" />
    <nd ref="21513" />
    <nd ref="21514" />
    <nd ref="21515" />
    <nd ref="21516" />
    <nd ref="21517" />
    <nd ref="21518" />
    <nd ref="21519" />
    <nd ref="21520" />
    <nd ref="21521" />
    <nd ref="21522" />
    <nd ref="21523" />
    <nd ref="21524" />
    <nd ref="21525" />
    <nd ref="21526" />
    <nd ref="681" />
    <tag k="type" v="line_thin" />
    <tag k="subtype" v="solid" />
  </way>
  <way id="17476">
    <nd ref="17247" />
    <nd ref="21527" />
    <nd ref="21528" />
    <nd ref="21529" />
    <nd ref="21530" />
    <nd ref="21531" />
    <nd ref="21532" />
    <nd ref="21533" />
    <nd ref="21534" />
    <nd ref="21535" />
    <nd ref="21536" />
    <nd ref="21537" />
    <nd ref="17474" />
    <tag k="type" v="line_thin" />
    <tag k="subtype" v="solid" />
  </way>
  <way id="17477">
    <nd ref="17474" />
    <nd ref="21538" />
    <nd ref="21539" />
    <nd ref="21540" />
    <nd ref="21541" />
    <nd ref="21542" />
    <nd ref="21543" />
    <nd ref="21544" />
    <nd ref="21545" />
    <nd ref="21546" />
    <nd ref="21547" />
    <nd ref="21548" />
    <nd ref="21549" />
    <nd ref="21550" />
    <nd ref="21551" />
    <nd ref="21552" />
    <nd ref="21553" />
    <nd ref="21554" />
    <nd ref="21555" />
    <nd ref="21556" />
    <nd ref="21557" />
    <nd ref="21558" />
    <nd ref="21559" />
    <nd ref="21560" />
    <nd ref="21561" />
    <nd ref="21562" />
    <nd ref="21563" />
    <nd ref="21564" />
    <nd ref="21565" />
    <nd ref="21566" />
    <nd ref="21567" />
    <nd ref="21568" />
    <nd ref="21569" />
    <nd ref="21570" />
    <nd ref="21571" />
    <nd ref="21572" />
    <nd ref="21573" />
    <nd ref="21574" />
    <nd ref="21575" />
    <nd ref="21576" />
    <nd ref="21577" />
    <nd ref="21578" />
    <nd ref="21579" />
    <nd ref="21580" />
    <nd ref="21581" />
    <nd ref="21582" />
    <nd ref="21583" />
    <nd ref="21584" />
    <nd ref="21585" />
    <nd ref="21586" />
    <nd ref="21587" />
    <nd ref="21588" />
    <nd ref="21589" />
    <nd ref="21590" />
    <nd ref="21591" />
    <nd ref="21592" />
    <nd ref="21593" />
    <nd ref="21594" />
    <nd ref="21595" />
    <nd ref="21596" />
    <nd ref="21597" />
    <nd ref="21598" />
    <nd ref="21599" />
    <nd ref="21600" />
    <nd ref="21601" />
    <nd ref="21602" />
    <nd ref="21603" />
    <nd ref="21604" />
    <nd ref="21605" />
    <nd ref="21606" />
    <nd ref="21607" />
    <nd ref="21608" />
    <nd ref="21609" />
    <nd ref="21610" />
    <nd ref="21611" />
    <nd ref="21612" />
    <nd ref="21613" />
    <nd ref="4502" />
    <tag k="type" v="line_thin" />
    <tag k="subtype" v="solid" />
  </way>
  <way id="17478">
    <nd ref="17248" />
    <nd ref="21614" />
    <nd ref="21615" />
    <nd ref="21616" />
    <nd ref="21617" />
    <nd ref="21618" />
    <nd ref="21619" />
    <nd ref="21620" />
    <nd ref="21621" />
    <nd ref="21622" />
    <nd ref="21623" />
    <nd ref="21624" />
    <nd ref="17475" />
    <tag k="type" v="line_thin" />
    <tag k="subtype" v="solid" />
  </way>
  <way id="17479">
    <nd ref="17475" />
    <nd ref="21625" />
    <nd ref="21626" />
    <nd ref="21627" />
    <nd ref="21628" />
    <nd ref="21629" />
    <nd ref="21630" />
    <nd ref="21631" />
    <nd ref="21632" />
    <nd ref="21633" />
    <nd ref="21634" />
    <nd ref="21635" />
    <nd ref="21636" />
    <nd ref="21637" />
    <nd ref="21638" />
    <nd ref="21639" />
    <nd ref="21640" />
    <nd ref="21641" />
    <nd ref="21642" />
    <nd ref="21643" />
    <nd ref="21644" />
    <nd ref="21645" />
    <nd ref="21646" />
    <nd ref="21647" />
    <nd ref="21648" />
    <nd ref="21649" />
    <nd ref="21650" />
    <nd ref="21651" />
    <nd ref="21652" />
    <nd ref="21653" />
    <nd ref="21654" />
    <nd ref="21655" />
    <nd ref="21656" />
    <nd ref="21657" />
    <nd ref="21658" />
    <nd ref="21659" />
    <nd ref="21660" />
    <nd ref="21661" />
    <nd ref="21662" />
    <nd ref="21663" />
    <nd ref="21664" />
    <nd ref="21665" />
    <nd ref="21666" />
    <nd ref="21667" />
    <nd ref="21668" />
    <nd ref="21669" />
    <nd ref="21670" />
    <nd ref="21671" />
    <nd ref="21672" />
    <nd ref="21673" />
    <nd ref="21674" />
    <nd ref="21675" />
    <nd ref="21676" />
    <nd ref="21677" />
    <nd ref="21678" />
    <nd ref="21679" />
    <nd ref="21680" />
    <nd ref="21681" />
    <nd ref="21682" />
    <nd ref="21683" />
    <nd ref="21684" />
    <nd ref="21685" />
    <nd ref="21686" />
    <nd ref="21687" />
    <nd ref="21688" />
    <nd ref="21689" />
    <nd ref="21690" />
    <nd ref="21691" />
    <nd ref="21692" />
    <nd ref="21693" />
    <nd ref="21694" />
    <nd ref="21695" />
    <nd ref="21696" />
    <nd ref="21697" />
    <nd ref="21698" />
    <nd ref="21699" />
    <nd ref="21700" />
    <nd ref="4503" />
    <tag k="type" v="line_thin" />
    <tag k="subtype" v="solid" />
  </way>
  <way id="17513">
    <nd ref="17474" />
    <nd ref="21701" />
    <nd ref="21702" />
    <nd ref="21703" />
    <nd ref="21704" />
    <nd ref="21705" />
    <nd ref="21706" />
    <nd ref="21707" />
    <nd ref="21708" />
    <nd ref="21709" />
    <nd ref="21710" />
    <nd ref="4263" />
    <tag k="type" v="line_thin" />
    <tag k="subtype" v="solid" />
  </way>
  <way id="17514">
    <nd ref="17475" />
    <nd ref="21711" />
    <nd ref="21712" />
    <nd ref="21713" />
    <nd ref="21714" />
    <nd ref="21715" />
    <nd ref="21716" />
    <nd ref="21717" />
    <nd ref="21718" />
    <nd ref="21719" />
    <nd ref="21720" />
    <nd ref="21721" />
    <nd ref="21722" />
    <nd ref="21723" />
    <nd ref="21724" />
    <nd ref="21725" />
    <nd ref="21726" />
    <nd ref="21727" />
    <nd ref="21728" />
    <nd ref="21729" />
    <nd ref="685" />
    <tag k="type" v="line_thin" />
    <tag k="subtype" v="solid" />
  </way>
  <way id="17525">
    <nd ref="17523" />
    <nd ref="17524" />
    <tag k="type" v="stop_line" />
    <tag k="subtype" v="solid" />
  </way>
  <way id="17528">
    <nd ref="17526" />
    <nd ref="17527" />
    <tag k="type" v="traffic_sign" />
    <tag k="subtype" v="stop_sign" />
  </way>
  <way id="17532">
    <nd ref="17530" />
    <nd ref="17531" />
    <tag k="type" v="stop_line" />
    <tag k="subtype" v="solid" />
  </way>
  <way id="17535">
    <nd ref="17533" />
    <nd ref="17534" />
    <tag k="type" v="traffic_sign" />
    <tag k="subtype" v="stop_sign" />
  </way>
  <relation id="260">
    <member type="way" role="left" ref="259" />
    <member type="way" role="right" ref="3" />
    <tag k="type" v="lanelet" />
    <tag k="subtype" v="road" />
    <tag k="speed_limit" v="30" />
    <tag k="location" v="urban" />
    <tag k="one_way" v="yes" />
    <tag k="turn_direction" v="straight" />
  </relation>
  <relation id="261">
    <member type="way" role="left" ref="17217" />
    <member type="way" role="right" ref="17219" />
    <tag k="type" v="lanelet" />
    <tag k="subtype" v="road" />
    <tag k="speed_limit" v="10" />
    <tag k="location" v="urban" />
    <tag k="one_way" v="yes" />
  </relation>
  <relation id="503">
    <member type="way" role="left" ref="502" />
    <member type="way" role="right" ref="499" />
    <member type="relation" role="regulatory_element" ref="17536" />
    <tag k="type" v="lanelet" />
    <tag k="subtype" v="road" />
    <tag k="speed_limit" v="30" />
    <tag k="location" v="urban" />
    <tag k="one_way" v="yes" />
    <tag k="turn_direction" v="straight" />
  </relation>
  <relation id="510">
    <member type="way" role="left" ref="506" />
    <member type="way" role="right" ref="509" />
    <member type="relation" role="regulatory_element" ref="17361" />
    <tag k="type" v="lanelet" />
    <tag k="subtype" v="road" />
    <tag k="speed_limit" v="30" />
    <tag k="location" v="urban" />
    <tag k="one_way" v="yes" />
    <tag k="turn_direction" v="straight" />
  </relation>
  <relation id="689">
    <member type="way" role="left" ref="17399" />
    <member type="way" role="right" ref="17401" />
    <tag k="type" v="lanelet" />
    <tag k="subtype" v="road" />
    <tag k="speed_limit" v="30" />
    <tag k="location" v="urban" />
    <tag k="one_way" v="yes" />
    <tag k="turn_direction" v="straight" />
  </relation>
  <relation id="716">
    <member type="way" role="left" ref="714" />
    <member type="way" role="right" ref="715" />
    <tag k="type" v="lanelet" />
    <tag k="subtype" v="road" />
    <tag k="speed_limit" v="30" />
    <tag k="location" v="urban" />
    <tag k="one_way" v="yes" />
    <tag k="turn_direction" v="right" />
  </relation>
  <relation id="719">
    <member type="way" role="left" ref="17332" />
    <member type="way" role="right" ref="17333" />
    <tag k="type" v="lanelet" />
    <tag k="subtype" v="road" />
    <tag k="speed_limit" v="30" />
    <tag k="location" v="urban" />
    <tag k="one_way" v="yes" />
    <tag k="turn_direction" v="straight" />
  </relation>
  <relation id="726">
    <member type="way" role="left" ref="725" />
    <member type="way" role="right" ref="723" />
    <tag k="type" v="lanelet" />
    <tag k="subtype" v="road" />
    <tag k="speed_limit" v="30" />
    <tag k="location" v="urban" />
    <tag k="one_way" v="yes" />
    <tag k="turn_direction" v="straight" />
  </relation>
  <relation id="4097">
    <member type="way" role="left" ref="4095" />
    <member type="way" role="right" ref="4096" />
    <tag k="type" v="lanelet" />
    <tag k="subtype" v="road" />
    <tag k="speed_limit" v="30" />
    <tag k="location" v="urban" />
    <tag k="one_way" v="yes" />
    <tag k="turn_direction" v="left" />
  </relation>
  <relation id="4265">
    <member type="way" role="left" ref="4264" />
    <member type="way" role="right" ref="683" />
    <member type="relation" role="regulatory_element" ref="17529" />
    <tag k="type" v="lanelet" />
    <tag k="subtype" v="road" />
    <tag k="speed_limit" v="30" />
    <tag k="location" v="urban" />
    <tag k="one_way" v="yes" />
    <tag k="turn_direction" v="straight" />
  </relation>
  <relation id="4266">
    <member type="way" role="left" ref="4264" />
    <member type="way" role="right" ref="686" />
    <member type="relation" role="regulatory_element" ref="17368" />
    <tag k="type" v="lanelet" />
    <tag k="subtype" v="road" />
    <tag k="speed_limit" v="30" />
    <tag k="location" v="urban" />
    <tag k="one_way" v="yes" />
    <tag k="turn_direction" v="straight" />
  </relation>
  <relation id="4500">
    <member type="way" role="left" ref="16861" />
    <member type="way" role="right" ref="16863" />
    <member type="relation" role="regulatory_element" ref="17389" />
    <tag k="type" v="lanelet" />
    <tag k="subtype" v="road" />
    <tag k="speed_limit" v="30" />
    <tag k="location" v="urban" />
    <tag k="one_way" v="yes" />
    <tag k="turn_direction" v="straight" />
  </relation>
  <relation id="4501">
    <member type="way" role="left" ref="17249" />
    <member type="way" role="right" ref="17251" />
    <tag k="type" v="lanelet" />
    <tag k="subtype" v="road" />
    <tag k="speed_limit" v="30" />
    <tag k="location" v="urban" />
    <tag k="one_way" v="yes" />
    <tag k="turn_direction" v="straight" />
  </relation>
  <relation id="4508">
    <member type="way" role="left" ref="16742" />
    <member type="way" role="right" ref="16744" />
    <tag k="type" v="lanelet" />
    <tag k="subtype" v="road" />
    <tag k="speed_limit" v="30" />
    <tag k="location" v="urban" />
    <tag k="one_way" v="yes" />
    <tag k="turn_direction" v="straight" />
  </relation>
  <relation id="4551">
    <member type="way" role="left" ref="673" />
    <member type="way" role="right" ref="281" />
    <tag k="type" v="lanelet" />
    <tag k="subtype" v="road" />
    <tag k="speed_limit" v="30" />
    <tag k="location" v="urban" />
    <tag k="one_way" v="yes" />
    <tag k="turn_direction" v="straight" />
  </relation>
  <relation id="4552">
    <member type="way" role="left" ref="673" />
    <member type="way" role="right" ref="278" />
    <tag k="type" v="lanelet" />
    <tag k="subtype" v="road" />
    <tag k="speed_limit" v="30" />
    <tag k="location" v="urban" />
    <tag k="one_way" v="yes" />
    <tag k="turn_direction" v="straight" />
  </relation>
  <relation id="4599">
    <member type="way" role="left" ref="4597" />
    <member type="way" role="right" ref="4598" />
    <tag k="type" v="lanelet" />
    <tag k="subtype" v="road" />
    <tag k="speed_limit" v="30" />
    <tag k="location" v="urban" />
    <tag k="one_way" v="yes" />
    <tag k="turn_direction" v="left" />
  </relation>
  <relation id="13459">
    <member type="way" role="left" ref="13457" />
    <member type="way" role="right" ref="13458" />
    <tag k="type" v="lanelet" />
    <tag k="subtype" v="road" />
    <tag k="speed_limit" v="30" />
    <tag k="location" v="urban" />
    <tag k="one_way" v="yes" />
    <tag k="turn_direction" v="right" />
  </relation>
  <relation id="16796">
    <member type="way" role="left" ref="17242" />
    <member type="way" role="right" ref="17244" />
    <tag k="type" v="lanelet" />
    <tag k="subtype" v="road" />
    <tag k="speed_limit" v="10" />
    <tag k="location" v="urban" />
    <tag k="one_way" v="yes" />
  </relation>
  <relation id="16822">
    <member type="way" role="left" ref="16820" />
    <member type="way" role="right" ref="16821" />
    <tag k="type" v="lanelet" />
    <tag k="subtype" v="road" />
    <tag k="speed_limit" v="30" />
    <tag k="location" v="urban" />
    <tag k="one_way" v="yes" />
    <tag k="turn_direction" v="right" />
  </relation>
  <relation id="16858">
    <member type="way" role="left" ref="16856" />
    <member type="way" role="right" ref="16857" />
    <tag k="type" v="lanelet" />
    <tag k="subtype" v="road" />
    <tag k="speed_limit" v="30" />
    <tag k="location" v="urban" />
    <tag k="one_way" v="yes" />
    <tag k="turn_direction" v="left" />
  </relation>
  <relation id="16865">
    <member type="way" role="left" ref="16902" />
    <member type="way" role="right" ref="16904" />
    <tag k="type" v="lanelet" />
    <tag k="subtype" v="road" />
    <tag k="speed_limit" v="30" />
    <tag k="location" v="urban" />
    <tag k="one_way" v="yes" />
  </relation>
  <relation id="16892">
    <member type="way" role="left" ref="16890" />
    <member type="way" role="right" ref="16891" />
    <tag k="type" v="lanelet" />
    <tag k="subtype" v="road" />
    <tag k="speed_limit" v="30" />
    <tag k="location" v="urban" />
    <tag k="one_way" v="yes" />
    <tag k="turn_direction" v="right" />
  </relation>
  <relation id="16906">
    <member type="way" role="left" ref="16903" />
    <member type="way" role="right" ref="16905" />
    <tag k="type" v="lanelet" />
    <tag k="subtype" v="road" />
    <tag k="speed_limit" v="30" />
    <tag k="location" v="urban" />
    <tag k="one_way" v="yes" />
    <tag k="turn_direction" v="straight" />
  </relation>
  <relation id="16937">
    <member type="way" role="left" ref="16935" />
    <member type="way" role="right" ref="16936" />
    <tag k="type" v="lanelet" />
    <tag k="subtype" v="road" />
    <tag k="speed_limit" v="30" />
    <tag k="location" v="urban" />
    <tag k="one_way" v="yes" />
    <tag k="turn_direction" v="right" />
  </relation>
  <relation id="16965">
    <member type="way" role="left" ref="496" />
    <member type="way" role="right" ref="271" />
    <tag k="type" v="lanelet" />
    <tag k="subtype" v="road" />
    <tag k="speed_limit" v="30" />
    <tag k="location" v="urban" />
    <tag k="one_way" v="yes" />
    <tag k="turn_direction" v="straight" />
  </relation>
  <relation id="16966">
    <member type="way" role="left" ref="496" />
    <member type="way" role="right" ref="274" />
    <tag k="type" v="lanelet" />
    <tag k="subtype" v="road" />
    <tag k="speed_limit" v="30" />
    <tag k="location" v="urban" />
    <tag k="one_way" v="yes" />
    <tag k="turn_direction" v="straight" />
  </relation>
  <relation id="16989">
    <member type="way" role="left" ref="16987" />
    <member type="way" role="right" ref="16988" />
    <tag k="type" v="lanelet" />
    <tag k="subtype" v="road" />
    <tag k="speed_limit" v="30" />
    <tag k="location" v="urban" />
    <tag k="one_way" v="yes" />
    <tag k="turn_direction" v="right" />
  </relation>
  <relation id="16992">
    <member type="way" role="left" ref="16990" />
    <member type="way" role="right" ref="16991" />
    <tag k="type" v="lanelet" />
    <tag k="subtype" v="road" />
    <tag k="speed_limit" v="30" />
    <tag k="location" v="urban" />
    <tag k="one_way" v="yes" />
    <tag k="turn_direction" v="straight" />
  </relation>
  <relation id="17047">
    <member type="way" role="left" ref="17045" />
    <member type="way" role="right" ref="17046" />
    <tag k="type" v="lanelet" />
    <tag k="subtype" v="road" />
    <tag k="speed_limit" v="30" />
    <tag k="location" v="urban" />
    <tag k="one_way" v="yes" />
    <tag k="turn_direction" v="right" />
  </relation>
  <relation id="17128">
    <member type="way" role="left" ref="17126" />
    <member type="way" role="right" ref="17127" />
    <tag k="type" v="lanelet" />
    <tag k="subtype" v="road" />
    <tag k="speed_limit" v="30" />
    <tag k="location" v="urban" />
    <tag k="one_way" v="yes" />
    <tag k="turn_direction" v="left" />
  </relation>
  <relation id="17131">
    <member type="way" role="left" ref="17129" />
    <member type="way" role="right" ref="17130" />
    <tag k="type" v="lanelet" />
    <tag k="subtype" v="road" />
    <tag k="speed_limit" v="30" />
    <tag k="location" v="urban" />
    <tag k="one_way" v="yes" />
    <tag k="turn_direction" v="straight" />
  </relation>
  <relation id="17180">
    <member type="way" role="left" ref="17178" />
    <member type="way" role="right" ref="17179" />
    <tag k="type" v="lanelet" />
    <tag k="subtype" v="road" />
    <tag k="speed_limit" v="30" />
    <tag k="location" v="urban" />
    <tag k="one_way" v="yes" />
    <tag k="turn_direction" v="left" />
  </relation>
  <relation id="17187">
    <member type="way" role="left" ref="17184" />
    <member type="way" role="right" ref="17186" />
    <member type="relation" role="regulatory_element" ref="17375" />
    <tag k="type" v="lanelet" />
    <tag k="subtype" v="road" />
    <tag k="speed_limit" v="30" />
    <tag k="location" v="urban" />
    <tag k="one_way" v="yes" />
    <tag k="turn_direction" v="straight" />
  </relation>
  <relation id="17214">
    <member type="way" role="left" ref="17212" />
    <member type="way" role="right" ref="17213" />
    <tag k="type" v="lanelet" />
    <tag k="subtype" v="road" />
    <tag k="speed_limit" v="30" />
    <tag k="location" v="urban" />
    <tag k="one_way" v="yes" />
    <tag k="turn_direction" v="right" />
  </relation>
  <relation id="17221">
    <member type="way" role="left" ref="17218" />
    <member type="way" role="right" ref="17220" />
    <tag k="type" v="lanelet" />
    <tag k="subtype" v="road" />
    <tag k="speed_limit" v="30" />
    <tag k="location" v="urban" />
    <tag k="one_way" v="yes" />
    <tag k="turn_direction" v="straight" />
  </relation>
  <relation id="17253">
    <member type="way" role="left" ref="17476" />
    <member type="way" role="right" ref="17478" />
    <tag k="type" v="lanelet" />
    <tag k="subtype" v="road" />
    <tag k="speed_limit" v="30" />
    <tag k="location" v="urban" />
    <tag k="one_way" v="yes" />
    <tag k="turn_direction" v="straight" />
  </relation>
  <relation id="17304">
    <member type="way" role="left" ref="17302" />
    <member type="way" role="right" ref="17303" />
    <tag k="type" v="lanelet" />
    <tag k="subtype" v="road" />
    <tag k="speed_limit" v="30" />
    <tag k="location" v="urban" />
    <tag k="one_way" v="yes" />
    <tag k="turn_direction" v="left" />
  </relation>
  <relation id="17331">
    <member type="way" role="left" ref="17329" />
    <member type="way" role="right" ref="17330" />
    <tag k="type" v="lanelet" />
    <tag k="subtype" v="road" />
    <tag k="speed_limit" v="10" />
    <tag k="location" v="urban" />
    <tag k="one_way" v="yes" />
    <tag k="turn_direction" v="right" />
  </relation>
  <relation id="17403">
    <member type="way" role="left" ref="17400" />
    <member type="way" role="right" ref="17402" />
    <tag k="type" v="lanelet" />
    <tag k="subtype" v="road" />
    <tag k="speed_limit" v="30" />
    <tag k="location" v="urban" />
    <tag k="one_way" v="yes" />
    <tag k="turn_direction" v="straight" />
  </relation>
  <relation id="17428">
    <member type="way" role="left" ref="17426" />
    <member type="way" role="right" ref="17427" />
    <tag k="type" v="lanelet" />
    <tag k="subtype" v="road" />
    <tag k="speed_limit" v="30" />
    <tag k="location" v="urban" />
    <tag k="one_way" v="yes" />
    <tag k="turn_direction" v="left" />
  </relation>
  <relation id="17473">
    <member type="way" role="left" ref="17471" />
    <member type="way" role="right" ref="17472" />
    <tag k="type" v="lanelet" />
    <tag k="subtype" v="road" />
    <tag k="speed_limit" v="30" />
    <tag k="location" v="urban" />
    <tag k="one_way" v="yes" />
    <tag k="turn_direction" v="left" />
  </relation>
  <relation id="17480">
    <member type="way" role="left" ref="17477" />
    <member type="way" role="right" ref="17479" />
    <tag k="type" v="lanelet" />
    <tag k="subtype" v="road" />
    <tag k="speed_limit" v="30" />
    <tag k="location" v="urban" />
    <tag k="one_way" v="yes" />
    <tag k="turn_direction" v="straight" />
  </relation>
  <relation id="17515">
    <member type="way" role="left" ref="17513" />
    <member type="way" role="right" ref="17514" />
    <tag k="type" v="lanelet" />
    <tag k="subtype" v="road" />
    <tag k="speed_limit" v="30" />
    <tag k="location" v="urban" />
    <tag k="one_way" v="yes" />
    <tag k="turn_direction" v="left" />
  </relation>
  <relation id="17361">
    <member type="way" role="ref_line" ref="17357" />
    <member type="way" role="refers" ref="17360" />
    <tag k="type" v="regulatory_element" />
    <tag k="subtype" v="traffic_sign" />
  </relation>
  <relation id="17368">
    <member type="way" role="ref_line" ref="17364" />
    <member type="way" role="refers" ref="17367" />
    <tag k="type" v="regulatory_element" />
    <tag k="subtype" v="traffic_sign" />
  </relation>
  <relation id="17375">
    <member type="way" role="ref_line" ref="17371" />
    <member type="way" role="refers" ref="17374" />
    <tag k="type" v="regulatory_element" />
    <tag k="subtype" v="traffic_sign" />
  </relation>
  <relation id="17389">
    <member type="way" role="ref_line" ref="17385" />
    <member type="way" role="refers" ref="17388" />
    <tag k="type" v="regulatory_element" />
    <tag k="subtype" v="traffic_sign" />
  </relation>
  <relation id="17529">
    <member type="way" role="ref_line" ref="17525" />
    <member type="way" role="refers" ref="17528" />
    <tag k="type" v="regulatory_element" />
    <tag k="subtype" v="traffic_sign" />
  </relation>
  <relation id="17536">
    <member type="way" role="ref_line" ref="17532" />
    <member type="way" role="refers" ref="17535" />
    <tag k="type" v="regulatory_element" />
    <tag k="subtype" v="traffic_sign" />
  </relation>
</osm>