local_x,local_y,road_z,lanelet_id
-7.396439150000000495e+01,2.240138500000000032e+00,-1.194000000000000061e-01,2.600000000000000000e+02
-7.693191785440097874e+01,2.220470672694280445e+00,0.000000000000000000e+00,2.600000000000000000e+02
-7.990657901424046372e+01,2.200754558795148697e+00,0.000000000000000000e+00,2.600000000000000000e+02
-8.288124016800159666e+01,2.181037527957247590e+00,0.000000000000000000e+00,2.600000000000000000e+02
-8.585590095385923348e+01,2.161265076859222312e+00,0.000000000000000000e+00,2.600000000000000000e+02
-8.883056166066207027e+01,2.141480729344803713e+00,0.000000000000000000e+00,2.600000000000000000e+02
-9.180522236417229465e+01,2.121695886703589551e+00,0.000000000000000000e+00,2.600000000000000000e+02
-9.477988307099718668e+01,2.101911542506124775e+00,0.000000000000000000e+00,2.600000000000000000e+02
-9.775454377448741639e+01,2.082126696861115622e+00,0.000000000000000000e+00,2.600000000000000000e+02
-1.007292044779949549e+02,2.062341853815819803e+00,0.000000000000000000e+00,2.600000000000000000e+02
-1.037038741052638358e+02,2.043979088650359710e+00,0.000000000000000000e+00,2.600000000000000000e+02
-1.066785517804226657e+02,2.026935910350664116e+00,0.000000000000000000e+00,2.600000000000000000e+02
-1.096532294527002875e+02,2.009892229202687286e+00,0.000000000000000000e+00,2.600000000000000000e+02
-1.126279071278591175e+02,1.992849050902991914e+00,0.000000000000000000e+00,2.600000000000000000e+02
-1.156025848001530107e+02,1.975805372597549514e+00,0.000000000000000000e+00,2.600000000000000000e+02
-1.185772624753118123e+02,1.958762194294795034e+00,0.000000000000000000e+00,2.600000000000000000e+02
-1.215519401504542145e+02,1.941719013127345850e+00,0.000000000000000000e+00,2.600000000000000000e+02
-1.245266178227482357e+02,1.924675334841003949e+00,0.000000000000000000e+00,2.600000000000000000e+02
-1.275012954979070372e+02,1.907632156538249246e+00,0.000000000000000000e+00,2.600000000000000000e+02
-1.304759731730658245e+02,1.890588978235494100e+00,0.000000000000000000e+00,2.600000000000000000e+02
-1.334506508496519075e+02,1.873546049057599028e+00,0.000000000000000000e+00,2.600000000000000000e+02
-1.364253285262314819e+02,1.856503118748878300e+00,0.000000000000000000e+00,2.600000000000000000e+02
-1.394000062013902834e+02,1.839459940446123154e+00,0.000000000000000000e+00,2.600000000000000000e+02
-1.423746838765491134e+02,1.822416762143368452e+00,0.000000000000000000e+00,2.600000000000000000e+02
-1.453493615516485420e+02,1.805373573479102323e+00,0.000000000000000000e+00,2.600000000000000000e+02
-1.483240392268499477e+02,1.788330402673165231e+00,0.000000000000000000e+00,2.600000000000000000e+02
-1.512987169020087777e+02,1.771287224370410529e+00,0.000000000000000000e+00,2.600000000000000000e+02
-1.542733945771676076e+02,1.754244046067655827e+00,0.000000000000000000e+00,2.600000000000000000e+02
-1.572480722523053487e+02,1.737200864093227937e+00,0.000000000000000000e+00,2.600000000000000000e+02
-1.602227499274527815e+02,1.720157683800964232e+00,0.000000000000000000e+00,2.600000000000000000e+02
-1.631974276054760367e+02,1.703115005484856948e+00,0.000000000000000000e+00,2.600000000000000000e+02
-1.661721052805606860e+02,1.686071814239136657e+00,0.000000000000000000e+00,2.600000000000000000e+02
-1.691467829529289020e+02,1.669028148901878783e+00,0.000000000000000000e+00,2.600000000000000000e+02
-1.721214606280713326e+02,1.651984967737489152e+00,0.000000000000000000e+00,2.600000000000000000e+02
-1.750961383032301626e+02,1.634941789437793336e+00,0.000000000000000000e+00,2.600000000000000000e+02
-1.780708159812534177e+02,1.617899111121686051e+00,0.000000000000000000e+00,2.600000000000000000e+02
-1.810454936564122477e+02,1.600855932821990901e+00,0.000000000000000000e+00,2.600000000000000000e+02
-1.840201713315546783e+02,1.583812751657600160e+00,0.000000000000000000e+00,2.600000000000000000e+02
-1.869948491466243468e+02,1.566794043550615578e+00,0.000000000000000000e+00,2.600000000000000000e+02
-1.899354744999999980e+02,1.550041000000000224e+00,-2.626000000000000001e-01,2.600000000000000000e+02
-7.391017600000000698e+01,-3.220622500000000166e+00,-1.194000000000000061e-01,2.610000000000000000e+02
-7.486709849999999733e+01,-3.226932999999999829e+00,-1.554999999999999993e-01,2.610000000000000000e+02
-1.969328239999999823e+02,7.247429000000000343e+00,-3.118000000000000216e-01,5.030000000000000000e+02
-1.969444683460761780e+02,1.018340492077576442e+01,0.000000000000000000e+00,5.030000000000000000e+02
-1.969563046576533338e+02,1.316687331250423298e+01,0.000000000000000000e+00,5.030000000000000000e+02
-1.969681409375089345e+02,1.615034170435855287e+01,0.000000000000000000e+00,5.030000000000000000e+02
-1.969800363479737939e+02,1.913380986014199081e+01,0.000000000000000000e+00,5.030000000000000000e+02
-1.969922211917784409e+02,2.211727684854706411e+01,0.000000000000000000e+00,5.030000000000000000e+02
-1.970044115409232290e+02,2.510074381467289584e+01,0.000000000000000000e+00,5.030000000000000000e+02
-1.970166019393233796e+02,2.808421078059980402e+01,0.000000000000000000e+00,5.030000000000000000e+02
-1.970287923215543628e+02,3.106767774659521919e+01,0.000000000000000000e+00,5.030000000000000000e+02
-1.970409818748360067e+02,3.405114471597548231e+01,0.000000000000000000e+00,5.030000000000000000e+02
-1.970531793298014236e+02,3.703461165306386249e+01,0.000000000000000000e+00,5.030000000000000000e+02
-1.970653689808866602e+02,4.001807862204755395e+01,0.000000000000000000e+00,5.030000000000000000e+02
-1.970775590438167910e+02,4.300154558934821125e+01,0.000000000000000000e+00,5.030000000000000000e+02
-1.970897487507040466e+02,4.598501255810042210e+01,0.000000000000000000e+00,5.030000000000000000e+02
-1.971019387177186957e+02,4.896847952578959706e+01,0.000000000000000000e+00,5.030000000000000000e+02
-1.971141288281886546e+02,5.195194649289045685e+01,0.000000000000000000e+00,5.030000000000000000e+02
-1.971263189559654165e+02,5.493541345991789626e+01,0.000000000000000000e+00,5.030000000000000000e+02
-1.971385087570924384e+02,5.791888042827361005e+01,0.000000000000000000e+00,5.030000000000000000e+02
-1.971506987569304670e+02,6.090234739581282497e+01,0.000000000000000000e+00,5.030000000000000000e+02
-1.971628892561133739e+02,6.388581436130851898e+01,0.000000000000000000e+00,5.030000000000000000e+02
-1.971750792566023165e+02,6.686928132884602860e+01,0.000000000000000000e+00,5.030000000000000000e+02
-1.971872695679910521e+02,6.985274829511740791e+01,0.000000000000000000e+00,5.030000000000000000e+02
-1.971994596646222817e+02,7.283621526227264553e+01,0.000000000000000000e+00,5.030000000000000000e+02
-1.972116600266762134e+02,7.581968218747530841e+01,0.000000000000000000e+00,5.030000000000000000e+02
-1.972238505595288984e+02,7.880314915285126176e+01,0.000000000000000000e+00,5.030000000000000000e+02
-1.972360408856255276e+02,8.178661611907592999e+01,0.000000000000000000e+00,5.030000000000000000e+02
-1.972482309826175140e+02,8.477008308623575772e+01,0.000000000000000000e+00,5.030000000000000000e+02
-1.972604213019464510e+02,8.775355005248810869e+01,0.000000000000000000e+00,5.030000000000000000e+02
-1.972726116181873692e+02,9.073701701875306469e+01,0.000000000000000000e+00,5.030000000000000000e+02
-1.972848019365133894e+02,9.372048398500952260e+01,0.000000000000000000e+00,5.030000000000000000e+02
-1.972969922558423264e+02,9.670395095126087881e+01,0.000000000000000000e+00,5.030000000000000000e+02
-1.973091823431082616e+02,9.968741791845849320e+01,0.000000000000000000e+00,5.030000000000000000e+02
-1.973213726671988866e+02,1.026708848846883484e+02,0.000000000000000000e+00,5.030000000000000000e+02
-1.973335644872623789e+02,1.056543518447966790e+02,0.000000000000000000e+00,5.030000000000000000e+02
-1.973457547838006292e+02,1.086378188111291223e+02,0.000000000000000000e+00,5.030000000000000000e+02
-1.973579470457910361e+02,1.116212857694283969e+02,0.000000000000000000e+00,5.030000000000000000e+02
-1.973701395908342135e+02,1.146047527265685062e+02,0.000000000000000000e+00,5.030000000000000000e+02
-1.973823302984363863e+02,1.175882196912111795e+02,0.000000000000000000e+00,5.030000000000000000e+02
-1.973945207728363016e+02,1.205716866568111811e+02,0.000000000000000000e+00,5.030000000000000000e+02
-1.974067112837462616e+02,1.235551536222712343e+02,0.000000000000000000e+00,5.030000000000000000e+02
-1.974189016182351395e+02,1.265386205884515789e+02,0.000000000000000000e+00,5.030000000000000000e+02
-1.974310919527884209e+02,1.295220875546376647e+02,0.000000000000000000e+00,5.030000000000000000e+02
-1.974432819292320005e+02,1.325055545222892306e+02,0.000000000000000000e+00,5.030000000000000000e+02
-1.974554722559107631e+02,1.354890214885120372e+02,0.000000000000000000e+00,5.030000000000000000e+02
-1.974676625831790489e+02,1.384724884547344175e+02,0.000000000000000000e+00,5.030000000000000000e+02
-1.974798529088948840e+02,1.414559554209626526e+02,0.000000000000000000e+00,5.030000000000000000e+02
-1.974920432336252532e+02,1.444394223871959184e+02,0.000000000000000000e+00,5.030000000000000000e+02
-1.975042335608935673e+02,1.474228893534173608e+02,0.000000000000000000e+00,5.030000000000000000e+02
-1.975164238865123707e+02,1.504063563196444875e+02,0.000000000000000000e+00,5.030000000000000000e+02
-1.975286142133851968e+02,1.533898232858620077e+02,0.000000000000000000e+00,5.030000000000000000e+02
-1.975408075549748901e+02,1.563732902397391058e+02,0.000000000000000000e+00,5.030000000000000000e+02
-1.975529979262268512e+02,1.593567572057631310e+02,0.000000000000000000e+00,5.030000000000000000e+02
-1.975651555477829220e+02,1.623402243053502900e+02,0.000000000000000000e+00,5.030000000000000000e+02
-1.975772710866177704e+02,1.653236915762323349e+02,0.000000000000000000e+00,5.030000000000000000e+02
-1.975893858176863773e+02,1.683071588503856617e+02,0.000000000000000000e+00,5.030000000000000000e+02
-1.976011730000000171e+02,1.712079540000000009e+02,-4.148999999999999910e-01,5.030000000000000000e+02
-2.227189144999999826e+02,7.138846000000000025e+00,-4.359999999999999987e-01,5.100000000000000000e+02
-2.227632284022423903e+02,1.000259231718230524e+01,0.000000000000000000e+00,5.100000000000000000e+02
-2.228089756267152950e+02,1.295753971290262108e+01,0.000000000000000000e+00,5.100000000000000000e+02
-2.228547093971171194e+02,1.591248731688979134e+01,0.000000000000000000e+00,5.100000000000000000e+02
-2.228998935413908953e+02,1.886744335919728854e+01,0.000000000000000000e+00,5.100000000000000000e+02
-2.229447845558990196e+02,2.182240388635477757e+01,0.000000000000000000e+00,5.100000000000000000e+02
-2.229896887111023318e+02,2.477736421384396692e+01,0.000000000000000000e+00,5.100000000000000000e+02
-2.230345825867760254e+02,2.773232469753181917e+01,0.000000000000000000e+00,5.100000000000000000e+02
-2.230794812467943302e+02,3.068728510852094615e+01,0.000000000000000000e+00,5.100000000000000000e+02
-2.231243833798067442e+02,3.364224546673425209e+01,0.000000000000000000e+00,5.100000000000000000e+02
-2.231692740787994467e+02,3.659720599869263680e+01,0.000000000000000000e+00,5.100000000000000000e+02
-2.232141783175835599e+02,3.955216632489856465e+01,0.000000000000000000e+00,5.100000000000000000e+02
-2.232590668363408497e+02,4.250712688998343936e+01,0.000000000000000000e+00,5.100000000000000000e+02
-2.233039708585955623e+02,4.546208721945865960e+01,0.000000000000000000e+00,5.100000000000000000e+02
-2.233488660480232966e+02,4.841704768315916141e+01,0.000000000000000000e+00,5.100000000000000000e+02
-2.233937634036960276e+02,5.137200811393596211e+01,0.000000000000000000e+00,5.100000000000000000e+02
-2.234386672843935457e+02,5.432696844557369786e+01,0.000000000000000000e+00,5.100000000000000000e+02
-2.234835614485654673e+02,5.728192892488971211e+01,0.000000000000000000e+00,5.100000000000000000e+02
-2.235284577014201659e+02,6.023688937245776742e+01,0.000000000000000000e+00,5.100000000000000000e+02
-2.235733539864652926e+02,6.319184981952414404e+01,0.000000000000000000e+00,5.100000000000000000e+02
-2.236182580108172999e+02,6.614681014900261857e+01,0.000000000000000000e+00,5.100000000000000000e+02
-2.236631482545148515e+02,6.910177068787660914e+01,0.000000000000000000e+00,5.100000000000000000e+02
-2.237080506303290122e+02,7.205673104240527493e+01,0.000000000000000000e+00,5.100000000000000000e+02
-2.237529502538204156e+02,7.501169143874385270e+01,0.000000000000000000e+00,5.100000000000000000e+02
-2.237978436003639331e+02,7.796665193047769549e+01,0.000000000000000000e+00,5.100000000000000000e+02
-2.238427471464597147e+02,8.092161226720796208e+01,0.000000000000000000e+00,5.100000000000000000e+02
-2.238876361413980476e+02,8.387657282505904277e+01,0.000000000000000000e+00,5.100000000000000000e+02
-2.239325401394330015e+02,8.683153315489566637e+01,0.000000000000000000e+00,5.100000000000000000e+02
-2.239774291587081052e+02,8.978649371237709431e+01,0.000000000000000000e+00,5.100000000000000000e+02
-2.240223331265430602e+02,9.274145404266585047e+01,0.000000000000000000e+00,5.100000000000000000e+02
-2.240672352162982577e+02,9.569641440151931988e+01,0.000000000000000000e+00,5.100000000000000000e+02
-2.241121261743592186e+02,9.865137492953904541e+01,0.000000000000000000e+00,5.100000000000000000e+02
-2.241570301822047782e+02,1.016063352592622522e+02,0.000000000000000000e+00,5.100000000000000000e+02
-2.242019238675740098e+02,1.045612957458457686e+02,0.000000000000000000e+00,5.100000000000000000e+02
-2.242468257989374933e+02,1.075162561071319374e+02,0.000000000000000000e+00,5.100000000000000000e+02
-2.242917201936447213e+02,1.104712165829462975e+02,0.000000000000000000e+00,5.100000000000000000e+02
-2.243366243558704980e+02,1.134261769103303124e+02,0.000000000000000000e+00,5.100000000000000000e+02
-2.243815199749971612e+02,1.163811373675162315e+02,0.000000000000000000e+00,5.100000000000000000e+02
-2.244264169044982964e+02,1.193360978048038561e+02,0.000000000000000000e+00,5.100000000000000000e+02
-2.244713193643568161e+02,1.222910581580327403e+02,0.000000000000000000e+00,5.100000000000000000e+02
-2.245162097165448358e+02,1.252460186952646950e+02,0.000000000000000000e+00,5.100000000000000000e+02
-2.245611132183131531e+02,1.282009790326337111e+02,0.000000000000000000e+00,5.100000000000000000e+02
-2.246060029601757151e+02,1.311559395791381348e+02,0.000000000000000000e+00,5.100000000000000000e+02
-2.246509087106501568e+02,1.341108998823489742e+02,0.000000000000000000e+00,5.100000000000000000e+02
-2.246958000339239732e+02,1.370658604048241784e+02,0.000000000000000000e+00,5.100000000000000000e+02
-2.247407044287019175e+02,1.400208207286602828e+02,0.000000000000000000e+00,5.100000000000000000e+02
-2.247855954314797486e+02,1.429757812560055754e+02,0.000000000000000000e+00,5.100000000000000000e+02
-2.248304972450590071e+02,1.459307416190721938e+02,0.000000000000000000e+00,5.100000000000000000e+02
-2.248753957701898116e+02,1.488857020321157734e+02,0.000000000000000000e+00,5.100000000000000000e+02
-2.249202898768753300e+02,1.518406625122925675e+02,0.000000000000000000e+00,5.100000000000000000e+02
-2.249655484239127929e+02,1.547956174175924957e+02,0.000000000000000000e+00,5.100000000000000000e+02
-2.250112831089760164e+02,1.577505650074367622e+02,0.000000000000000000e+00,5.100000000000000000e+02
-2.250570186373475963e+02,1.607055125842187806e+02,0.000000000000000000e+00,5.100000000000000000e+02
-2.251030890403644094e+02,1.636604549421937236e+02,0.000000000000000000e+00,5.100000000000000000e+02
-2.251496663309191604e+02,1.666153893705721316e+02,0.000000000000000000e+00,5.100000000000000000e+02
-2.251957684999999856e+02,1.695406499999999994e+02,-2.449999999999999956e-01,5.100000000000000000e+02
-1.917676260000000070e+02,-3.921485500000000179e+00,-2.626000000000000001e-01,6.890000000000000000e+02
-1.940366015335370662e+02,-3.934254381329933992e+00,0.000000000000000000e+00,6.890000000000000000e+02
-1.963400713198153653e+02,-3.947217329219396831e+00,0.000000000000000000e+00,6.890000000000000000e+02
-1.986435411370190707e+02,-3.960174783910631380e+00,0.000000000000000000e+00,6.890000000000000000e+02
-2.009470122403567984e+02,-3.972900394988020167e+00,0.000000000000000000e+00,6.890000000000000000e+02
-2.032504847397240155e+02,-3.985371497285295828e+00,0.000000000000000000e+00,6.890000000000000000e+02
-2.055216750000000161e+02,-3.997661499999999979e+00,-2.539000000000000146e-01,6.890000000000000000e+02
-1.915706701363517368e+02,1.723561933305404414e+00,-2.402174566190402871e-02,7.160000000000000000e+02
-1.931619486985322283e+02,2.220213379061029446e+00,0.000000000000000000e+00,7.160000000000000000e+02
-1.946125716121666755e+02,3.040413188263904942e+00,0.000000000000000000e+00,7.160000000000000000e+02
-1.958012528412496351e+02,4.206678785745623372e+00,0.000000000000000000e+00,7.160000000000000000e+02
-1.966174340815308028e+02,5.652255743325780735e+00,-3.038012054347357521e-02,7.160000000000000000e+02
-1.927413225859250474e+02,1.534064140816618682e+00,0.000000000000000000e+00,7.190000000000000000e+02
-1.955813249474516624e+02,1.517943260787378401e+00,0.000000000000000000e+00,7.190000000000000000e+02
-1.984213310046777679e+02,1.502488213910676329e+00,0.000000000000000000e+00,7.190000000000000000e+02
-2.012613374715628538e+02,1.487107423625727121e+00,0.000000000000000000e+00,7.190000000000000000e+02
-2.041013439399497997e+02,1.471726910568519120e+00,0.000000000000000000e+00,7.190000000000000000e+02
-2.069413504056364559e+02,1.456345898953469220e+00,0.000000000000000000e+00,7.190000000000000000e+02
-2.097813568739986465e+02,1.440965381413592095e+00,0.000000000000000000e+00,7.190000000000000000e+02
-2.126213633393126372e+02,1.425584300998238962e+00,0.000000000000000000e+00,7.190000000000000000e+02
-2.154613698053688609e+02,1.410203357645392952e+00,0.000000000000000000e+00,7.190000000000000000e+02
-2.183013762737494403e+02,1.394822843465643114e+00,0.000000000000000000e+00,7.190000000000000000e+02
-2.211413817202451355e+02,1.379260908587834900e+00,0.000000000000000000e+00,7.190000000000000000e+02
-2.239813784113095778e+02,1.362203240427520834e+00,0.000000000000000000e+00,7.190000000000000000e+02
-2.268213811928608266e+02,1.346156388779227830e+00,0.000000000000000000e+00,7.190000000000000000e+02
-2.296325415000000021e+02,1.330272499999999969e+00,-2.409999999999999920e-01,7.190000000000000000e+02
-2.134931270000000154e+02,-4.040413499999999658e+00,-2.418000000000000149e-01,7.260000000000000000e+02
-2.164266078302515268e+02,-4.056140891821931049e+00,0.000000000000000000e+00,7.260000000000000000e+02
-2.193891249850296674e+02,-4.072024002319286851e+00,0.000000000000000000e+00,7.260000000000000000e+02
-2.223516312660807444e+02,-4.089718727502059892e+00,0.000000000000000000e+00,7.260000000000000000e+02
-2.253141437938882063e+02,-4.106442607734724248e+00,0.000000000000000000e+00,7.260000000000000000e+02
-2.282766563273560791e+02,-4.123165485231488958e+00,0.000000000000000000e+00,7.260000000000000000e+02
-2.312391688580386244e+02,-4.139888856149925189e+00,0.000000000000000000e+00,7.260000000000000000e+02
-2.342016813886198747e+02,-4.156612245012810014e+00,0.000000000000000000e+00,7.260000000000000000e+02
-2.371641939192502377e+02,-4.173335625167471363e+00,0.000000000000000000e+00,7.260000000000000000e+02
-2.401267064527030186e+02,-4.190058505338063455e+00,0.000000000000000000e+00,7.260000000000000000e+02
-2.430892189824006664e+02,-4.206782050726538991e+00,0.000000000000000000e+00,7.260000000000000000e+02
-2.460517319548582691e+02,-4.223425339135200574e+00,0.000000000000000000e+00,7.260000000000000000e+02
-2.490142481933696104e+02,-4.239460203662246407e+00,0.000000000000000000e+00,7.260000000000000000e+02
-2.519767613845389462e+02,-4.256066158459130833e+00,0.000000000000000000e+00,7.260000000000000000e+02
-2.549392745715729802e+02,-4.272672850951177992e+00,0.000000000000000000e+00,7.260000000000000000e+02
-2.579017877598513451e+02,-4.289279321447660109e+00,0.000000000000000000e+00,7.260000000000000000e+02
-2.608643009509220292e+02,-4.305885293855684637e+00,0.000000000000000000e+00,7.260000000000000000e+02
-2.638268141379739973e+02,-4.322491983132155546e+00,0.000000000000000000e+00,7.260000000000000000e+02
-2.667893273291131209e+02,-4.339097943234063948e+00,0.000000000000000000e+00,7.260000000000000000e+02
-2.697518405174744203e+02,-4.355704398944522993e+00,0.000000000000000000e+00,7.260000000000000000e+02
-2.727143537058597076e+02,-4.372310850375260571e+00,0.000000000000000000e+00,7.260000000000000000e+02
-2.756768668969792770e+02,-4.388916814053711590e+00,0.000000000000000000e+00,7.260000000000000000e+02
-2.786393800853755920e+02,-4.405523263513178023e+00,0.000000000000000000e+00,7.260000000000000000e+02
-2.816018932716211793e+02,-4.422130096660982446e+00,0.000000000000000000e+00,7.260000000000000000e+02
-2.845644064627024363e+02,-4.438736067173175925e+00,0.000000000000000000e+00,7.260000000000000000e+02
-2.875269196509653966e+02,-4.455342540422040365e+00,0.000000000000000000e+00,7.260000000000000000e+02
-2.904894328420442662e+02,-4.471948511358087686e+00,0.000000000000000000e+00,7.260000000000000000e+02
-2.934519460303229152e+02,-4.488554981821896384e+00,0.000000000000000000e+00,7.260000000000000000e+02
-2.964144592213750116e+02,-4.505160957532300614e+00,0.000000000000000000e+00,7.260000000000000000e+02
-2.993769724096534901e+02,-4.521767428023574453e+00,0.000000000000000000e+00,7.260000000000000000e+02
-3.023123860000000036e+02,-4.538221499999999686e+00,-2.335000000000000131e-01,7.260000000000000000e+02
-2.225399929704906867e+02,5.219813130828288905e+00,0.000000000000000000e+00,4.097000000000000000e+03
-2.220675004410273630e+02,3.259900465460196628e+00,0.000000000000000000e+00,4.097000000000000000e+03
-2.212997113556232307e+02,1.401933316177257138e+00,0.000000000000000000e+00,4.097000000000000000e+03
-2.202359634762048017e+02,-2.973653051277669324e-01,0.000000000000000000e+00,4.097000000000000000e+03
-2.188968397960477432e+02,-1.777965584964811940e+00,0.000000000000000000e+00,4.097000000000000000e+03
-2.172909228386511700e+02,-2.960816797139765200e+00,0.000000000000000000e+00,4.097000000000000000e+03
-2.154527165145298682e+02,-3.748158304553465214e+00,0.000000000000000000e+00,4.097000000000000000e+03
-3.064739839999999731e+02,7.267300999999999789e+00,-5.290000000000000258e-01,4.265000000000000000e+03
-3.065022110173282499e+02,1.006813116778133477e+01,0.000000000000000000e+00,4.265000000000000000e+03
-3.065319889376603442e+02,1.300084548161410147e+01,0.000000000000000000e+00,4.265000000000000000e+03
-3.065617793991295912e+02,1.593355966814305091e+01,0.000000000000000000e+00,4.265000000000000000e+03
-3.065915610173023538e+02,1.886627394452976247e+01,0.000000000000000000e+00,4.265000000000000000e+03
-3.066213487909412265e+02,2.179898815843444737e+01,0.000000000000000000e+00,4.265000000000000000e+03
-3.066511327201042150e+02,2.473170241141151848e+01,0.000000000000000000e+00,4.265000000000000000e+03
-3.066809185650921563e+02,2.766441664496237252e+01,0.000000000000000000e+00,4.265000000000000000e+03
-3.067107034277570961e+02,3.059713088849618146e+01,0.000000000000000000e+00,4.265000000000000000e+03
-3.067404917336108383e+02,3.352984509705859040e+01,0.000000000000000000e+00,4.265000000000000000e+03
-3.067702760214682485e+02,3.646255934642477570e+01,0.000000000000000000e+00,4.265000000000000000e+03
-3.068000650656240964e+02,3.939527354746187626e+01,0.000000000000000000e+00,4.265000000000000000e+03
-3.068298457794931551e+02,4.232798783308863477e+01,0.000000000000000000e+00,4.265000000000000000e+03
-3.068596365536858457e+02,4.526070201648566638e+01,0.000000000000000000e+00,4.265000000000000000e+03
-3.068894165636079379e+02,4.819341630919211639e+01,0.000000000000000000e+00,4.265000000000000000e+03
-3.069192063354943798e+02,5.112613050275154336e+01,0.000000000000000000e+00,4.265000000000000000e+03
-3.069489881804288984e+02,5.405884477687341416e+01,0.000000000000000000e+00,4.265000000000000000e+03
-3.069787760798956811e+02,5.699155898952349020e+01,0.000000000000000000e+00,4.265000000000000000e+03
-3.070085594066406998e+02,5.992427324863815841e+01,0.000000000000000000e+00,4.265000000000000000e+03
-3.070383600234956134e+02,6.285698733205086342e+01,0.000000000000000000e+00,4.265000000000000000e+03
-3.070681470365855148e+02,6.578970155374587137e+01,0.000000000000000000e+00,4.265000000000000000e+03
-3.070979299006320389e+02,6.872241581756026108e+01,0.000000000000000000e+00,4.265000000000000000e+03
-3.071277221459202451e+02,7.165512998606979522e+01,0.000000000000000000e+00,4.265000000000000000e+03
-3.071576159731836242e+02,7.458784312061288801e+01,0.000000000000000000e+00,4.265000000000000000e+03
-3.071875432264531582e+02,7.752055591459004802e+01,0.000000000000000000e+00,4.265000000000000000e+03
-3.072173981186091396e+02,8.045326944557618276e+01,0.000000000000000000e+00,4.265000000000000000e+03
-3.072471787980794602e+02,8.338598373162022881e+01,0.000000000000000000e+00,4.265000000000000000e+03
-3.072769408524868595e+02,8.631869820639124669e+01,0.000000000000000000e+00,4.265000000000000000e+03
-3.073067393558487765e+02,8.925141231108209183e+01,0.000000000000000000e+00,4.265000000000000000e+03
-3.073365380304176142e+02,9.218412641409179287e+01,0.000000000000000000e+00,4.265000000000000000e+03
-3.073663151663549797e+02,9.511684073591317201e+01,0.000000000000000000e+00,4.265000000000000000e+03
-3.073961167432157708e+02,9.804955480949938362e+01,0.000000000000000000e+00,4.265000000000000000e+03
-3.074259059635386393e+02,1.009822690087027723e+02,0.000000000000000000e+00,4.265000000000000000e+03
-3.074557061204947104e+02,1.039149830967634642e+02,0.000000000000000000e+00,4.265000000000000000e+03
-3.074854895194294500e+02,1.068476973551294691e+02,0.000000000000000000e+00,4.265000000000000000e+03
-3.075152759640598106e+02,1.097804115825899771e+02,0.000000000000000000e+00,4.265000000000000000e+03
-3.075450764641437900e+02,1.127131256671853805e+02,0.000000000000000000e+00,4.265000000000000000e+03
-3.075748604561337629e+02,1.156458399195612969e+02,0.000000000000000000e+00,4.265000000000000000e+03
-3.076046530148455531e+02,1.185785540848948187e+02,0.000000000000000000e+00,4.265000000000000000e+03
-3.076344495304247744e+02,1.215112682100333927e+02,0.000000000000000000e+00,4.265000000000000000e+03
-3.076642307089373958e+02,1.244439824909315746e+02,0.000000000000000000e+00,4.265000000000000000e+03
-3.076940256219259027e+02,1.273766966322494341e+02,0.000000000000000000e+00,4.265000000000000000e+03
-3.077238216604737318e+02,1.303094107622276852e+02,0.000000000000000000e+00,4.265000000000000000e+03
-3.077536023702510875e+02,1.332421250478673187e+02,0.000000000000000000e+00,4.265000000000000000e+03
-3.077834023562883772e+02,1.361748391377207668e+02,0.000000000000000000e+00,4.265000000000000000e+03
-3.078131940486964595e+02,1.391075533118649901e+02,0.000000000000000000e+00,4.265000000000000000e+03
-3.078429774976983708e+02,1.420402675697501991e+02,0.000000000000000000e+00,4.265000000000000000e+03
-3.078727709651147961e+02,1.449729817258435958e+02,0.000000000000000000e+00,4.265000000000000000e+03
-3.079025649248108039e+02,1.479056958769301673e+02,0.000000000000000000e+00,4.265000000000000000e+03
-3.079323481414596699e+02,1.508384101371638053e+02,0.000000000000000000e+00,4.265000000000000000e+03
-3.079621480781925129e+02,1.537711242274690449e+02,0.000000000000000000e+00,4.265000000000000000e+03
-3.079919376641856275e+02,1.567038384229649068e+02,0.000000000000000000e+00,4.265000000000000000e+03
-3.080217353326020771e+02,1.596365525363225970e+02,0.000000000000000000e+00,4.265000000000000000e+03
-3.080515163790973929e+02,1.625692668185203900e+02,0.000000000000000000e+00,4.265000000000000000e+03
-3.080813099520448759e+02,1.655019809732442013e+02,0.000000000000000000e+00,4.265000000000000000e+03
-3.081093164999999772e+02,1.684347045000000094e+02,-4.000000000000000083e-03,4.265000000000000000e+03
-3.122000964999999724e+02,7.235953000000000301e+00,-5.290000000000000258e-01,4.266000000000000000e+03
-3.122288574629227469e+02,1.004062753317298018e+01,0.000000000000000000e+00,4.266000000000000000e+03
-3.122586565837115131e+02,1.297704531590135169e+01,0.000000000000000000e+00,4.266000000000000000e+03
-3.122884686373432146e+02,1.591346296742285205e+01,0.000000000000000000e+00,4.266000000000000000e+03
-3.123182710718887165e+02,1.884988071660009012e+01,0.000000000000000000e+00,4.266000000000000000e+03
-3.123480799061148900e+02,2.178629840088365910e+01,0.000000000000000000e+00,4.266000000000000000e+03
-3.123778848515567574e+02,2.472271612463998380e+01,0.000000000000000000e+00,4.266000000000000000e+03
-3.124076923701022679e+02,2.765913382232191253e+01,0.000000000000000000e+00,4.266000000000000000e+03
-3.124374977056028797e+02,3.059555154214710981e+01,0.000000000000000000e+00,4.266000000000000000e+03
-3.124673060339100630e+02,3.353196923160156473e+01,0.000000000000000000e+00,4.266000000000000000e+03
-3.124971110436836739e+02,3.646838695475450010e+01,0.000000000000000000e+00,4.266000000000000000e+03
-3.125269230513846423e+02,3.940480460683819786e+01,0.000000000000000000e+00,4.266000000000000000e+03
-3.125567250123540362e+02,4.234122236091694447e+01,0.000000000000000000e+00,4.266000000000000000e+03
-3.125865368061492973e+02,4.527764001507044611e+01,0.000000000000000000e+00,4.266000000000000000e+03
-3.126163380771774882e+02,4.821405777608977417e+01,0.000000000000000000e+00,4.266000000000000000e+03
-3.126461485424868556e+02,5.115047544372021804e+01,0.000000000000000000e+00,4.266000000000000000e+03
-3.126759523850438995e+02,5.408689317868565638e+01,0.000000000000000000e+00,4.266000000000000000e+03
-3.127057601684763313e+02,5.702331087363815953e+01,0.000000000000000000e+00,4.266000000000000000e+03
-3.127355664461118749e+02,5.995972858393339777e+01,0.000000000000000000e+00,4.266000000000000000e+03
-3.127653874821012892e+02,6.289614614433546080e+01,0.000000000000000000e+00,4.266000000000000000e+03
-3.127951937191986644e+02,6.583256385506450670e+01,0.000000000000000000e+00,4.266000000000000000e+03
-3.128250006687983387e+02,6.876898155856829931e+01,0.000000000000000000e+00,4.266000000000000000e+03
-3.128548127527870975e+02,7.170539920992290206e+01,0.000000000000000000e+00,4.266000000000000000e+03
-3.128847274727867216e+02,7.464181581721271641e+01,0.000000000000000000e+00,4.266000000000000000e+03
-3.129146762559891499e+02,7.757823207755880901e+01,0.000000000000000000e+00,4.266000000000000000e+03
-3.129445514865211067e+02,8.051464908673278842e+01,0.000000000000000000e+00,4.266000000000000000e+03
-3.129743508956959204e+02,8.345106686673989316e+01,0.000000000000000000e+00,4.266000000000000000e+03
-3.130041397474763016e+02,8.638748475375616920e+01,0.000000000000000000e+00,4.266000000000000000e+03
-3.130339566201582215e+02,8.932390235633128839e+01,0.000000000000000000e+00,4.266000000000000000e+03
-3.130637734658421323e+02,9.226031995922099327e+01,0.000000000000000000e+00,4.266000000000000000e+03
-3.130935765651737483e+02,9.519673770173889693e+01,0.000000000000000000e+00,4.266000000000000000e+03
-3.131233987164432619e+02,9.813315525080480484e+01,0.000000000000000000e+00,4.266000000000000000e+03
-3.131532058487855466e+02,1.010695729524144042e+02,0.000000000000000000e+00,4.266000000000000000e+03
-3.131830267454065506e+02,1.040059905142377659e+02,0.000000000000000000e+00,4.266000000000000000e+03
-3.132128339272103403e+02,1.069424082153829687e+02,0.000000000000000000e+00,4.266000000000000000e+03
-3.132426398136347530e+02,1.098788259296808292e+02,0.000000000000000000e+00,4.266000000000000000e+03
-3.132724611062639042e+02,1.128152434874841958e+02,0.000000000000000000e+00,4.266000000000000000e+03
-3.133022682141044584e+02,1.157516611893781828e+02,0.000000000000000000e+00,4.266000000000000000e+03
-3.133320796280559080e+02,1.186880788475141912e+02,0.000000000000000000e+00,4.266000000000000000e+03
-3.133619002119924062e+02,1.216244964125353363e+02,0.000000000000000000e+00,4.266000000000000000e+03
-3.133917031648560396e+02,1.245609141565532241e+02,0.000000000000000000e+00,4.266000000000000000e+03
-3.134215157377972787e+02,1.274973318027813320e+02,0.000000000000000000e+00,4.266000000000000000e+03
-3.134513357766313675e+02,1.304337493733256679e+02,0.000000000000000000e+00,4.266000000000000000e+03
-3.134811377252236753e+02,1.333701671274990304e+02,0.000000000000000000e+00,4.266000000000000000e+03
-3.135109552847982854e+02,1.363065847231954706e+02,0.000000000000000000e+00,4.266000000000000000e+03
-3.135407701582844311e+02,1.392430023461716928e+02,0.000000000000000000e+00,4.266000000000000000e+03
-3.135705743076558747e+02,1.421794200780448136e+02,0.000000000000000000e+00,4.266000000000000000e+03
-3.136003893268202205e+02,1.451158376995478534e+02,0.000000000000000000e+00,4.266000000000000000e+03
-3.136302043724832629e+02,1.480522553207757142e+02,0.000000000000000000e+00,4.266000000000000000e+03
-3.136600085152550719e+02,1.509886730526972656e+02,0.000000000000000000e+00,4.266000000000000000e+03
-3.136898291376435282e+02,1.539250906172387943e+02,0.000000000000000000e+00,4.266000000000000000e+03
-3.137196403430824603e+02,1.568615082774529128e+02,0.000000000000000000e+00,4.266000000000000000e+03
-3.137494480385049656e+02,1.597979259732190371e+02,0.000000000000000000e+00,4.266000000000000000e+03
-3.137792620374998478e+02,1.627343436050776972e+02,0.000000000000000000e+00,4.266000000000000000e+03
-3.138090792279657535e+02,1.656707612043221616e+02,0.000000000000000000e+00,4.266000000000000000e+03
-3.138371799999999894e+02,1.686071875000000091e+02,-4.000000000000000083e-03,4.266000000000000000e+03
-4.270285944999999970e+02,1.736072500000000218e+02,-1.165999999999999953e-01,4.500000000000000000e+03
-4.240853678856817623e+02,1.736223467822203190e+02,0.000000000000000000e+00,4.500000000000000000e+03
-4.211353142115291348e+02,1.736374852040205212e+02,0.000000000000000000e+00,4.500000000000000000e+03
-4.181852605081991214e+02,1.736526179466603992e+02,0.000000000000000000e+00,4.500000000000000000e+03
-4.152352068134429146e+02,1.736677523597116988e+02,0.000000000000000000e+00,4.500000000000000000e+03
-4.122851531327099792e+02,1.736828895004173887e+02,0.000000000000000000e+00,4.500000000000000000e+03
-4.093350994159652601e+02,1.736980196287442197e+02,0.000000000000000000e+00,4.500000000000000000e+03
-4.063850457391797022e+02,1.737131575398804273e+02,0.000000000000000000e+00,4.500000000000000000e+03
-4.034349920156258804e+02,1.737282863398372115e+02,0.000000000000000000e+00,4.500000000000000000e+03
-4.004849383058436274e+02,1.737434178243280201e+02,0.000000000000000000e+00,4.500000000000000000e+03
-3.975348846159737377e+02,1.737585531901892182e+02,0.000000000000000000e+00,4.500000000000000000e+03
-3.945848309212960316e+02,1.737736876138249613e+02,0.000000000000000000e+00,4.500000000000000000e+03
-3.916347772157720328e+02,1.737888199279333321e+02,0.000000000000000000e+00,4.500000000000000000e+03
-3.886847235294277425e+02,1.738039559766033051e+02,0.000000000000000000e+00,4.500000000000000000e+03
-3.857346698155757849e+02,1.738190866656774460e+02,0.000000000000000000e+00,4.500000000000000000e+03
-3.827846161360279211e+02,1.738342240428261505e+02,0.000000000000000000e+00,4.500000000000000000e+03
-3.798345624153524795e+02,1.738493534045324509e+02,0.000000000000000000e+00,4.500000000000000000e+03
-3.768845087465883239e+02,1.738644928780984173e+02,0.000000000000000000e+00,4.500000000000000000e+03
-3.739344550138650334e+02,1.738796198924899841e+02,0.000000000000000000e+00,4.500000000000000000e+03
-3.709844013535617933e+02,1.738947610124378684e+02,0.000000000000000000e+00,4.500000000000000000e+03
-3.680343476175274873e+02,1.739098873814601802e+02,0.000000000000000000e+00,4.500000000000000000e+03
-3.650842939349481640e+02,1.739250241681408511e+02,0.000000000000000000e+00,4.500000000000000000e+03
-3.621342402173058872e+02,1.739401541207250546e+02,0.000000000000000000e+00,4.500000000000000000e+03
-3.591841865486147753e+02,1.739552936087014245e+02,0.000000000000000000e+00,4.500000000000000000e+03
-3.562341328171044097e+02,1.739704208595119326e+02,0.000000000000000000e+00,4.500000000000000000e+03
-3.532840791580846371e+02,1.739855622286173116e+02,0.000000000000000000e+00,4.500000000000000000e+03
-3.503340254176907820e+02,1.740006877473396685e+02,0.000000000000000000e+00,4.500000000000000000e+03
-3.473839717578609907e+02,1.740158289671993543e+02,0.000000000000000000e+00,4.500000000000000000e+03
-3.444339180312504141e+02,1.740309571735490977e+02,0.000000000000000000e+00,4.500000000000000000e+03
-3.414838643357695673e+02,1.740460914494908025e+02,0.000000000000000000e+00,4.500000000000000000e+03
-3.385338092035802902e+02,1.740608829819275627e+02,0.000000000000000000e+00,4.500000000000000000e+03
-3.355837490397343572e+02,1.740744792675959900e+02,0.000000000000000000e+00,4.500000000000000000e+03
-3.326336951893391642e+02,1.740895833163809243e+02,0.000000000000000000e+00,4.500000000000000000e+03
-3.296836413056219612e+02,1.741046808549991169e+02,0.000000000000000000e+00,4.500000000000000000e+03
-3.267335874771507633e+02,1.741197891794768111e+02,0.000000000000000000e+00,4.500000000000000000e+03
-3.237835336210205242e+02,1.741348921053782419e+02,0.000000000000000000e+00,4.500000000000000000e+03
-3.208560640000000035e+02,1.741498814999999922e+02,-2.064499999999999946e-01,4.500000000000000000e+03
-4.278920140000000174e+02,1.778948710000000233e+02,-1.165999999999999953e-01,4.501000000000000000e+03
-4.249732365124983744e+02,1.779098390128766027e+02,0.000000000000000000e+00,4.501000000000000000e+03
-4.220476624419070504e+02,1.779248538988369432e+02,0.000000000000000000e+00,4.501000000000000000e+03
-4.191220882936253247e+02,1.779398536540931275e+02,0.000000000000000000e+00,4.501000000000000000e+03
-4.161965142184444630e+02,1.779548676477571121e+02,0.000000000000000000e+00,4.501000000000000000e+03
-4.132709400719892869e+02,1.779698677591944715e+02,0.000000000000000000e+00,4.501000000000000000e+03
-4.103453659957862101e+02,1.779848815534453479e+02,0.000000000000000000e+00,4.501000000000000000e+03
-4.074197918491386190e+02,1.779998816272882323e+02,0.000000000000000000e+00,4.501000000000000000e+03
-4.044942177725927195e+02,1.780148953558264679e+02,0.000000000000000000e+00,4.501000000000000000e+03
-4.015686436254756586e+02,1.780298953380705029e+02,0.000000000000000000e+00,4.501000000000000000e+03
-3.986430695499294075e+02,1.780449092610467687e+02,0.000000000000000000e+00,4.501000000000000000e+03
-3.957174954010298507e+02,1.780599088956551554e+02,0.000000000000000000e+00,4.501000000000000000e+03
-3.927919213287356683e+02,1.780749234535726373e+02,0.000000000000000000e+00,4.501000000000000000e+03
-3.898663471760658012e+02,1.780899223529521294e+02,0.000000000000000000e+00,4.501000000000000000e+03
-3.869407731037098301e+02,1.781049369010646615e+02,0.000000000000000000e+00,4.501000000000000000e+03
-3.840151989555079695e+02,1.781199366714591861e+02,0.000000000000000000e+00,4.501000000000000000e+03
-3.810896248768701184e+02,1.781349499951005555e+02,0.000000000000000000e+00,4.501000000000000000e+03
-3.781640507316370190e+02,1.781499503440657293e+02,0.000000000000000000e+00,4.501000000000000000e+03
-3.752384766532663889e+02,1.781649637186841346e+02,0.000000000000000000e+00,4.501000000000000000e+03
-3.723129025115487138e+02,1.781799647530664288e+02,0.000000000000000000e+00,4.501000000000000000e+03
-3.693873284263931964e+02,1.781949768048461920e+02,0.000000000000000000e+00,4.501000000000000000e+03
-3.664617542880907877e+02,1.782099785047661271e+02,0.000000000000000000e+00,4.501000000000000000e+03
-3.635361801979571510e+02,1.782249895864560187e+02,0.000000000000000000e+00,4.501000000000000000e+03
-3.606106060651256939e+02,1.782399923523057055e+02,0.000000000000000000e+00,4.501000000000000000e+03
-3.576850319182090061e+02,1.782549923732363197e+02,0.000000000000000000e+00,4.501000000000000000e+03
-3.547594578420315656e+02,1.782700061761135828e+02,0.000000000000000000e+00,4.501000000000000000e+03
-3.518338836918077277e+02,1.782850055525733524e+02,0.000000000000000000e+00,4.501000000000000000e+03
-3.489083096186993203e+02,1.783000199515449253e+02,0.000000000000000000e+00,4.501000000000000000e+03
-3.459827354686060517e+02,1.783150193534745540e+02,0.000000000000000000e+00,4.501000000000000000e+03
-3.430571613973710328e+02,1.783300341171310492e+02,0.000000000000000000e+00,4.501000000000000000e+03
-3.401315872742936790e+02,1.783450387872424869e+02,0.000000000000000000e+00,4.501000000000000000e+03
-3.372060131667835776e+02,1.783600464925703477e+02,0.000000000000000000e+00,4.501000000000000000e+03
-3.342804313912330940e+02,1.783732708302533183e+02,0.000000000000000000e+00,4.501000000000000000e+03
-3.313548567667872931e+02,1.783881753998610122e+02,0.000000000000000000e+00,4.501000000000000000e+03
-3.284292825149211126e+02,1.784031549381137438e+02,0.000000000000000000e+00,4.501000000000000000e+03
-3.255037082503217221e+02,1.784181319781447712e+02,0.000000000000000000e+00,4.501000000000000000e+03
-3.225781339606300548e+02,1.784331041134727798e+02,0.000000000000000000e+00,4.501000000000000000e+03
-3.196525597280565876e+02,1.784480874059765654e+02,0.000000000000000000e+00,4.501000000000000000e+03
-3.167526070000000118e+02,1.784629360000000133e+02,-2.247999999999999998e-01,4.501000000000000000e+03
-2.288808879999999988e+02,1.789173715000000016e+02,-3.174500000000000099e-01,4.508000000000000000e+03
-2.259850686882777779e+02,1.789314396569000678e+02,0.000000000000000000e+00,4.508000000000000000e+03
-2.230377105232576582e+02,1.789459172155000317e+02,0.000000000000000000e+00,4.508000000000000000e+03
-2.200903603301262024e+02,1.789619368225675089e+02,0.000000000000000000e+00,4.508000000000000000e+03
-2.171430101875561434e+02,1.789779660777823835e+02,0.000000000000000000e+00,4.508000000000000000e+03
-2.141956600476556787e+02,1.789939958157333137e+02,0.000000000000000000e+00,4.508000000000000000e+03
-2.112483099419463315e+02,1.790100318450299142e+02,0.000000000000000000e+00,4.508000000000000000e+03
-2.083009597933408372e+02,1.790260599824964913e+02,0.000000000000000000e+00,4.508000000000000000e+03
-2.054215240000000051e+02,1.790417165000000068e+02,-3.694000000000000061e-01,4.508000000000000000e+03
-4.364573834999999917e+02,1.058566350000000078e+01,-1.204999999999999960e-01,4.551000000000000000e+03
-4.364663043532297024e+02,1.352164466710717505e+01,0.000000000000000000e+00,4.551000000000000000e+03
-4.364752480524959992e+02,1.646488637853727255e+01,0.000000000000000000e+00,4.551000000000000000e+03
-4.364841952680530994e+02,1.940812807918628380e+01,0.000000000000000000e+00,4.551000000000000000e+03
-4.364931282287352587e+02,2.235136982311495757e+01,0.000000000000000000e+00,4.551000000000000000e+03
-4.365020802746616937e+02,2.529461150903835076e+01,0.000000000000000000e+00,4.551000000000000000e+03
-4.365110066006693046e+02,2.823785327320971916e+01,0.000000000000000000e+00,4.551000000000000000e+03
-4.365199617872439148e+02,3.118109494952963701e+01,0.000000000000000000e+00,4.551000000000000000e+03
-4.365288893015712119e+02,3.412433671007376290e+01,0.000000000000000000e+00,4.551000000000000000e+03
-4.365378416586609092e+02,3.706757839503819696e+01,0.000000000000000000e+00,4.551000000000000000e+03
-4.365467574728484692e+02,4.001082019108007160e+01,0.000000000000000000e+00,4.551000000000000000e+03
-4.365557125296452341e+02,4.295406186780751767e+01,0.000000000000000000e+00,4.551000000000000000e+03
-4.365646383712224292e+02,4.589730363344956743e+01,0.000000000000000000e+00,4.551000000000000000e+03
-4.365735924026558905e+02,4.884054531329728377e+01,0.000000000000000000e+00,4.551000000000000000e+03
-4.365825360855915847e+02,5.178378702463908922e+01,0.000000000000000000e+00,4.551000000000000000e+03
-4.365914677183254753e+02,5.472702877268430655e+01,0.000000000000000000e+00,4.551000000000000000e+03
-4.366004222756479294e+02,5.767027045094800997e+01,0.000000000000000000e+00,4.551000000000000000e+03
-4.366093630105864349e+02,6.061351217130741986e+01,0.000000000000000000e+00,4.551000000000000000e+03
-4.366183013291425823e+02,6.355675389894487637e+01,0.000000000000000000e+00,4.551000000000000000e+03
-4.366272560180757409e+02,6.649999557667376848e+01,0.000000000000000000e+00,4.551000000000000000e+03
-4.366361807031556737e+02,6.944323734584716590e+01,0.000000000000000000e+00,4.551000000000000000e+03
-4.366451358898419812e+02,7.238647902211417318e+01,0.000000000000000000e+00,4.551000000000000000e+03
-4.366540618853922524e+02,7.532972078729521570e+01,0.000000000000000000e+00,4.551000000000000000e+03
-4.366630154113081517e+02,7.827296246865280693e+01,0.000000000000000000e+00,4.551000000000000000e+03
-4.366719562419876866e+02,8.121620418869511582e+01,0.000000000000000000e+00,4.551000000000000000e+03
-4.366808952102504691e+02,8.415944591436294786e+01,0.000000000000000000e+00,4.551000000000000000e+03
-4.366898503593355940e+02,8.710268759080952350e+01,0.000000000000000000e+00,4.551000000000000000e+03
-4.366987750600741833e+02,9.004592935993485980e+01,0.000000000000000000e+00,4.551000000000000000e+03
-4.367077257242289079e+02,9.298917104996421301e+01,0.000000000000000000e+00,4.551000000000000000e+03
-4.367166617319447255e+02,9.593241278470770794e+01,0.000000000000000000e+00,4.551000000000000000e+03
-4.367256055632918788e+02,9.887565449559478736e+01,0.000000000000000000e+00,4.551000000000000000e+03
-4.367345564470616637e+02,1.018188961850627265e+02,0.000000000000000000e+00,4.551000000000000000e+03
-4.367434837535989800e+02,1.047621379462393918e+02,0.000000000000000000e+00,4.551000000000000000e+03
-4.367524389035036734e+02,1.077053796226414022e+02,0.000000000000000000e+00,4.551000000000000000e+03
-4.367613758968097386e+02,1.106486213543020227e+02,0.000000000000000000e+00,4.551000000000000000e+03
-4.367703187011981072e+02,1.135918630682957655e+02,0.000000000000000000e+00,4.551000000000000000e+03
-4.367792736787775993e+02,1.165351047451471800e+02,0.000000000000000000e+00,4.551000000000000000e+03
-4.367879071470100598e+02,1.194783472765820704e+02,0.000000000000000000e+00,4.551000000000000000e+03
-4.367927903045535345e+02,1.224215984246625055e+02,0.000000000000000000e+00,4.551000000000000000e+03
-4.367972527101444484e+02,1.253648503418970392e+02,0.000000000000000000e+00,4.551000000000000000e+03
-4.368017148500908888e+02,1.283081022595451941e+02,0.000000000000000000e+00,4.551000000000000000e+03
-4.368061774810550446e+02,1.312513541764631668e+02,0.000000000000000000e+00,4.551000000000000000e+03
-4.368106435403392425e+02,1.341946060883039138e+02,0.000000000000000000e+00,4.551000000000000000e+03
-4.368151058393951871e+02,1.371378580057892407e+02,0.000000000000000000e+00,4.551000000000000000e+03
-4.368195687117639636e+02,1.400811099224017653e+02,0.000000000000000000e+00,4.551000000000000000e+03
-4.368240292937517779e+02,1.430243618424908050e+02,0.000000000000000000e+00,4.551000000000000000e+03
-4.368284944391672298e+02,1.459676137556226649e+02,0.000000000000000000e+00,4.551000000000000000e+03
-4.368329474697223986e+02,1.489108656872149083e+02,0.000000000000000000e+00,4.551000000000000000e+03
-4.368374087240306380e+02,1.518541176064479714e+02,0.000000000000000000e+00,4.551000000000000000e+03
-4.368418043618701745e+02,1.547973696233590601e+02,0.000000000000000000e+00,4.551000000000000000e+03
-4.368460551740570281e+02,1.577406218540462532e+02,0.000000000000000000e+00,4.551000000000000000e+03
-4.368503066645665740e+02,1.606838740837492594e+02,0.000000000000000000e+00,4.551000000000000000e+03
-4.368545749564100333e+02,1.636271262889259219e+02,0.000000000000000000e+00,4.551000000000000000e+03
-4.368588276871947755e+02,1.665703785165696331e+02,0.000000000000000000e+00,4.551000000000000000e+03
-4.368630400000000122e+02,1.694933394999999905e+02,-2.021000000000000019e-01,4.551000000000000000e+03
-4.318605185000000120e+02,1.063838250000000052e+01,-1.204999999999999960e-01,4.552000000000000000e+03
-4.318695770420260374e+02,1.360875766477646565e+01,0.000000000000000000e+00,4.552000000000000000e+03
-4.318786619934328428e+02,1.658637643224601987e+01,0.000000000000000000e+00,4.552000000000000000e+03
-4.318877355176933861e+02,1.956399523451759848e+01,0.000000000000000000e+00,4.552000000000000000e+03
-4.318968169105340849e+02,2.254161401269767140e+01,0.000000000000000000e+00,4.552000000000000000e+03
-4.319059038128190195e+02,2.551923277416249292e+01,0.000000000000000000e+00,4.552000000000000000e+03
-4.319149673882334923e+02,2.849685160676904161e+01,0.000000000000000000e+00,4.552000000000000000e+03
-4.319240601282357375e+02,3.147447035036839225e+01,0.000000000000000000e+00,4.552000000000000000e+03
-4.319331341321701530e+02,3.445208915116093351e+01,0.000000000000000000e+00,4.552000000000000000e+03
-4.319422151045782812e+02,3.742970793068386115e+01,0.000000000000000000e+00,4.552000000000000000e+03
-4.319512686525995946e+02,4.040732679379686942e+01,0.000000000000000000e+00,4.552000000000000000e+03
-4.319603610823191957e+02,4.338494553836008549e+01,0.000000000000000000e+00,4.552000000000000000e+03
-4.319694390449815273e+02,4.636256432702438701e+01,0.000000000000000000e+00,4.552000000000000000e+03
-4.319785159359377076e+02,4.934018311902008236e+01,0.000000000000000000e+00,4.552000000000000000e+03
-4.319876054486389876e+02,5.231780187243398927e+01,0.000000000000000000e+00,4.552000000000000000e+03
-4.319966736999521686e+02,5.529542069078524946e+01,0.000000000000000000e+00,4.552000000000000000e+03
-4.320057616254680397e+02,5.827303944903800925e+01,0.000000000000000000e+00,4.552000000000000000e+03
-4.320148463330878030e+02,6.125065821710401792e+01,0.000000000000000000e+00,4.552000000000000000e+03
-4.320239124149877057e+02,6.422827704199299603e+01,0.000000000000000000e+00,4.552000000000000000e+03
-4.320330044912083167e+02,6.720589578741288506e+01,0.000000000000000000e+00,4.552000000000000000e+03
-4.320420695461397713e+02,7.018351461552077808e+01,0.000000000000000000e+00,4.552000000000000000e+03
-4.320511594688655350e+02,7.316113336759116237e+01,0.000000000000000000e+00,4.552000000000000000e+03
-4.320602423455130747e+02,7.613875214127779145e+01,0.000000000000000000e+00,4.552000000000000000e+03
-4.320693142310213375e+02,7.911637094848745733e+01,0.000000000000000000e+00,4.552000000000000000e+03
-4.320784071843695529e+02,8.209398969142793590e+01,0.000000000000000000e+00,4.552000000000000000e+03
-4.320874758650123226e+02,8.507160850846386779e+01,0.000000000000000000e+00,4.552000000000000000e+03
-4.320965619199751018e+02,8.804922727247111425e+01,0.000000000000000000e+00,4.552000000000000000e+03
-4.321056468635542842e+02,9.102684603987680134e+01,0.000000000000000000e+00,4.552000000000000000e+03
-4.321147148785173613e+02,9.400446485893382942e+01,0.000000000000000000e+00,4.552000000000000000e+03
-4.321238032939970140e+02,9.698208361575245817e+01,0.000000000000000000e+00,4.552000000000000000e+03
-4.321328722703883614e+02,9.995970243189648841e+01,0.000000000000000000e+00,4.552000000000000000e+03
-4.321419584314675149e+02,1.029373211955721672e+02,0.000000000000000000e+00,4.552000000000000000e+03
-4.321510470276855358e+02,1.059149399517273480e+02,0.000000000000000000e+00,4.552000000000000000e+03
-4.321601128330707979e+02,1.088925587775472081e+02,0.000000000000000000e+00,4.552000000000000000e+03
-4.321692055711962439e+02,1.118701775210321046e+02,0.000000000000000000e+00,4.552000000000000000e+03
-4.321782781775710873e+02,1.148477963259981180e+02,0.000000000000000000e+00,4.552000000000000000e+03
-4.321873450991498657e+02,1.178254151477829907e+02,0.000000000000000000e+00,4.552000000000000000e+03
-4.321934018319708457e+02,1.208030411295825672e+02,0.000000000000000000e+00,4.552000000000000000e+03
-4.321979179554138000e+02,1.237806703314957701e+02,0.000000000000000000e+00,4.552000000000000000e+03
-4.322024333664451206e+02,1.267582995345312327e+02,0.000000000000000000e+00,4.552000000000000000e+03
-4.322069492226507919e+02,1.297359287369117453e+02,0.000000000000000000e+00,4.552000000000000000e+03
-4.322114515926709259e+02,1.327135579597916148e+02,0.000000000000000000e+00,4.552000000000000000e+03
-4.322159680457654076e+02,1.356911871613602898e+02,0.000000000000000000e+00,4.552000000000000000e+03
-4.322204850173932300e+02,1.386688163621523699e+02,0.000000000000000000e+00,4.552000000000000000e+03
-4.322249998020701014e+02,1.416464455662655837e+02,0.000000000000000000e+00,4.552000000000000000e+03
-4.322295253438835516e+02,1.446240747540455516e+02,0.000000000000000000e+00,4.552000000000000000e+03
-4.322340316500946642e+02,1.476017039710263248e+02,0.000000000000000000e+00,4.552000000000000000e+03
-4.322385468696339217e+02,1.505793331745270791e+02,0.000000000000000000e+00,4.552000000000000000e+03
-4.322430114177715268e+02,1.535569624537016864e+02,0.000000000000000000e+00,4.552000000000000000e+03
-4.322473140668447513e+02,1.565345919719489700e+02,0.000000000000000000e+00,4.552000000000000000e+03
-4.322516142865052871e+02,1.595122214937066758e+02,0.000000000000000000e+00,4.552000000000000000e+03
-4.322559327794875799e+02,1.624898509888562899e+02,0.000000000000000000e+00,4.552000000000000000e+03
-4.322602348819502822e+02,1.654674805076462860e+02,0.000000000000000000e+00,4.552000000000000000e+03
-4.322644975000000045e+02,1.684248655000000099e+02,-2.021000000000000019e-01,4.552000000000000000e+03
-4.301389918818064189e+02,1.776114806136616551e+02,0.000000000000000000e+00,4.599000000000000000e+03
-4.322614024807365922e+02,1.768065326656034131e+02,0.000000000000000000e+00,4.599000000000000000e+03
-4.341261053177514100e+02,1.755125849945736149e+02,0.000000000000000000e+00,4.599000000000000000e+03
-4.355894702718079543e+02,1.737785447380606740e+02,0.000000000000000000e+00,4.599000000000000000e+03
-4.365332979798968154e+02,1.717170767793576545e+02,0.000000000000000000e+00,4.599000000000000000e+03
-4.318475120462405243e+02,1.703918459287712324e+02,0.000000000000000000e+00,1.345900000000000000e+04
-4.307015845712788860e+02,1.720668013268090704e+02,0.000000000000000000e+00,1.345900000000000000e+04
-4.290105191762485219e+02,1.731894730994558813e+02,0.000000000000000000e+00,1.345900000000000000e+04
-2.322289794999999799e+02,1.746089665000000082e+02,-2.801000000000000156e-01,1.679600000000000000e+04
-2.293376897467267668e+02,1.746230785244965773e+02,0.000000000000000000e+00,1.679600000000000000e+04
-2.264030813353117537e+02,1.746374029270247661e+02,0.000000000000000000e+00,1.679600000000000000e+04
-2.234684737660567464e+02,1.746518928233179224e+02,0.000000000000000000e+00,1.679600000000000000e+04
-2.205831180000000131e+02,1.746672004999999785e+02,-3.042000000000000259e-01,1.679600000000000000e+04
-2.303586368976201015e+02,1.744205980900945292e+02,-9.406304850748531399e-04,1.682200000000000000e+04
-2.285375450495770338e+02,1.738233313329373573e+02,0.000000000000000000e+00,1.682200000000000000e+04
-2.269272068194887311e+02,1.728011682884666698e+02,0.000000000000000000e+00,1.682200000000000000e+04
-2.257015141615126197e+02,1.713467026277214700e+02,-2.756378068170912358e-03,1.682200000000000000e+04
-1.978854029780518431e+02,1.731739527612445784e+02,0.000000000000000000e+00,1.685800000000000000e+04
-1.986931787135837340e+02,1.750696082422754216e+02,0.000000000000000000e+00,1.685800000000000000e+04
-1.999395118088712877e+02,1.766925304854446210e+02,0.000000000000000000e+00,1.685800000000000000e+04
-2.015563524166140326e+02,1.779475544015324999e+02,0.000000000000000000e+00,1.685800000000000000e+04
-2.034433521411165486e+02,1.787533295363571710e+02,0.000000000000000000e+00,1.685800000000000000e+04
-3.181930910671345032e+02,1.741635165463939643e+02,0.000000000000000000e+00,1.686500000000000000e+04
-3.155074140909940752e+02,1.741772678430230030e+02,0.000000000000000000e+00,1.686500000000000000e+04
-3.128217389492199345e+02,1.741913709723963279e+02,0.000000000000000000e+00,1.686500000000000000e+04
-3.101360659657389078e+02,1.742058811112354988e+02,0.000000000000000000e+00,1.686500000000000000e+04
-3.074503929845853918e+02,1.742203916808875874e+02,0.000000000000000000e+00,1.686500000000000000e+04
-3.047647200034358548e+02,1.742349022512817669e+02,0.000000000000000000e+00,1.686500000000000000e+04
-3.021055734999999913e+02,1.742492704999999944e+02,-2.244999999999999774e-01,1.686500000000000000e+04
-3.192380002787251669e+02,1.739830389490404627e+02,-1.346251763654675304e-02,1.689200000000000000e+04
-3.176664500698613551e+02,1.735089790590924395e+02,0.000000000000000000e+00,1.689200000000000000e+04
-3.162269072938395311e+02,1.727274102868670127e+02,0.000000000000000000e+00,1.689200000000000000e+04
-3.150268962237354344e+02,1.716140706081316125e+02,0.000000000000000000e+00,1.689200000000000000e+04
-3.141797546003467119e+02,1.702134338928250656e+02,-3.294622521163622221e-04,1.689200000000000000e+04
-2.992174319827988143e+02,1.742641657803889643e+02,0.000000000000000000e+00,1.690600000000000000e+04
-2.963030569522281894e+02,1.742791940479737605e+02,0.000000000000000000e+00,1.690600000000000000e+04
-2.933886819310839655e+02,1.742942241502635738e+02,0.000000000000000000e+00,1.690600000000000000e+04
-2.904743068496180740e+02,1.743092425564528583e+02,0.000000000000000000e+00,1.690600000000000000e+04
-2.875599318320552698e+02,1.743242733551142578e+02,0.000000000000000000e+00,1.690600000000000000e+04
-2.846455568004111001e+02,1.743393014196196305e+02,0.000000000000000000e+00,1.690600000000000000e+04
-2.817311817394810305e+02,1.743543238037019592e+02,0.000000000000000000e+00,1.690600000000000000e+04
-2.788168066887292298e+02,1.743693481606913451e+02,0.000000000000000000e+00,1.690600000000000000e+04
-2.759024316669899690e+02,1.743843781383511384e+02,0.000000000000000000e+00,1.690600000000000000e+04
-2.729880565946412503e+02,1.743993983113406614e+02,0.000000000000000000e+00,1.690600000000000000e+04
-2.700736815481618578e+02,1.744144234979127077e+02,0.000000000000000000e+00,1.690600000000000000e+04
-2.671593065242333296e+02,1.744294530614588155e+02,0.000000000000000000e+00,1.690600000000000000e+04
-2.642449314957296451e+02,1.744444817368255940e+02,0.000000000000000000e+00,1.690600000000000000e+04
-2.613305564497359796e+02,1.744595070175047340e+02,0.000000000000000000e+00,1.690600000000000000e+04
-2.584161813763886926e+02,1.744745269969095034e+02,0.000000000000000000e+00,1.690600000000000000e+04
-2.555018063561453232e+02,1.744895572693332042e+02,0.000000000000000000e+00,1.690600000000000000e+04
-2.525874312881917376e+02,1.745045782917439112e+02,0.000000000000000000e+00,1.690600000000000000e+04
-2.496730562582433208e+02,1.745196066825541266e+02,0.000000000000000000e+00,1.690600000000000000e+04
-2.467586812370930147e+02,1.745346367836678212e+02,0.000000000000000000e+00,1.690600000000000000e+04
-2.438443061897129382e+02,1.745496617993979953e+02,0.000000000000000000e+00,1.690600000000000000e+04
-2.409299311269282100e+02,1.745646838253538249e+02,0.000000000000000000e+00,1.690600000000000000e+04
-2.380155560911514954e+02,1.745797110908757190e+02,0.000000000000000000e+00,1.690600000000000000e+04
-2.351011810220138614e+02,1.745947318298103710e+02,0.000000000000000000e+00,1.690600000000000000e+04
-3.077836353151051298e+02,1.702556111896864195e+02,0.000000000000000000e+00,1.693700000000000000e+04
-3.069113771618449391e+02,1.718817069870621026e+02,0.000000000000000000e+00,1.693700000000000000e+04
-3.055732849810231073e+02,1.731500258425390939e+02,0.000000000000000000e+00,1.693700000000000000e+04
-3.039070730671823526e+02,1.739505548900459928e+02,0.000000000000000000e+00,1.693700000000000000e+04
-3.191372420000000147e+02,8.252669999999999728e-01,-1.673000000000000043e-01,1.696500000000000000e+04
-3.221064676280137746e+02,8.038495523780012642e-01,0.000000000000000000e+00,1.696500000000000000e+04
-3.250895960378319955e+02,7.741367573035291549e-01,0.000000000000000000e+00,1.696500000000000000e+04
-3.280724686397900314e+02,7.250778168077840480e-01,0.000000000000000000e+00,1.696500000000000000e+04
-3.310551204000433927e+02,6.638229275692753006e-01,0.000000000000000000e+00,1.696500000000000000e+04
-3.340377623528362392e+02,6.020878710589512295e-01,0.000000000000000000e+00,1.696500000000000000e+04
-3.370204043054195608e+02,5.403528044258096852e-01,0.000000000000000000e+00,1.696500000000000000e+04
-3.400030462682474877e+02,4.786182327638992540e-01,0.000000000000000000e+00,1.696500000000000000e+04
-3.429856882105812019e+02,4.168826709374253703e-01,0.000000000000000000e+00,1.696500000000000000e+04
-3.459683301735065015e+02,3.551481039791204442e-01,0.000000000000000000e+00,1.696500000000000000e+04
-3.489509721364317443e+02,2.934135370208159621e-01,0.000000000000000000e+00,1.696500000000000000e+04
-3.519336140579786161e+02,2.316769709189629989e-01,0.000000000000000000e+00,1.696500000000000000e+04
-3.549162560208408195e+02,1.699424009119401280e-01,0.000000000000000000e+00,1.696500000000000000e+04
-3.578988979837729403e+02,1.082078342846166663e-01,0.000000000000000000e+00,1.696500000000000000e+04
-3.608815399364102063e+02,4.647277025815199636e-02,0.000000000000000000e+00,1.696500000000000000e+04
-3.638641818992929302e+02,-1.526179875592625912e-02,0.000000000000000000e+00,1.696500000000000000e+04
-3.668468238415717906e+02,-7.699736323023209650e-02,0.000000000000000000e+00,1.696500000000000000e+04
-3.698294658044970902e+02,-1.387319301885374667e-01,0.000000000000000000e+00,1.696500000000000000e+04
-3.728121077570560828e+02,-2.004669979955775450e-01,0.000000000000000000e+00,1.696500000000000000e+04
-3.757947497199717191e+02,-2.622015654183673661e-01,0.000000000000000000e+00,1.696500000000000000e+04
-3.787773916624436197e+02,-3.239371205444538937e-01,0.000000000000000000e+00,1.696500000000000000e+04
-3.817600336150329099e+02,-3.856721868907384554e-01,0.000000000000000000e+00,1.696500000000000000e+04
-3.847426755572761294e+02,-4.474077530898465938e-01,0.000000000000000000e+00,1.696500000000000000e+04
-3.877253175204223226e+02,-5.091423093727343030e-01,0.000000000000000000e+00,1.696500000000000000e+04
-3.907079594730086001e+02,-5.708773758637051277e-01,0.000000000000000000e+00,1.696500000000000000e+04
-3.936906014255959008e+02,-6.326124422797494429e-01,0.000000000000000000e+00,1.696500000000000000e+04
-3.966732433884969282e+02,-6.943470104109779051e-01,0.000000000000000000e+00,1.696500000000000000e+04
-3.996558853307332697e+02,-7.560825769410569608e-01,0.000000000000000000e+00,1.696500000000000000e+04
-4.026385272936585125e+02,-8.178171438993616649e-01,0.000000000000000000e+00,1.696500000000000000e+04
-4.056211692462395604e+02,-8.795522106435635923e-01,0.000000000000000000e+00,1.696500000000000000e+04
-4.086038111885943636e+02,-9.412877714515672789e-01,0.000000000000000000e+00,1.696500000000000000e+04
-4.115864531514011446e+02,-1.003022344131947907e+00,0.000000000000000000e+00,1.696500000000000000e+04
-4.145690951039821925e+02,-1.064757410876149502e+00,0.000000000000000000e+00,1.696500000000000000e+04
-4.175517370462993085e+02,-1.126492973504898298e+00,0.000000000000000000e+00,1.696500000000000000e+04
-4.205343792050698539e+02,-1.188217801558259179e+00,0.000000000000000000e+00,1.696500000000000000e+04
-4.235054125000000340e+02,-1.115665499999999977e+00,-1.360000000000000098e-01,1.696500000000000000e+04
-3.164276304999999638e+02,-4.616376500000000327e+00,-1.673000000000000043e-01,1.696600000000000000e+04
-3.193124551468274603e+02,-4.637159051337207849e+00,0.000000000000000000e+00,1.696600000000000000e+04
-3.222112139963585378e+02,-4.664806681363207197e+00,0.000000000000000000e+00,1.696600000000000000e+04
-3.251097535308886108e+02,-4.709866914311399810e+00,0.000000000000000000e+00,1.696600000000000000e+04
-3.280080675746295356e+02,-4.767857948115884703e+00,0.000000000000000000e+00,1.696600000000000000e+04
-3.309063615876265771e+02,-4.826857288896550635e+00,0.000000000000000000e+00,1.696600000000000000e+04
-3.338046556009619508e+02,-4.885856613008860094e+00,0.000000000000000000e+00,1.696600000000000000e+04
-3.367029496035761440e+02,-4.944856455419651020e+00,0.000000000000000000e+00,1.696600000000000000e+04
-3.396012436165349868e+02,-5.003855798044563485e+00,0.000000000000000000e+00,1.696600000000000000e+04
-3.424995376297779330e+02,-5.062855126486876856e+00,0.000000000000000000e+00,1.696600000000000000e+04
-3.453978316427322284e+02,-5.121854469339004012e+00,0.000000000000000000e+00,1.696600000000000000e+04
-3.482961256453401120e+02,-5.180854312062267653e+00,0.000000000000000000e+00,1.696600000000000000e+04
-3.511944196578937181e+02,-5.239853658304621575e+00,0.000000000000000000e+00,1.696600000000000000e+04
-3.540927136710531613e+02,-5.298852990917621852e+00,0.000000000000000000e+00,1.696600000000000000e+04
-3.569910076840120041e+02,-5.357852333542534318e+00,0.000000000000000000e+00,1.696600000000000000e+04
-3.598893016969708469e+02,-5.416851676167447671e+00,0.000000000000000000e+00,1.696600000000000000e+04
-3.627875957101716722e+02,-5.475851006710811042e+00,0.000000000000000000e+00,1.696600000000000000e+04
-3.656858897127796126e+02,-5.534850849434075570e+00,0.000000000000000000e+00,1.696600000000000000e+04
-3.685841837257321458e+02,-5.593850192371460750e+00,0.000000000000000000e+00,1.696600000000000000e+04
-3.714824777380243859e+02,-5.652849566891393174e+00,0.000000000000000000e+00,1.696600000000000000e+04
-3.743807717593016378e+02,-5.711848491582860454e+00,0.000000000000000000e+00,1.696600000000000000e+04
-3.772790657544458099e+02,-5.770848710957077188e+00,0.000000000000000000e+00,1.696600000000000000e+04
-3.801773597717331654e+02,-5.829847828073200233e+00,0.000000000000000000e+00,1.696600000000000000e+04
-3.830756537802190564e+02,-5.888847386805882600e+00,0.000000000000000000e+00,1.696600000000000000e+04
-3.859739477933943590e+02,-5.947846718969184820e+00,0.000000000000000000e+00,1.696600000000000000e+04
-3.888722418065537454e+02,-6.006846051582184209e+00,0.000000000000000000e+00,1.696600000000000000e+04
-3.917705358091678818e+02,-6.065845893992975135e+00,0.000000000000000000e+00,1.696600000000000000e+04
-3.946688298321115553e+02,-6.124844738184519244e+00,0.000000000000000000e+00,1.696600000000000000e+04
-3.975671238350863064e+02,-6.183844579209178072e+00,0.000000000000000000e+00,1.696600000000000000e+04
-4.004654178410183931e+02,-6.242844260998100303e+00,0.000000000000000000e+00,1.696600000000000000e+04
-4.033637118608252194e+02,-6.301843256770136570e+00,0.000000000000000000e+00,1.696600000000000000e+04
-4.062620058737788895e+02,-6.360842599655127216e+00,0.000000000000000000e+00,1.696600000000000000e+04
-4.091602998850358972e+02,-6.419842024188718632e+00,0.000000000000000000e+00,1.696600000000000000e+04
-4.120585938895388836e+02,-6.478841775355753896e+00,0.000000000000000000e+00,1.696600000000000000e+04
-4.149568879025626984e+02,-6.537841114740773563e+00,0.000000000000000000e+00,1.696600000000000000e+04
-4.178551819088138473e+02,-6.596840781109818863e+00,0.000000000000000000e+00,1.696600000000000000e+04
-4.207534804917552833e+02,-6.655594822294490953e+00,0.000000000000000000e+00,1.696600000000000000e+04
-4.236398560000000089e+02,-6.567406000000000077e+00,-1.360000000000000098e-01,1.696600000000000000e+04
-3.124415735176766020e+02,5.606651466182579924e+00,-6.627752586668347878e-02,1.698900000000000000e+04
-3.131642811919824680e+02,4.021313740300506367e+00,0.000000000000000000e+00,1.698900000000000000e+04
-3.143039668411014986e+02,2.682553466853117463e+00,0.000000000000000000e+00,1.698900000000000000e+04
-3.157505944609512198e+02,1.680861658603022057e+00,0.000000000000000000e+00,1.698900000000000000e+04
-3.173983135963396194e+02,1.058690170077218218e+00,-1.278820938262830408e-02,1.698900000000000000e+04
-3.016682739999999967e+02,9.264744999999999786e-01,-2.335000000000000131e-01,1.699200000000000000e+04
-3.045590762945161032e+02,9.088382444083551448e-01,0.000000000000000000e+00,1.699200000000000000e+04
-3.074775722512937364e+02,8.910325514623063103e-01,0.000000000000000000e+00,1.699200000000000000e+04
-3.103960682110572975e+02,8.732273478603587158e-01,0.000000000000000000e+00,1.699200000000000000e+04
-3.133146012562749547e+02,8.664392707746567668e-01,0.000000000000000000e+00,1.699200000000000000e+04
-3.162330785659022467e+02,8.458022740778842197e-01,0.000000000000000000e+00,1.699200000000000000e+04
-4.256661900379053804e+02,-5.601478885113826411e-01,0.000000000000000000e+00,1.704700000000000000e+04
-4.275716824601562394e+02,6.174150006858308837e-01,0.000000000000000000e+00,1.704700000000000000e+04
-4.291290022779818401e+02,2.232805487134604139e+00,0.000000000000000000e+00,1.704700000000000000e+04
-4.303260970321051673e+02,4.133378587076496302e+00,0.000000000000000000e+00,1.704700000000000000e+04
-4.311708604528978412e+02,6.215376760049048599e+00,0.000000000000000000e+00,1.704700000000000000e+04
-4.316794113012682601e+02,8.404472931287450876e+00,0.000000000000000000e+00,1.704700000000000000e+04
-4.363164416282870661e+02,8.256935786413146516e+00,0.000000000000000000e+00,1.712800000000000000e+04
-4.359173262921087826e+02,5.951146069954347695e+00,0.000000000000000000e+00,1.712800000000000000e+04
-4.352571456476862295e+02,3.706310619539693541e+00,0.000000000000000000e+00,1.712800000000000000e+04
-4.343378519259815675e+02,1.554644299761643200e+00,0.000000000000000000e+00,1.712800000000000000e+04
-4.331596915661081084e+02,-4.668823833371580356e-01,0.000000000000000000e+00,1.712800000000000000e+04
-4.317191174934615674e+02,-2.310243939721758011e+00,0.000000000000000000e+00,1.712800000000000000e+04
-4.300213092512311732e+02,-3.918671858597311264e+00,0.000000000000000000e+00,1.712800000000000000e+04
-4.280797767273315344e+02,-5.221141334579463944e+00,0.000000000000000000e+00,1.712800000000000000e+04
-4.259262906569707070e+02,-6.129695370488721373e+00,0.000000000000000000e+00,1.712800000000000000e+04
-3.140823907654822733e+02,-4.599679575986073132e+00,0.000000000000000000e+00,1.713100000000000000e+04
-3.117228886288797867e+02,-4.582881392010145660e+00,0.000000000000000000e+00,1.713100000000000000e+04
-3.093633525986440418e+02,-4.579883975426155551e+00,0.000000000000000000e+00,1.713100000000000000e+04
-3.070038319140162457e+02,-4.565942832320553535e+00,0.000000000000000000e+00,1.713100000000000000e+04
-3.046443112291574380e+02,-4.552001687041776101e+00,0.000000000000000000e+00,1.713100000000000000e+04
-3.120243992882561770e+02,5.229303205911924657e+00,0.000000000000000000e+00,1.718000000000000000e+04
-3.115279738769093569e+02,3.143015057103386134e+00,0.000000000000000000e+00,1.718000000000000000e+04
-3.095623396142077581e+02,-6.381831584365299515e-01,0.000000000000000000e+00,1.718000000000000000e+04
-3.081178708366173282e+02,-2.204213537052229110e+00,0.000000000000000000e+00,1.718000000000000000e+04
-3.063809070206751812e+02,-3.438131017829396008e+00,0.000000000000000000e+00,1.718000000000000000e+04
-3.044061328115236620e+02,-4.245416430844934474e+00,0.000000000000000000e+00,1.718000000000000000e+04
-2.324872169372773385e+02,1.314156720538318002e+00,0.000000000000000000e+00,1.718700000000000000e+04
-2.353708956865209814e+02,1.297877102936228377e+00,0.000000000000000000e+00,1.718700000000000000e+04
-2.382545744368202350e+02,1.281597672293570689e+00,0.000000000000000000e+00,1.718700000000000000e+04
-2.411382531856331184e+02,1.265317978388002418e+00,0.000000000000000000e+00,1.718700000000000000e+04
-2.440219319363791328e+02,1.249038626871352919e+00,0.000000000000000000e+00,1.718700000000000000e+04
-2.469056106847584147e+02,1.232758856165748984e+00,0.000000000000000000e+00,1.718700000000000000e+04
-2.497892934294532097e+02,1.217215854607815562e+00,0.000000000000000000e+00,1.718700000000000000e+04
-2.526729728459337139e+02,1.201054859698331256e+00,0.000000000000000000e+00,1.718700000000000000e+04
-2.555566522660525663e+02,1.184894514047616365e+00,0.000000000000000000e+00,1.718700000000000000e+04
-2.584403316820914824e+02,1.168733440338840524e+00,0.000000000000000000e+00,1.718700000000000000e+04
-2.613240111026447039e+02,1.152573172203403828e+00,0.000000000000000000e+00,1.718700000000000000e+04
-2.642076905182437372e+02,1.136412020002578460e+00,0.000000000000000000e+00,1.718700000000000000e+04
-2.670913699363205751e+02,1.120251309946344032e+00,0.000000000000000000e+00,1.718700000000000000e+04
-2.699750493540821594e+02,1.104090543651208511e+00,0.000000000000000000e+00,1.718700000000000000e+04
-2.728587287702324602e+02,1.087929489830398833e+00,0.000000000000000000e+00,1.718700000000000000e+04
-2.757424081877621802e+02,1.071768682147845375e+00,0.000000000000000000e+00,1.718700000000000000e+04
-2.786260876068258767e+02,1.055608148209981501e+00,0.000000000000000000e+00,1.718700000000000000e+04
-2.815097670239211993e+02,1.039447263012149847e+00,0.000000000000000000e+00,1.718700000000000000e+04
-2.843934464434240112e+02,1.023286807425987099e+00,0.000000000000000000e+00,1.718700000000000000e+04
-2.872771258600824922e+02,1.007125844277410032e+00,0.000000000000000000e+00,1.718700000000000000e+04
-2.901608052753567222e+02,9.909646341249808144e-01,0.000000000000000000e+00,1.718700000000000000e+04
-2.930444846955155640e+02,9.748042956083179389e-01,0.000000000000000000e+00,1.718700000000000000e+04
-2.959281641115218235e+02,9.586432160779554401e-01,0.000000000000000000e+00,1.718700000000000000e+04
-2.988118435296008784e+02,9.424825064101041150e-01,0.000000000000000000e+00,1.718700000000000000e+04
-2.229948772780834929e+02,5.565866397063185644e+00,-4.893873566952841592e-02,1.721400000000000000e+04
-2.237762217710086929e+02,4.097134377624474411e+00,0.000000000000000000e+00,1.721400000000000000e+04
-2.249464916628500077e+02,2.899327669586881484e+00,0.000000000000000000e+00,1.721400000000000000e+04
-2.263904205770422209e+02,2.048259825022961333e+00,0.000000000000000000e+00,1.721400000000000000e+04
-2.279845407776026036e+02,1.524817014561688833e+00,-2.047532031978731987e-02,1.721400000000000000e+04
-7.777812732458235701e+01,-3.246174585966489001e+00,0.000000000000000000e+00,1.722100000000000000e+04
-8.070179265965606419e+01,-3.265498618928387220e+00,0.000000000000000000e+00,1.722100000000000000e+04
-8.362545795251406844e+01,-3.284829033243513496e+00,0.000000000000000000e+00,1.722100000000000000e+04
-8.654912286365562579e+01,-3.304217098349388593e+00,0.000000000000000000e+00,1.722100000000000000e+04
-8.947278775312508969e+01,-3.323608430300981187e+00,0.000000000000000000e+00,1.722100000000000000e+04
-9.239645264591851515e+01,-3.342999262274674699e+00,0.000000000000000000e+00,1.722100000000000000e+04
-9.532011753538799326e+01,-3.362390594226267293e+00,0.000000000000000000e+00,1.722100000000000000e+04
-9.824378242483882673e+01,-3.381781928980249319e+00,0.000000000000000000e+00,1.722100000000000000e+04
-1.011674473201716324e+02,-3.401172377189359608e+00,0.000000000000000000e+00,1.722100000000000000e+04
-1.040911200590355321e+02,-3.419315177644936643e+00,0.000000000000000000e+00,1.722100000000000000e+04
-1.070148012776202364e+02,-3.436064623165310916e+00,0.000000000000000000e+00,1.722100000000000000e+04
-1.099384824989179208e+02,-3.452813595084008202e+00,0.000000000000000000e+00,1.722100000000000000e+04
-1.128621637181626340e+02,-3.469562925402442488e+00,0.000000000000000000e+00,1.722100000000000000e+04
-1.157858449374016345e+02,-3.486312256716394220e+00,0.000000000000000000e+00,1.722100000000000000e+04
-1.187095261577052412e+02,-3.503061402179983741e+00,0.000000000000000000e+00,1.722100000000000000e+04
-1.216332073770166460e+02,-3.519810720853320696e+00,0.000000000000000000e+00,1.722100000000000000e+04
-1.245568885966532946e+02,-3.536559982766179111e+00,0.000000000000000000e+00,1.722100000000000000e+04
-1.274805698200904658e+02,-3.553308581287415890e+00,0.000000000000000000e+00,1.722100000000000000e+04
-1.304042510406728184e+02,-3.570057678083016661e+00,0.000000000000000000e+00,1.722100000000000000e+04
-1.333279322628229693e+02,-3.586806501242358447e+00,0.000000000000000000e+00,1.722100000000000000e+04
-1.362516134850061178e+02,-3.603555318643668848e+00,0.000000000000000000e+00,1.722100000000000000e+04
-1.391752947056370999e+02,-3.620304406952044474e+00,0.000000000000000000e+00,1.722100000000000000e+04
-1.420989759264787722e+02,-3.637053458479918788e+00,0.000000000000000000e+00,1.722100000000000000e+04
-1.450226571486542184e+02,-3.653802277282964805e+00,0.000000000000000000e+00,1.722100000000000000e+04
-1.479463383690792284e+02,-3.670551401549159820e+00,0.000000000000000000e+00,1.722100000000000000e+04
-1.508700195907978241e+02,-3.687300300015241117e+00,0.000000000000000000e+00,1.722100000000000000e+04
-1.537937008132834649e+02,-3.704049064634599819e+00,0.000000000000000000e+00,1.722100000000000000e+04
-1.567173820344746105e+02,-3.720798055154826756e+00,0.000000000000000000e+00,1.722100000000000000e+04
-1.596410632563567731e+02,-3.737546925112682050e+00,0.000000000000000000e+00,1.722100000000000000e+04
-1.625647444788219786e+02,-3.754295693258506095e+00,0.000000000000000000e+00,1.722100000000000000e+04
-1.654884256988411266e+02,-3.771044888377383053e+00,0.000000000000000000e+00,1.722100000000000000e+04
-1.684121069208678136e+02,-3.787793733148172137e+00,0.000000000000000000e+00,1.722100000000000000e+04
-1.713357881424556695e+02,-3.804542654412735647e+00,0.000000000000000000e+00,1.722100000000000000e+04
-1.742594693629134781e+02,-3.821291772983899548e+00,0.000000000000000000e+00,1.722100000000000000e+04
-1.771831505868071019e+02,-3.838040291806199544e+00,0.000000000000000000e+00,1.722100000000000000e+04
-1.801068318064856157e+02,-3.854789546391480304e+00,0.000000000000000000e+00,1.722100000000000000e+04
-1.830305130299861389e+02,-3.871538133827895578e+00,0.000000000000000000e+00,1.722100000000000000e+04
-1.859541942504499161e+02,-3.888287251369064723e+00,0.000000000000000000e+00,1.722100000000000000e+04
-1.888778755539365761e+02,-3.905021856894495880e+00,0.000000000000000000e+00,1.722100000000000000e+04
-3.138893433820200016e+02,1.784777686319905854e+02,0.000000000000000000e+00,1.725300000000000000e+04
-3.109994868569082200e+02,1.784927397445385964e+02,0.000000000000000000e+00,1.725300000000000000e+04
-3.081096337061378563e+02,1.785083458759212647e+02,0.000000000000000000e+00,1.725300000000000000e+04
-3.052517930000000206e+02,1.785240459999999985e+02,-2.488500000000000156e-01,1.725300000000000000e+04
-3.083858282903845520e+02,1.708632015597671909e+02,0.000000000000000000e+00,1.730400000000000000e+04
-3.091660901114914850e+02,1.731787107473182346e+02,0.000000000000000000e+00,1.730400000000000000e+04
-3.104471239862923539e+02,1.752585415510607163e+02,0.000000000000000000e+00,1.730400000000000000e+04
-3.122059722064869902e+02,1.769515712724066248e+02,0.000000000000000000e+00,1.730400000000000000e+04
-3.143715724616660054e+02,1.780739885899132844e+02,0.000000000000000000e+00,1.730400000000000000e+04
-3.033527224269599287e+02,1.368735287347144114e+00,0.000000000000000000e+00,1.733100000000000000e+04
-3.047375317292382988e+02,2.462860205076120579e+00,0.000000000000000000e+00,1.733100000000000000e+04
-3.057099854308533509e+02,3.942673930939697868e+00,0.000000000000000000e+00,1.733100000000000000e+04
-3.062746041018457390e+02,5.622105475981545197e+00,-2.588611606062582449e-02,1.733100000000000000e+04
-2.081672402163753759e+02,-4.011850030537266854e+00,0.000000000000000000e+00,1.740300000000000000e+04
-2.108446438672322643e+02,-4.026209316752479062e+00,0.000000000000000000e+00,1.740300000000000000e+04
-2.033602518090247600e+02,-3.578934169789563136e+00,0.000000000000000000e+00,1.742800000000000000e+04
-2.014052481741746305e+02,-2.528092788077126229e+00,0.000000000000000000e+00,1.742800000000000000e+04
-1.997947150964463390e+02,-1.005023068552621357e+00,0.000000000000000000e+00,1.742800000000000000e+04
-1.985366070026719285e+02,8.294935055727282736e-01,0.000000000000000000e+00,1.742800000000000000e+04
-1.976393628658633759e+02,2.876296314742166516e+00,0.000000000000000000e+00,1.742800000000000000e+04
-1.971106322772149042e+02,5.055386647945315559e+00,0.000000000000000000e+00,1.742800000000000000e+04
-3.140042955336206205e+02,-4.201039725617693676e+00,0.000000000000000000e+00,1.747300000000000000e+04
-3.117986689212568194e+02,-3.135196018894010006e+00,0.000000000000000000e+00,1.747300000000000000e+04
-3.099319151227057318e+02,-1.567572902900111753e+00,0.000000000000000000e+00,1.747300000000000000e+04
-3.084301783378181199e+02,3.545240405050226751e-01,0.000000000000000000e+00,1.747300000000000000e+04
-3.073346877930617893e+02,2.548524396613458975e+00,0.000000000000000000e+00,1.747300000000000000e+04
-3.066758120592141950e+02,4.929135972049570213e+00,0.000000000000000000e+00,1.747300000000000000e+04
-3.023422763387609962e+02,1.785400296119209713e+02,0.000000000000000000e+00,1.748000000000000000e+04
-2.994017911261092877e+02,1.785558347573596052e+02,0.000000000000000000e+00,1.748000000000000000e+04
-2.964613022207880704e+02,1.785709437885475097e+02,0.000000000000000000e+00,1.748000000000000000e+04
-2.935208132764150832e+02,1.785860452256682152e+02,0.000000000000000000e+00,1.748000000000000000e+04
-2.905803243828429459e+02,1.786011565491493798e+02,0.000000000000000000e+00,1.748000000000000000e+04
-2.876398354367741490e+02,1.786162576550522090e+02,0.000000000000000000e+00,1.748000000000000000e+04
-2.846993465121695408e+02,1.786313629379439476e+02,0.000000000000000000e+00,1.748000000000000000e+04
-2.817588576170942360e+02,1.786464739686126109e+02,0.000000000000000000e+00,1.748000000000000000e+04
-2.788183687119129672e+02,1.786615830308814452e+02,0.000000000000000000e+00,1.748000000000000000e+04
-2.758778797855650282e+02,1.786766879721333510e+02,0.000000000000000000e+00,1.748000000000000000e+04
-2.729373908513564402e+02,1.786917913855087932e+02,0.000000000000000000e+00,1.748000000000000000e+04
-2.699969019642687726e+02,1.787069039636462549e+02,0.000000000000000000e+00,1.748000000000000000e+04
-2.670564130062464301e+02,1.787220027432602478e+02,0.000000000000000000e+00,1.748000000000000000e+04
-2.641159241113973621e+02,1.787371138074065584e+02,0.000000000000000000e+00,1.748000000000000000e+04
-2.611754352126168897e+02,1.787522241112085624e+02,0.000000000000000000e+00,1.748000000000000000e+04
-2.582349462811630474e+02,1.787673280613781799e+02,0.000000000000000000e+00,1.748000000000000000e+04
-2.552944573447110201e+02,1.787824310363645282e+02,0.000000000000000000e+00,1.748000000000000000e+04
-2.523539684477538287e+02,1.787975416996652029e+02,0.000000000000000000e+00,1.748000000000000000e+04
-2.494134795218147929e+02,1.788126467234084203e+02,0.000000000000000000e+00,1.748000000000000000e+04
-2.464729905881740706e+02,1.788277502476414043e+02,0.000000000000000000e+00,1.748000000000000000e+04
-2.435325017062785946e+02,1.788428638423339123e+02,0.000000000000000000e+00,1.748000000000000000e+04
-2.405920127418624759e+02,1.788579613758050471e+02,0.000000000000000000e+00,1.748000000000000000e+04
-2.376515238368822338e+02,1.788730704775260278e+02,0.000000000000000000e+00,1.748000000000000000e+04
-2.347110349411128709e+02,1.788881813694660536e+02,0.000000000000000000e+00,1.748000000000000000e+04
-2.317705459495041396e+02,1.789032731525962845e+02,0.000000000000000000e+00,1.748000000000000000e+04
-3.072686119802274902e+02,1.781810334319494871e+02,0.000000000000000000e+00,1.751500000000000000e+04
-3.091366600365884096e+02,1.773280727169495208e+02,0.000000000000000000e+00,1.751500000000000000e+04
-3.107350364033300139e+02,1.760587471370079697e+02,0.000000000000000000e+00,1.751500000000000000e+04
-3.120505059289585574e+02,1.744914620595283736e+02,0.000000000000000000e+00,1.751500000000000000e+04
-3.130301340117997029e+02,1.726765511175069321e+02,0.000000000000000000e+00,1.751500000000000000e+04
-3.136315294252873400e+02,1.706869482080847149e+02,0.000000000000000000e+00,1.751500000000000000e+04
-4.446013793945312500e+02,1.516097717285156250e+02,0.000000000000000000e+00,0.000000000000000000e+00
-4.424922180175781250e+02,1.554848022460937500e+02,0.000000000000000000e+00,0.000000000000000000e+00
-4.419381408691406250e+02,1.555897521972656250e+02,0.000000000000000000e+00,0.000000000000000000e+00
-4.418597106933593750e+02,1.520424194335937500e+02,0.000000000000000000e+00,0.000000000000000000e+00
-4.418592224121093750e+02,1.520425262451171875e+02,0.000000000000000000e+00,0.000000000000000000e+00
-4.396470642089843750e+02,1.518646240234375000e+02,0.000000000000000000e+00,0.000000000000000000e+00
-4.396306152343750000e+02,1.564166259765625000e+02,0.000000000000000000e+00,0.000000000000000000e+00
-4.388859558105468750e+02,1.826696777343750000e+02,0.000000000000000000e+00,0.000000000000000000e+00
-4.388859558105468750e+02,1.826696777343750000e+02,0.000000000000000000e+00,0.000000000000000000e+00
-4.381339416503906250e+02,1.796076660156250000e+02,0.000000000000000000e+00,0.000000000000000000e+00
-4.381339416503906250e+02,1.796076660156250000e+02,0.000000000000000000e+00,0.000000000000000000e+00
-4.369129638671875000e+02,1.765969390869140625e+02,0.000000000000000000e+00,0.000000000000000000e+00
-4.367967529296875000e+02,1.764221343994140625e+02,0.000000000000000000e+00,0.000000000000000000e+00
-4.359756164550781250e+02,-7.848496913909912109e+00,5.105731179355643690e-05,0.000000000000000000e+00
-4.349693908691406250e+02,1.812802581787109375e+02,0.000000000000000000e+00,0.000000000000000000e+00
-4.347870788574218750e+02,1.806316528320312500e+02,0.000000000000000000e+00,0.000000000000000000e+00
-4.341347961425781250e+02,-4.129597663879394531e+00,4.266489122528582811e-05,0.000000000000000000e+00
-4.340708618164062500e+02,1.787586517333984375e+02,0.000000000000000000e+00,0.000000000000000000e+00
-4.121466674804687500e+02,1.547750549316406250e+02,0.000000000000000000e+00,0.000000000000000000e+00
-4.121278686523437500e+02,1.517751159667968750e+02,0.000000000000000000e+00,0.000000000000000000e+00
-4.121091003417968750e+02,1.487751770019531250e+02,0.000000000000000000e+00,0.000000000000000000e+00
-4.120903015136718750e+02,1.457752380371093750e+02,0.000000000000000000e+00,0.000000000000000000e+00
-4.120715332031250000e+02,1.427752838134765625e+02,0.000000000000000000e+00,0.000000000000000000e+00
-4.120527343750000000e+02,1.397753448486328125e+02,0.000000000000000000e+00,0.000000000000000000e+00
-4.120339660644531250e+02,1.367754058837890625e+02,0.000000000000000000e+00,0.000000000000000000e+00
-4.120151672363281250e+02,1.337754669189453125e+02,0.000000000000000000e+00,0.000000000000000000e+00
-4.119963989257812500e+02,1.307755279541015625e+02,0.000000000000000000e+00,0.000000000000000000e+00
-4.119776000976562500e+02,1.277755813598632812e+02,0.000000000000000000e+00,0.000000000000000000e+00
-4.119588317871093750e+02,1.247756423950195312e+02,0.000000000000000000e+00,0.000000000000000000e+00
-4.119400329589843750e+02,1.217757034301757812e+02,0.000000000000000000e+00,0.000000000000000000e+00
-4.119212646484375000e+02,1.187757568359375000e+02,0.000000000000000000e+00,0.000000000000000000e+00
-4.119024658203125000e+02,1.157758178710937500e+02,0.000000000000000000e+00,0.000000000000000000e+00
-4.118836975097656250e+02,1.127758789062500000e+02,0.000000000000000000e+00,0.000000000000000000e+00
-4.118648986816406250e+02,1.097759399414062500e+02,0.000000000000000000e+00,0.000000000000000000e+00
-4.118461303710937500e+02,1.067760009765625000e+02,0.000000000000000000e+00,0.000000000000000000e+00
-4.118273315429687500e+02,1.037760543823242188e+02,0.000000000000000000e+00,0.000000000000000000e+00
-4.118085632324218750e+02,1.007761077880859375e+02,0.000000000000000000e+00,0.000000000000000000e+00
-4.117897644042968750e+02,9.777616882324218750e+01,0.000000000000000000e+00,0.000000000000000000e+00
-4.117709960937500000e+02,9.477622985839843750e+01,0.000000000000000000e+00,0.000000000000000000e+00
-4.117521972656250000e+02,9.177629089355468750e+01,0.000000000000000000e+00,0.000000000000000000e+00
-4.117334289550781250e+02,8.877635192871093750e+01,0.000000000000000000e+00,0.000000000000000000e+00
-4.117146301269531250e+02,8.577640533447265625e+01,0.000000000000000000e+00,0.000000000000000000e+00
-4.116966552734375000e+02,8.290277862548828125e+01,0.000000000000000000e+00,0.000000000000000000e+00
-4.113636169433593750e+02,1.581721496582031250e+02,0.000000000000000000e+00,0.000000000000000000e+00
-4.106640930175781250e+02,7.915108489990234375e+01,0.000000000000000000e+00,0.000000000000000000e+00
-4.086907348632812500e+02,1.610406646728515625e+02,0.000000000000000000e+00,0.000000000000000000e+00
-4.086467285156250000e+02,1.547969665527343750e+02,0.000000000000000000e+00,0.000000000000000000e+00
-4.086279296875000000e+02,1.517970275878906250e+02,0.000000000000000000e+00,0.000000000000000000e+00
-4.086091613769531250e+02,1.487970886230468750e+02,0.000000000000000000e+00,0.000000000000000000e+00
-4.085903625488281250e+02,1.457971496582031250e+02,0.000000000000000000e+00,0.000000000000000000e+00
-4.085715942382812500e+02,1.427971954345703125e+02,0.000000000000000000e+00,0.000000000000000000e+00
-4.085527954101562500e+02,1.397972564697265625e+02,0.000000000000000000e+00,0.000000000000000000e+00
-4.085340270996093750e+02,1.367973175048828125e+02,0.000000000000000000e+00,0.000000000000000000e+00
-4.085152282714843750e+02,1.337973785400390625e+02,0.000000000000000000e+00,0.000000000000000000e+00
-4.084964599609375000e+02,1.307974395751953125e+02,0.000000000000000000e+00,0.000000000000000000e+00
-4.084776611328125000e+02,1.277974929809570312e+02,0.000000000000000000e+00,0.000000000000000000e+00
-4.084588928222656250e+02,1.247975540161132812e+02,0.000000000000000000e+00,0.000000000000000000e+00
-4.084400939941406250e+02,1.217976150512695312e+02,0.000000000000000000e+00,0.000000000000000000e+00
-4.084213256835937500e+02,1.187976684570312500e+02,0.000000000000000000e+00,0.000000000000000000e+00
-4.084025268554687500e+02,1.157977294921875000e+02,0.000000000000000000e+00,0.000000000000000000e+00
-4.083837585449218750e+02,1.127977905273437500e+02,0.000000000000000000e+00,0.000000000000000000e+00
-4.083649597167968750e+02,1.097978515625000000e+02,0.000000000000000000e+00,0.000000000000000000e+00
-4.083461914062500000e+02,1.067979125976562500e+02,0.000000000000000000e+00,0.000000000000000000e+00
-4.083273925781250000e+02,1.037979660034179688e+02,0.000000000000000000e+00,0.000000000000000000e+00
-4.083086242675781250e+02,1.007980194091796875e+02,0.000000000000000000e+00,0.000000000000000000e+00
-4.082898254394531250e+02,9.779808044433593750e+01,0.000000000000000000e+00,0.000000000000000000e+00
-4.082710571289062500e+02,9.479814147949218750e+01,0.000000000000000000e+00,0.000000000000000000e+00
-4.082522583007812500e+02,9.179820251464843750e+01,0.000000000000000000e+00,0.000000000000000000e+00
-4.082467956542968750e+02,1.565778198242187500e+02,0.000000000000000000e+00,0.000000000000000000e+00
-4.082334899902343750e+02,8.879826354980468750e+01,0.000000000000000000e+00,0.000000000000000000e+00
-4.082146911621093750e+02,8.579831695556640625e+01,0.000000000000000000e+00,0.000000000000000000e+00
-4.081966857910156250e+02,8.292448425292968750e+01,0.000000000000000000e+00,0.000000000000000000e+00
-4.077943725585937500e+02,7.648006439208984375e+01,0.000000000000000000e+00,0.000000000000000000e+00
-4.076688232421875000e+02,8.096172332763671875e+01,0.000000000000000000e+00,0.000000000000000000e+00
-4.068815612792968750e+02,1.580433654785156250e+02,0.000000000000000000e+00,0.000000000000000000e+00
-4.062026977539062500e+02,7.959719848632812500e+01,0.000000000000000000e+00,0.000000000000000000e+00
-4.049386291503906250e+02,1.620703277587890625e+02,0.000000000000000000e+00,0.000000000000000000e+00
-4.049186401367187500e+02,1.585703887939453125e+02,0.000000000000000000e+00,0.000000000000000000e+00
-4.044232788085937500e+02,7.919810485839843750e+01,0.000000000000000000e+00,0.000000000000000000e+00
-4.044014282226562500e+02,7.569816589355468750e+01,0.000000000000000000e+00,0.000000000000000000e+00
-4.030549316406250000e+02,1.620811920166015625e+02,0.000000000000000000e+00,0.000000000000000000e+00
-4.030347290039062500e+02,1.585812530517578125e+02,0.000000000000000000e+00,0.000000000000000000e+00
-4.014233398437500000e+02,7.921680450439453125e+01,0.000000000000000000e+00,0.000000000000000000e+00
-4.014014892578125000e+02,7.571686553955078125e+01,0.000000000000000000e+00,0.000000000000000000e+00
-4.000549926757812500e+02,1.620984954833984375e+02,0.000000000000000000e+00,0.000000000000000000e+00
-4.000547180175781250e+02,1.620984954833984375e+02,0.000000000000000000e+00,0.000000000000000000e+00
-4.000347900390625000e+02,1.585985565185546875e+02,0.000000000000000000e+00,0.000000000000000000e+00
-3.990065917968750000e+02,7.923187255859375000e+01,0.000000000000000000e+00,0.000000000000000000e+00
-3.989847412109375000e+02,7.573193359375000000e+01,0.000000000000000000e+00,0.000000000000000000e+00
-3.989847412109375000e+02,7.573193359375000000e+01,0.000000000000000000e+00,0.000000000000000000e+00
-3.984687194824218750e+02,1.584037933349609375e+02,0.000000000000000000e+00,0.000000000000000000e+00
-3.980550231933593750e+02,1.621100158691406250e+02,0.000000000000000000e+00,0.000000000000000000e+00
-3.980348205566406250e+02,1.586100769042968750e+02,0.000000000000000000e+00,0.000000000000000000e+00
-3.974947204589843750e+02,7.943753051757812500e+01,0.000000000000000000e+00,0.000000000000000000e+00
-3.965094299316406250e+02,1.573518981933593750e+02,0.000000000000000000e+00,0.000000000000000000e+00
-3.964265441894531250e+02,1.613830871582031250e+02,0.000000000000000000e+00,0.000000000000000000e+00
-3.960066528320312500e+02,7.925057220458984375e+01,0.000000000000000000e+00,0.000000000000000000e+00
-3.959848022460937500e+02,7.575063323974609375e+01,0.000000000000000000e+00,0.000000000000000000e+00
-3.955551452636718750e+02,8.050708770751953125e+01,0.000000000000000000e+00,0.000000000000000000e+00
-3.953577880859375000e+02,7.650806427001953125e+01,0.000000000000000000e+00,0.000000000000000000e+00
-3.951733093261718750e+02,1.555742492675781250e+02,0.000000000000000000e+00,0.000000000000000000e+00
-3.950557556152343750e+02,1.621276092529296875e+02,0.000000000000000000e+00,0.000000000000000000e+00
-3.950342102050781250e+02,1.586276855468750000e+02,0.000000000000000000e+00,0.000000000000000000e+00
-3.947062377929687500e+02,1.533672790527343750e+02,0.000000000000000000e+00,0.000000000000000000e+00
-3.947062377929687500e+02,1.533675537109375000e+02,0.000000000000000000e+00,0.000000000000000000e+00
-3.946682434082031250e+02,1.503675231933593750e+02,0.000000000000000000e+00,0.000000000000000000e+00
-3.946302795410156250e+02,1.473677673339843750e+02,0.000000000000000000e+00,0.000000000000000000e+00
-3.945922851562500000e+02,1.443679962158203125e+02,0.000000000000000000e+00,0.000000000000000000e+00
-3.945543212890625000e+02,1.413682403564453125e+02,0.000000000000000000e+00,0.000000000000000000e+00
-3.945163269042968750e+02,1.383684844970703125e+02,0.000000000000000000e+00,0.000000000000000000e+00
-3.944783325195312500e+02,1.353687133789062500e+02,0.000000000000000000e+00,0.000000000000000000e+00
-3.944403686523437500e+02,1.323689575195312500e+02,0.000000000000000000e+00,0.000000000000000000e+00
-3.944062500000000000e+02,1.558479766845703125e+02,0.000000000000000000e+00,0.000000000000000000e+00
-3.944023742675781250e+02,1.293692016601562500e+02,0.000000000000000000e+00,0.000000000000000000e+00
-3.943644104003906250e+02,1.263694458007812500e+02,0.000000000000000000e+00,0.000000000000000000e+00
-3.943264160156250000e+02,1.233696823120117188e+02,0.000000000000000000e+00,0.000000000000000000e+00
-3.942884216308593750e+02,1.203699188232421875e+02,0.000000000000000000e+00,0.000000000000000000e+00
-3.942530212402343750e+02,8.229885101318359375e+01,0.000000000000000000e+00,0.000000000000000000e+00
-3.942504577636718750e+02,1.173701629638671875e+02,0.000000000000000000e+00,0.000000000000000000e+00
-3.942124633789062500e+02,1.143704071044921875e+02,0.000000000000000000e+00,0.000000000000000000e+00
-3.941744995117187500e+02,1.113706436157226562e+02,0.000000000000000000e+00,0.000000000000000000e+00
-3.941365051269531250e+02,1.083708801269531250e+02,0.000000000000000000e+00,0.000000000000000000e+00
-3.940985107421875000e+02,1.053711242675781250e+02,0.000000000000000000e+00,0.000000000000000000e+00
-3.940605468750000000e+02,1.023713684082031250e+02,0.000000000000000000e+00,0.000000000000000000e+00
-3.940225524902343750e+02,9.937161254882812500e+01,0.000000000000000000e+00,0.000000000000000000e+00
-3.939845886230468750e+02,9.637184906005859375e+01,0.000000000000000000e+00,0.000000000000000000e+00
-3.939465942382812500e+02,9.337208557128906250e+01,0.000000000000000000e+00,0.000000000000000000e+00
-3.939085998535156250e+02,9.037232971191406250e+01,0.000000000000000000e+00,0.000000000000000000e+00
-3.938706359863281250e+02,8.737256622314453125e+01,0.000000000000000000e+00,0.000000000000000000e+00
-3.938342895507812500e+02,8.450283050537109375e+01,0.000000000000000000e+00,0.000000000000000000e+00
-3.938342895507812500e+02,8.450283050537109375e+01,0.000000000000000000e+00,0.000000000000000000e+00
-3.934046630859375000e+02,1.591976776123046875e+02,0.000000000000000000e+00,0.000000000000000000e+00
-3.930520019531250000e+02,8.088837432861328125e+01,0.000000000000000000e+00,0.000000000000000000e+00
-3.930064697265625000e+02,7.926905822753906250e+01,0.000000000000000000e+00,0.000000000000000000e+00
-3.929851074218750000e+02,7.576911926269531250e+01,0.000000000000000000e+00,0.000000000000000000e+00
-3.926638488769531250e+02,1.591538543701171875e+02,0.000000000000000000e+00,0.000000000000000000e+00
-3.923767089843750000e+02,7.876179504394531250e+01,0.000000000000000000e+00,0.000000000000000000e+00
-3.920558166503906250e+02,1.621460571289062500e+02,0.000000000000000000e+00,0.000000000000000000e+00
-3.920342712402343750e+02,1.586461181640625000e+02,0.000000000000000000e+00,0.000000000000000000e+00
-3.915803833007812500e+02,1.559450073242187500e+02,0.000000000000000000e+00,0.000000000000000000e+00
-3.912065429687500000e+02,1.534115905761718750e+02,0.000000000000000000e+00,0.000000000000000000e+00
-3.911685485839843750e+02,1.504118347167968750e+02,0.000000000000000000e+00,0.000000000000000000e+00
-3.911305847167968750e+02,1.474120788574218750e+02,0.000000000000000000e+00,0.000000000000000000e+00
-3.910925903320312500e+02,1.444123077392578125e+02,0.000000000000000000e+00,0.000000000000000000e+00
-3.910546264648437500e+02,1.414125518798828125e+02,0.000000000000000000e+00,0.000000000000000000e+00
-3.910293579101562500e+02,1.549280242919921875e+02,0.000000000000000000e+00,0.000000000000000000e+00
-3.910166320800781250e+02,1.384127960205078125e+02,0.000000000000000000e+00,0.000000000000000000e+00
-3.909786376953125000e+02,1.354130249023437500e+02,0.000000000000000000e+00,0.000000000000000000e+00
-3.909406738281250000e+02,1.324132690429687500e+02,0.000000000000000000e+00,0.000000000000000000e+00
-3.909026794433593750e+02,1.294135131835937500e+02,0.000000000000000000e+00,0.000000000000000000e+00
-3.908647155761718750e+02,1.264137573242187500e+02,0.000000000000000000e+00,0.000000000000000000e+00
-3.908267211914062500e+02,1.234139938354492188e+02,0.000000000000000000e+00,0.000000000000000000e+00
-3.908108520507812500e+02,7.790740966796875000e+01,0.000000000000000000e+00,0.000000000000000000e+00
-3.907887268066406250e+02,1.204142303466796875e+02,0.000000000000000000e+00,0.000000000000000000e+00
-3.907507629394531250e+02,1.174144744873046875e+02,0.000000000000000000e+00,0.000000000000000000e+00
-3.907127685546875000e+02,1.144147186279296875e+02,0.000000000000000000e+00,0.000000000000000000e+00
-3.906748046875000000e+02,1.114149551391601562e+02,0.000000000000000000e+00,0.000000000000000000e+00
-3.906368103027343750e+02,1.084151916503906250e+02,0.000000000000000000e+00,0.000000000000000000e+00
-3.906342773437500000e+02,8.206784820556640625e+01,0.000000000000000000e+00,0.000000000000000000e+00
-3.905988159179687500e+02,1.054154357910156250e+02,0.000000000000000000e+00,0.000000000000000000e+00
-3.905608520507812500e+02,1.024156799316406250e+02,0.000000000000000000e+00,0.000000000000000000e+00
-3.905228576660156250e+02,9.941592407226562500e+01,0.000000000000000000e+00,0.000000000000000000e+00
-3.904848937988281250e+02,9.641616058349609375e+01,0.000000000000000000e+00,0.000000000000000000e+00
-3.904468994140625000e+02,9.341639709472656250e+01,0.000000000000000000e+00,0.000000000000000000e+00
-3.904089050292968750e+02,9.041664123535156250e+01,0.000000000000000000e+00,0.000000000000000000e+00
-3.903709411621093750e+02,8.741687774658203125e+01,0.000000000000000000e+00,0.000000000000000000e+00
-3.903345947265625000e+02,8.454687500000000000e+01,0.000000000000000000e+00,0.000000000000000000e+00
-3.900065307617187500e+02,7.928739929199218750e+01,0.000000000000000000e+00,0.000000000000000000e+00
-3.899966125488281250e+02,1.568876800537109375e+02,0.000000000000000000e+00,0.000000000000000000e+00
-3.899851684570312500e+02,7.578746032714843750e+01,0.000000000000000000e+00,0.000000000000000000e+00
-3.898674011230468750e+02,8.234040069580078125e+01,0.000000000000000000e+00,0.000000000000000000e+00
-3.896831054687500000e+02,1.614077453613281250e+02,0.000000000000000000e+00,0.000000000000000000e+00
-3.890565490722656250e+02,1.621649780273437500e+02,0.000000000000000000e+00,0.000000000000000000e+00
-3.890336608886718750e+02,1.586650390625000000e+02,0.000000000000000000e+00,0.000000000000000000e+00
-3.885310668945312500e+02,8.056308746337890625e+01,0.000000000000000000e+00,0.000000000000000000e+00
-3.882297363281250000e+02,1.582237701416015625e+02,0.000000000000000000e+00,0.000000000000000000e+00
-3.875246582031250000e+02,7.614395904541015625e+01,0.000000000000000000e+00,0.000000000000000000e+00
-3.870063781738281250e+02,7.930546569824218750e+01,0.000000000000000000e+00,0.000000000000000000e+00
-3.869854431152343750e+02,7.580552673339843750e+01,0.000000000000000000e+00,0.000000000000000000e+00
-3.865716857910156250e+02,7.951172637939453125e+01,0.000000000000000000e+00,0.000000000000000000e+00
-3.860566101074218750e+02,1.621845703125000000e+02,0.000000000000000000e+00,0.000000000000000000e+00
-3.860566101074218750e+02,1.621845703125000000e+02,0.000000000000000000e+00,0.000000000000000000e+00
-3.860339660644531250e+02,1.586846160888671875e+02,0.000000000000000000e+00,0.000000000000000000e+00
-3.860337219238281250e+02,1.586846313476562500e+02,0.000000000000000000e+00,0.000000000000000000e+00
-3.850064086914062500e+02,7.931744384765625000e+01,0.000000000000000000e+00,0.000000000000000000e+00
-3.849854736328125000e+02,7.581750488281250000e+01,0.000000000000000000e+00,0.000000000000000000e+00
-3.841451416015625000e+02,1.621970520019531250e+02,0.000000000000000000e+00,0.000000000000000000e+00
-3.841222534179687500e+02,1.586971130371093750e+02,0.000000000000000000e+00,0.000000000000000000e+00
-3.820064697265625000e+02,7.933541107177734375e+01,0.000000000000000000e+00,0.000000000000000000e+00
-3.819855346679687500e+02,7.583547210693359375e+01,0.000000000000000000e+00,0.000000000000000000e+00
-3.811452026367187500e+02,1.622166442871093750e+02,0.000000000000000000e+00,0.000000000000000000e+00
-3.811449279785156250e+02,1.622166442871093750e+02,0.000000000000000000e+00,0.000000000000000000e+00
-3.811223144531250000e+02,1.587167053222656250e+02,0.000000000000000000e+00,0.000000000000000000e+00
-3.802579040527343750e+02,7.934588623046875000e+01,0.000000000000000000e+00,0.000000000000000000e+00
-3.802369689941406250e+02,7.584594726562500000e+01,0.000000000000000000e+00,0.000000000000000000e+00
-3.802369689941406250e+02,7.584594726562500000e+01,0.000000000000000000e+00,0.000000000000000000e+00
-3.795667419433593750e+02,1.585246429443359375e+02,0.000000000000000000e+00,0.000000000000000000e+00
-3.791452331542968750e+02,1.622297058105468750e+02,0.000000000000000000e+00,0.000000000000000000e+00
-3.791223449707031250e+02,1.587297668457031250e+02,0.000000000000000000e+00,0.000000000000000000e+00
-3.787392883300781250e+02,7.955220031738281250e+01,0.000000000000000000e+00,0.000000000000000000e+00
-3.776080627441406250e+02,1.574753875732421875e+02,0.000000000000000000e+00,0.000000000000000000e+00
-3.775145874023437500e+02,1.615004882812500000e+02,0.000000000000000000e+00,0.000000000000000000e+00
-3.772579650878906250e+02,7.936385345458984375e+01,0.000000000000000000e+00,0.000000000000000000e+00
-3.772370300292968750e+02,7.586391448974609375e+01,0.000000000000000000e+00,0.000000000000000000e+00
-3.767985534667968750e+02,8.062206268310546875e+01,0.000000000000000000e+00,0.000000000000000000e+00
-3.766108093261718750e+02,7.661891174316406250e+01,0.000000000000000000e+00,0.000000000000000000e+00
-3.762731323242187500e+02,1.556990966796875000e+02,0.000000000000000000e+00,0.000000000000000000e+00
-3.761452941894531250e+02,1.622492980957031250e+02,0.000000000000000000e+00,0.000000000000000000e+00
-3.761224365234375000e+02,1.587493591308593750e+02,0.000000000000000000e+00,0.000000000000000000e+00
-3.758089599609375000e+02,1.534940643310546875e+02,0.000000000000000000e+00,0.000000000000000000e+00
-3.758089599609375000e+02,1.534943542480468750e+02,0.000000000000000000e+00,0.000000000000000000e+00
-3.757768554687500000e+02,1.504942321777343750e+02,0.000000000000000000e+00,0.000000000000000000e+00
-3.757447814941406250e+02,1.474944152832031250e+02,0.000000000000000000e+00,0.000000000000000000e+00
-3.757126770019531250e+02,1.444945831298828125e+02,0.000000000000000000e+00,0.000000000000000000e+00
-3.756806030273437500e+02,1.414947509765625000e+02,0.000000000000000000e+00,0.000000000000000000e+00
-3.756485290527343750e+02,1.384949188232421875e+02,0.000000000000000000e+00,0.000000000000000000e+00
-3.756164550781250000e+02,1.354951019287109375e+02,0.000000000000000000e+00,0.000000000000000000e+00
-3.755843505859375000e+02,1.324952697753906250e+02,0.000000000000000000e+00,0.000000000000000000e+00
-3.755522766113281250e+02,1.294954376220703125e+02,0.000000000000000000e+00,0.000000000000000000e+00
-3.755202026367187500e+02,1.264956207275390625e+02,0.000000000000000000e+00,0.000000000000000000e+00
-3.755026245117187500e+02,1.559835968017578125e+02,0.000000000000000000e+00,0.000000000000000000e+00
-3.754943847656250000e+02,8.241375732421875000e+01,0.000000000000000000e+00,0.000000000000000000e+00
-3.754880981445312500e+02,1.234957885742187500e+02,0.000000000000000000e+00,0.000000000000000000e+00
-3.754560241699218750e+02,1.204959640502929688e+02,0.000000000000000000e+00,0.000000000000000000e+00
-3.754239501953125000e+02,1.174961318969726562e+02,0.000000000000000000e+00,0.000000000000000000e+00
-3.753918762207031250e+02,1.144962997436523438e+02,0.000000000000000000e+00,0.000000000000000000e+00
-3.753597717285156250e+02,1.114964752197265625e+02,0.000000000000000000e+00,0.000000000000000000e+00
-3.753276977539062500e+02,1.084966506958007812e+02,0.000000000000000000e+00,0.000000000000000000e+00
-3.752956237792968750e+02,1.054968185424804688e+02,0.000000000000000000e+00,0.000000000000000000e+00
-3.752635192871093750e+02,1.024969863891601562e+02,0.000000000000000000e+00,0.000000000000000000e+00
-3.752314453125000000e+02,9.949716186523437500e+01,0.000000000000000000e+00,0.000000000000000000e+00
-3.751993713378906250e+02,9.649733734130859375e+01,0.000000000000000000e+00,0.000000000000000000e+00
-3.751672973632812500e+02,9.349750518798828125e+01,0.000000000000000000e+00,0.000000000000000000e+00
-3.751351928710937500e+02,9.049767303466796875e+01,0.000000000000000000e+00,0.000000000000000000e+00
-3.751031188964843750e+02,8.749784851074218750e+01,0.000000000000000000e+00,0.000000000000000000e+00
-3.750723266601562500e+02,8.461872863769531250e+01,0.000000000000000000e+00,0.000000000000000000e+00
-3.750723266601562500e+02,8.461872863769531250e+01,0.000000000000000000e+00,0.000000000000000000e+00
-3.744938354492187500e+02,1.593107604980468750e+02,0.000000000000000000e+00,0.000000000000000000e+00
-3.742942199707031250e+02,8.100144958496093750e+01,0.000000000000000000e+00,0.000000000000000000e+00
-3.742583007812500000e+02,7.938208770751953125e+01,0.000000000000000000e+00,0.000000000000000000e+00
-3.742368164062500000e+02,7.588214874267578125e+01,0.000000000000000000e+00,0.000000000000000000e+00
-3.737538146972656250e+02,1.592847747802734375e+02,0.000000000000000000e+00,0.000000000000000000e+00
-3.736272888183593750e+02,7.886771392822265625e+01,0.000000000000000000e+00,0.000000000000000000e+00
-3.731453552246093750e+02,1.622689056396484375e+02,0.000000000000000000e+00,0.000000000000000000e+00
-3.731224670410156250e+02,1.587689666748046875e+02,0.000000000000000000e+00,0.000000000000000000e+00
-3.726756591796875000e+02,1.560528411865234375e+02,0.000000000000000000e+00,0.000000000000000000e+00
-3.723091430664062500e+02,1.535315093994140625e+02,0.000000000000000000e+00,0.000000000000000000e+00
-3.722770385742187500e+02,1.505316772460937500e+02,0.000000000000000000e+00,0.000000000000000000e+00
-3.722449645996093750e+02,1.475318603515625000e+02,0.000000000000000000e+00,0.000000000000000000e+00
-3.722128601074218750e+02,1.445320281982421875e+02,0.000000000000000000e+00,0.000000000000000000e+00
-3.721807861328125000e+02,1.415321960449218750e+02,0.000000000000000000e+00,0.000000000000000000e+00
-3.721487121582031250e+02,1.385323638916015625e+02,0.000000000000000000e+00,0.000000000000000000e+00
-3.721279602050781250e+02,1.550553131103515625e+02,0.000000000000000000e+00,0.000000000000000000e+00
-3.721166381835937500e+02,1.355325469970703125e+02,0.000000000000000000e+00,0.000000000000000000e+00
-3.720845336914062500e+02,1.325327148437500000e+02,0.000000000000000000e+00,0.000000000000000000e+00
-3.720534973144531250e+02,7.801852416992187500e+01,0.000000000000000000e+00,0.000000000000000000e+00
-3.720524597167968750e+02,1.295328826904296875e+02,0.000000000000000000e+00,0.000000000000000000e+00
-3.720203857421875000e+02,1.265330505371093750e+02,0.000000000000000000e+00,0.000000000000000000e+00
-3.719882812500000000e+02,1.235332183837890625e+02,0.000000000000000000e+00,0.000000000000000000e+00
-3.719562072753906250e+02,1.205333938598632812e+02,0.000000000000000000e+00,0.000000000000000000e+00
-3.719241333007812500e+02,1.175335617065429688e+02,0.000000000000000000e+00,0.000000000000000000e+00
-3.718920593261718750e+02,1.145337295532226562e+02,0.000000000000000000e+00,0.000000000000000000e+00
-3.718784790039062500e+02,8.216925048828125000e+01,0.000000000000000000e+00,0.000000000000000000e+00
-3.718599548339843750e+02,1.115339050292968750e+02,0.000000000000000000e+00,0.000000000000000000e+00
-3.718278808593750000e+02,1.085340805053710938e+02,0.000000000000000000e+00,0.000000000000000000e+00
-3.717958068847656250e+02,1.055342483520507812e+02,0.000000000000000000e+00,0.000000000000000000e+00
-3.717637023925781250e+02,1.025344161987304688e+02,0.000000000000000000e+00,0.000000000000000000e+00
-3.717316284179687500e+02,9.953459167480468750e+01,0.000000000000000000e+00,0.000000000000000000e+00
-3.716995544433593750e+02,9.653476715087890625e+01,0.000000000000000000e+00,0.000000000000000000e+00
-3.716674804687500000e+02,9.353493499755859375e+01,0.000000000000000000e+00,0.000000000000000000e+00
-3.716353759765625000e+02,9.053510284423828125e+01,0.000000000000000000e+00,0.000000000000000000e+00
-3.716033020019531250e+02,8.753527832031250000e+01,0.000000000000000000e+00,0.000000000000000000e+00
-3.715725097656250000e+02,8.465588378906250000e+01,0.000000000000000000e+00,0.000000000000000000e+00
-3.712583618164062500e+02,7.940051269531250000e+01,0.000000000000000000e+00,0.000000000000000000e+00
-3.712368774414062500e+02,7.590057373046875000e+01,0.000000000000000000e+00,0.000000000000000000e+00
-3.711084594726562500e+02,8.245088195800781250e+01,0.000000000000000000e+00,0.000000000000000000e+00
-3.710904541015625000e+02,1.570139617919921875e+02,0.000000000000000000e+00,0.000000000000000000e+00
-3.707709350585937500e+02,1.615338897705078125e+02,0.000000000000000000e+00,0.000000000000000000e+00
-3.701454467773437500e+02,1.622884979248046875e+02,0.000000000000000000e+00,0.000000000000000000e+00
-3.701225585937500000e+02,1.587885589599609375e+02,0.000000000000000000e+00,0.000000000000000000e+00
-3.697737121582031250e+02,8.067424011230468750e+01,0.000000000000000000e+00,0.000000000000000000e+00
-3.693207397460937500e+02,1.583484344482421875e+02,0.000000000000000000e+00,0.000000000000000000e+00
-3.687653808593750000e+02,7.625585174560546875e+01,0.000000000000000000e+00,0.000000000000000000e+00
-3.682586669921875000e+02,7.941925811767578125e+01,0.000000000000000000e+00,0.000000000000000000e+00
-3.682366333007812500e+02,7.591933441162109375e+01,0.000000000000000000e+00,0.000000000000000000e+00
-3.678151855468750000e+02,7.962442016601562500e+01,0.000000000000000000e+00,0.000000000000000000e+00
-3.671455078125000000e+02,1.623081054687500000e+02,0.000000000000000000e+00,0.000000000000000000e+00
-3.671455078125000000e+02,1.623081054687500000e+02,0.000000000000000000e+00,0.000000000000000000e+00
-3.671228942871093750e+02,1.588081665039062500e+02,0.000000000000000000e+00,0.000000000000000000e+00
-3.671226196289062500e+02,1.588081665039062500e+02,0.000000000000000000e+00,0.000000000000000000e+00
-3.662587280273437500e+02,7.943183898925781250e+01,0.000000000000000000e+00,0.000000000000000000e+00
-3.662366943359375000e+02,7.593191528320312500e+01,0.000000000000000000e+00,0.000000000000000000e+00
-3.652421875000000000e+02,1.623205566406250000e+02,0.000000000000000000e+00,0.000000000000000000e+00
-3.652192993164062500e+02,1.588206176757812500e+02,0.000000000000000000e+00,0.000000000000000000e+00
-3.632587890625000000e+02,7.945071411132812500e+01,0.000000000000000000e+00,0.000000000000000000e+00
-3.632367553710937500e+02,7.595079040527343750e+01,0.000000000000000000e+00,0.000000000000000000e+00
-3.622422485351562500e+02,1.623401641845703125e+02,0.000000000000000000e+00,0.000000000000000000e+00
-3.622419738769531250e+02,1.623401641845703125e+02,0.000000000000000000e+00,0.000000000000000000e+00
-3.622193603515625000e+02,1.588402252197265625e+02,0.000000000000000000e+00,0.000000000000000000e+00
-3.606250915527343750e+02,1.586427917480468750e+02,0.000000000000000000e+00,0.000000000000000000e+00
-3.605316162109375000e+02,7.946786499023437500e+01,0.000000000000000000e+00,0.000000000000000000e+00
-3.605095825195312500e+02,7.596794128417968750e+01,0.000000000000000000e+00,0.000000000000000000e+00
-3.605095825195312500e+02,7.596794128417968750e+01,0.000000000000000000e+00,0.000000000000000000e+00
-3.602422790527343750e+02,1.623532257080078125e+02,0.000000000000000000e+00,0.000000000000000000e+00
-3.602193908691406250e+02,1.588532867431640625e+02,0.000000000000000000e+00,0.000000000000000000e+00
-3.590508117675781250e+02,7.966887664794921875e+01,0.000000000000000000e+00,0.000000000000000000e+00
-3.586612243652343750e+02,1.575894470214843750e+02,0.000000000000000000e+00,0.000000000000000000e+00
-3.586175231933593750e+02,1.616367340087890625e+02,0.000000000000000000e+00,0.000000000000000000e+00
-3.575316772460937500e+02,7.948674011230468750e+01,0.000000000000000000e+00,0.000000000000000000e+00
-3.575096435546875000e+02,7.598681640625000000e+01,0.000000000000000000e+00,0.000000000000000000e+00
-3.573168334960937500e+02,1.558120727539062500e+02,0.000000000000000000e+00,0.000000000000000000e+00
-3.572420349121093750e+02,1.623727111816406250e+02,0.000000000000000000e+00,0.000000000000000000e+00
-3.572197875976562500e+02,1.588727569580078125e+02,0.000000000000000000e+00,0.000000000000000000e+00
-3.571153259277343750e+02,8.073486328125000000e+01,0.000000000000000000e+00,0.000000000000000000e+00
-3.568781127929687500e+02,7.675473022460937500e+01,0.000000000000000000e+00,0.000000000000000000e+00
-3.568361816406250000e+02,1.536013336181640625e+02,0.000000000000000000e+00,0.000000000000000000e+00
-3.568361816406250000e+02,1.536015930175781250e+02,0.000000000000000000e+00,0.000000000000000000e+00
-3.567742919921875000e+02,1.506019744873046875e+02,0.000000000000000000e+00,0.000000000000000000e+00
-3.567124023437500000e+02,1.476026153564453125e+02,0.000000000000000000e+00,0.000000000000000000e+00
-3.566504821777343750e+02,1.446032562255859375e+02,0.000000000000000000e+00,0.000000000000000000e+00
-3.565885925292968750e+02,1.416038818359375000e+02,0.000000000000000000e+00,0.000000000000000000e+00
-3.565620117187500000e+02,1.560443878173828125e+02,0.000000000000000000e+00,0.000000000000000000e+00
-3.565267028808593750e+02,1.386045227050781250e+02,0.000000000000000000e+00,0.000000000000000000e+00
-3.564648132324218750e+02,1.356051635742187500e+02,0.000000000000000000e+00,0.000000000000000000e+00
-3.564029235839843750e+02,1.326058044433593750e+02,0.000000000000000000e+00,0.000000000000000000e+00
-3.563410034179687500e+02,1.296064453125000000e+02,0.000000000000000000e+00,0.000000000000000000e+00
-3.562791137695312500e+02,1.266070785522460938e+02,0.000000000000000000e+00,0.000000000000000000e+00
-3.562172241210937500e+02,1.236077194213867188e+02,0.000000000000000000e+00,0.000000000000000000e+00
-3.561553344726562500e+02,1.206083526611328125e+02,0.000000000000000000e+00,0.000000000000000000e+00
-3.560934448242187500e+02,1.176089935302734375e+02,0.000000000000000000e+00,0.000000000000000000e+00
-3.560315246582031250e+02,1.146096343994140625e+02,0.000000000000000000e+00,0.000000000000000000e+00
-3.559696350097656250e+02,1.116102752685546875e+02,0.000000000000000000e+00,0.000000000000000000e+00
-3.559077453613281250e+02,1.086109161376953125e+02,0.000000000000000000e+00,0.000000000000000000e+00
-3.558458557128906250e+02,1.056115493774414062e+02,0.000000000000000000e+00,0.000000000000000000e+00
-3.558206481933593750e+02,8.252545928955078125e+01,0.000000000000000000e+00,0.000000000000000000e+00
-3.557839660644531250e+02,1.026121902465820312e+02,0.000000000000000000e+00,0.000000000000000000e+00
-3.557220458984375000e+02,9.961282348632812500e+01,0.000000000000000000e+00,0.000000000000000000e+00
-3.556601562500000000e+02,9.661346435546875000e+01,0.000000000000000000e+00,0.000000000000000000e+00
-3.555982666015625000e+02,9.361410522460937500e+01,0.000000000000000000e+00,0.000000000000000000e+00
-3.555865783691406250e+02,1.594710998535156250e+02,0.000000000000000000e+00,0.000000000000000000e+00
-3.555363769531250000e+02,9.061474609375000000e+01,0.000000000000000000e+00,0.000000000000000000e+00
-3.554744873046875000e+02,8.761537933349609375e+01,0.000000000000000000e+00,0.000000000000000000e+00
-3.554147949218750000e+02,8.472434997558593750e+01,0.000000000000000000e+00,0.000000000000000000e+00
-3.554147949218750000e+02,8.472434997558593750e+01,0.000000000000000000e+00,0.000000000000000000e+00
-3.548457336425781250e+02,1.593694458007812500e+02,0.000000000000000000e+00,0.000000000000000000e+00
-3.546139526367187500e+02,8.112067413330078125e+01,0.000000000000000000e+00,0.000000000000000000e+00
-3.545314941406250000e+02,7.950537872314453125e+01,0.000000000000000000e+00,0.000000000000000000e+00
-3.545099487304687500e+02,7.600543975830078125e+01,0.000000000000000000e+00,0.000000000000000000e+00
-3.542420959472656250e+02,1.623917999267578125e+02,0.000000000000000000e+00,0.000000000000000000e+00
-3.542198181152343750e+02,1.588918609619140625e+02,0.000000000000000000e+00,0.000000000000000000e+00
-3.539060668945312500e+02,7.902801513671875000e+01,0.000000000000000000e+00,0.000000000000000000e+00
-3.537373352050781250e+02,1.562373504638671875e+02,0.000000000000000000e+00,0.000000000000000000e+00
-3.533369140625000000e+02,1.536735382080078125e+02,0.000000000000000000e+00,0.000000000000000000e+00
-3.532750244140625000e+02,1.506741790771484375e+02,0.000000000000000000e+00,0.000000000000000000e+00
-3.532131347656250000e+02,1.476748199462890625e+02,0.000000000000000000e+00,0.000000000000000000e+00
-3.531759338378906250e+02,1.551585998535156250e+02,0.000000000000000000e+00,0.000000000000000000e+00
-3.531512145996093750e+02,1.446754608154296875e+02,0.000000000000000000e+00,0.000000000000000000e+00
-3.530893249511718750e+02,1.416760864257812500e+02,0.000000000000000000e+00,0.000000000000000000e+00
-3.530274353027343750e+02,1.386767272949218750e+02,0.000000000000000000e+00,0.000000000000000000e+00
-3.529655456542968750e+02,1.356773681640625000e+02,0.000000000000000000e+00,0.000000000000000000e+00
-3.529036560058593750e+02,1.326780090332031250e+02,0.000000000000000000e+00,0.000000000000000000e+00
-3.528417358398437500e+02,1.296786499023437500e+02,0.000000000000000000e+00,0.000000000000000000e+00
-3.527798461914062500e+02,1.266792831420898438e+02,0.000000000000000000e+00,0.000000000000000000e+00
-3.527179565429687500e+02,1.236799240112304688e+02,0.000000000000000000e+00,0.000000000000000000e+00
-3.526560668945312500e+02,1.206805572509765625e+02,0.000000000000000000e+00,0.000000000000000000e+00
-3.525941772460937500e+02,1.176811981201171875e+02,0.000000000000000000e+00,0.000000000000000000e+00
-3.525322570800781250e+02,1.146818389892578125e+02,0.000000000000000000e+00,0.000000000000000000e+00
-3.524703674316406250e+02,1.116824798583984375e+02,0.000000000000000000e+00,0.000000000000000000e+00
-3.524084777832031250e+02,1.086831207275390625e+02,0.000000000000000000e+00,0.000000000000000000e+00
-3.523681335449218750e+02,7.814900970458984375e+01,0.000000000000000000e+00,0.000000000000000000e+00
-3.523465881347656250e+02,1.056837539672851562e+02,0.000000000000000000e+00,0.000000000000000000e+00
-3.522846984863281250e+02,1.026843948364257812e+02,0.000000000000000000e+00,0.000000000000000000e+00
-3.522227783203125000e+02,9.968502807617187500e+01,0.000000000000000000e+00,0.000000000000000000e+00
-3.521897583007812500e+02,8.235298919677734375e+01,0.000000000000000000e+00,0.000000000000000000e+00
-3.521625671386718750e+02,1.571220855712890625e+02,0.000000000000000000e+00,0.000000000000000000e+00
-3.521608886718750000e+02,9.668566894531250000e+01,0.000000000000000000e+00,0.000000000000000000e+00
-3.520989990234375000e+02,9.368630981445312500e+01,0.000000000000000000e+00,0.000000000000000000e+00
-3.520371093750000000e+02,9.068695068359375000e+01,0.000000000000000000e+00,0.000000000000000000e+00
-3.519752197265625000e+02,8.768758392333984375e+01,0.000000000000000000e+00,0.000000000000000000e+00
-3.519155273437500000e+02,8.479628753662109375e+01,0.000000000000000000e+00,0.000000000000000000e+00
-3.518735656738281250e+02,1.616426696777343750e+02,0.000000000000000000e+00,0.000000000000000000e+00
-3.515315551757812500e+02,7.952383422851562500e+01,0.000000000000000000e+00,0.000000000000000000e+00
-3.515100097656250000e+02,7.602389526367187500e+01,0.000000000000000000e+00,0.000000000000000000e+00
-3.514351196289062500e+02,8.258524322509765625e+01,0.000000000000000000e+00,0.000000000000000000e+00
-3.512418823242187500e+02,1.624106597900390625e+02,0.000000000000000000e+00,0.000000000000000000e+00
-3.512202148437500000e+02,1.589107208251953125e+02,0.000000000000000000e+00,0.000000000000000000e+00
-3.504075622558593750e+02,1.584644775390625000e+02,0.000000000000000000e+00,0.000000000000000000e+00
-3.500912170410156250e+02,8.080712127685546875e+01,0.000000000000000000e+00,0.000000000000000000e+00
-3.490866394042968750e+02,7.638652038574218750e+01,0.000000000000000000e+00,0.000000000000000000e+00
-3.485313720703125000e+02,7.954198455810546875e+01,0.000000000000000000e+00,0.000000000000000000e+00
-3.485103149414062500e+02,7.604204559326171875e+01,0.000000000000000000e+00,0.000000000000000000e+00
-3.484474792480468750e+02,1.275240421295166016e+01,0.000000000000000000e+00,0.000000000000000000e+00
-3.483925170898437500e+02,9.752907752990722656e+00,0.000000000000000000e+00,0.000000000000000000e+00
-3.483605041503906250e+02,8.005948066711425781e+00,0.000000000000000000e+00,0.000000000000000000e+00
-3.483605041503906250e+02,8.005948066711425781e+00,0.000000000000000000e+00,0.000000000000000000e+00
-3.483055725097656250e+02,5.006451606750488281e+00,0.000000000000000000e+00,0.000000000000000000e+00
-3.483055725097656250e+02,5.006451606750488281e+00,0.000000000000000000e+00,0.000000000000000000e+00
-3.482419433593750000e+02,1.624292297363281250e+02,0.000000000000000000e+00,0.000000000000000000e+00
-3.482419433593750000e+02,1.624292297363281250e+02,0.000000000000000000e+00,0.000000000000000000e+00
-3.482205505371093750e+02,1.589292907714843750e+02,0.000000000000000000e+00,0.000000000000000000e+00
-3.482202758789062500e+02,1.589292907714843750e+02,0.000000000000000000e+00,0.000000000000000000e+00
-3.481398315429687500e+02,1.624298706054687500e+02,0.000000000000000000e+00,0.000000000000000000e+00
-3.481275939941406250e+02,7.975255584716796875e+01,0.000000000000000000e+00,0.000000000000000000e+00
-3.481181640625000000e+02,1.589299316406250000e+02,0.000000000000000000e+00,0.000000000000000000e+00
-3.465314025878906250e+02,7.955400848388671875e+01,0.000000000000000000e+00,0.000000000000000000e+00
-3.465103454589843750e+02,7.605406951904296875e+01,0.000000000000000000e+00,0.000000000000000000e+00
-3.463217773437500000e+02,-2.826850414276123047e+00,-8.705762593308463693e-05,0.000000000000000000e+00
-3.462070312500000000e+02,-2.014715671539306641e+00,0.000000000000000000e+00,0.000000000000000000e+00
-3.459979553222656250e+02,-2.805795192718505859e+00,-7.528199785156175494e-05,0.000000000000000000e+00
-3.451398925781250000e+02,1.624484252929687500e+02,0.000000000000000000e+00,0.000000000000000000e+00
-3.451182250976562500e+02,1.589484863281250000e+02,0.000000000000000000e+00,0.000000000000000000e+00
-3.449480895996093750e+02,1.281651592254638672e+01,0.000000000000000000e+00,0.000000000000000000e+00
-3.448931274414062500e+02,9.817019462585449219e+00,0.000000000000000000e+00,0.000000000000000000e+00
-3.448708801269531250e+02,3.067323684692382812e+00,0.000000000000000000e+00,0.000000000000000000e+00
-3.448301086425781250e+02,6.377560615539550781e+00,0.000000000000000000e+00,0.000000000000000000e+00
-3.448073425292968750e+02,5.135054111480712891e+00,0.000000000000000000e+00,0.000000000000000000e+00
-3.435314636230468750e+02,7.957205200195312500e+01,0.000000000000000000e+00,0.000000000000000000e+00
-3.435104064941406250e+02,7.607211303710937500e+01,0.000000000000000000e+00,0.000000000000000000e+00
-3.421399536132812500e+02,1.624669952392578125e+02,0.000000000000000000e+00,0.000000000000000000e+00
-3.421396789550781250e+02,1.624669952392578125e+02,0.000000000000000000e+00,0.000000000000000000e+00
-3.421182861328125000e+02,1.589670562744140625e+02,0.000000000000000000e+00,0.000000000000000000e+00
-3.418481445312500000e+02,7.958217620849609375e+01,0.000000000000000000e+00,0.000000000000000000e+00
-3.418478698730468750e+02,7.958217620849609375e+01,0.000000000000000000e+00,0.000000000000000000e+00
-3.418270874023437500e+02,7.608223724365234375e+01,0.000000000000000000e+00,0.000000000000000000e+00
-3.418270874023437500e+02,7.608223724365234375e+01,0.000000000000000000e+00,0.000000000000000000e+00
-3.405894775390625000e+02,1.587781829833984375e+02,0.000000000000000000e+00,0.000000000000000000e+00
-3.399341735839843750e+02,1.629219818115234375e+02,0.000000000000000000e+00,0.000000000000000000e+00
-3.396447448730468750e+02,1.621482696533203125e+02,0.000000000000000000e+00,0.000000000000000000e+00
-3.396427612304687500e+02,8.003701019287109375e+01,0.000000000000000000e+00,0.000000000000000000e+00
-3.396010437011718750e+02,1.593212432861328125e+02,0.000000000000000000e+00,0.000000000000000000e+00
-3.388495483398437500e+02,7.960039520263671875e+01,0.000000000000000000e+00,0.000000000000000000e+00
-3.388258056640625000e+02,7.610047149658203125e+01,0.000000000000000000e+00,0.000000000000000000e+00
-3.386347351074218750e+02,1.577312164306640625e+02,0.000000000000000000e+00,0.000000000000000000e+00
-3.382051391601562500e+02,7.684589385986328125e+01,0.000000000000000000e+00,0.000000000000000000e+00
-3.381535339355468750e+02,1.642498626708984375e+02,0.000000000000000000e+00,0.000000000000000000e+00
-3.378626403808593750e+02,8.136499023437500000e+01,0.000000000000000000e+00,0.000000000000000000e+00
-3.374237060546875000e+02,1.713912200927734375e+02,0.000000000000000000e+00,0.000000000000000000e+00
-3.373068542480468750e+02,1.559553070068359375e+02,0.000000000000000000e+00,0.000000000000000000e+00
-3.370984191894531250e+02,1.662043609619140625e+02,0.000000000000000000e+00,0.000000000000000000e+00
-3.369068603515625000e+02,1.692189178466796875e+02,0.000000000000000000e+00,0.000000000000000000e+00
-3.369020080566406250e+02,1.677545166015625000e+02,0.000000000000000000e+00,0.000000000000000000e+00
-3.368953857421875000e+02,1.657545318603515625e+02,0.000000000000000000e+00,0.000000000000000000e+00
-3.368854370117187500e+02,1.627545013427734375e+02,0.000000000000000000e+00,0.000000000000000000e+00
-3.368753967285156250e+02,1.597545166015625000e+02,0.000000000000000000e+00,0.000000000000000000e+00
-3.368652038574218750e+02,1.567542266845703125e+02,0.000000000000000000e+00,0.000000000000000000e+00
-3.368546447753906250e+02,1.537542419433593750e+02,0.000000000000000000e+00,0.000000000000000000e+00
-3.368546447753906250e+02,1.537545166015625000e+02,0.000000000000000000e+00,0.000000000000000000e+00
-3.368444824218750000e+02,1.508677062988281250e+02,0.000000000000000000e+00,0.000000000000000000e+00
-3.368339233398437500e+02,1.478677215576171875e+02,0.000000000000000000e+00,0.000000000000000000e+00
-3.368233642578125000e+02,1.448677368164062500e+02,0.000000000000000000e+00,0.000000000000000000e+00
-3.368128356933593750e+02,1.418677520751953125e+02,0.000000000000000000e+00,0.000000000000000000e+00
-3.368082275390625000e+02,8.331960296630859375e+01,0.000000000000000000e+00,0.000000000000000000e+00
-3.368022766113281250e+02,1.388677825927734375e+02,0.000000000000000000e+00,0.000000000000000000e+00
-3.367917175292968750e+02,1.358677978515625000e+02,0.000000000000000000e+00,0.000000000000000000e+00
-3.367811889648437500e+02,1.328678131103515625e+02,0.000000000000000000e+00,0.000000000000000000e+00
-3.367706298828125000e+02,1.298678283691406250e+02,0.000000000000000000e+00,0.000000000000000000e+00
-3.367600708007812500e+02,1.268678436279296875e+02,0.000000000000000000e+00,0.000000000000000000e+00
-3.367495117187500000e+02,1.238678665161132812e+02,0.000000000000000000e+00,0.000000000000000000e+00
-3.367389831542968750e+02,1.208678817749023438e+02,0.000000000000000000e+00,0.000000000000000000e+00
-3.367284240722656250e+02,1.178678970336914062e+02,0.000000000000000000e+00,0.000000000000000000e+00
-3.367178649902343750e+02,1.148679199218750000e+02,0.000000000000000000e+00,0.000000000000000000e+00
-3.367073059082031250e+02,1.118679351806640625e+02,0.000000000000000000e+00,0.000000000000000000e+00
-3.366967773437500000e+02,1.088679580688476562e+02,0.000000000000000000e+00,0.000000000000000000e+00
-3.366862182617187500e+02,1.058679733276367188e+02,0.000000000000000000e+00,0.000000000000000000e+00
-3.366756591796875000e+02,1.028679885864257812e+02,0.000000000000000000e+00,0.000000000000000000e+00
-3.366651306152343750e+02,9.986801147460937500e+01,0.000000000000000000e+00,0.000000000000000000e+00
-3.366545715332031250e+02,9.686802673339843750e+01,0.000000000000000000e+00,0.000000000000000000e+00
-3.366440124511718750e+02,9.386804962158203125e+01,0.000000000000000000e+00,0.000000000000000000e+00
-3.366334533691406250e+02,9.086806488037109375e+01,0.000000000000000000e+00,0.000000000000000000e+00
-3.366229248046875000e+02,8.786808776855468750e+01,0.000000000000000000e+00,0.000000000000000000e+00
-3.366123657226562500e+02,8.486810302734375000e+01,0.000000000000000000e+00,0.000000000000000000e+00
-3.366123352050781250e+02,1.717420959472656250e+02,0.000000000000000000e+00,0.000000000000000000e+00
-3.363524169921875000e+02,1.603847045898437500e+02,0.000000000000000000e+00,0.000000000000000000e+00
-3.363341979980468750e+02,1.611247711181640625e+02,0.000000000000000000e+00,0.000000000000000000e+00
-3.362799987792968750e+02,8.243617248535156250e+01,0.000000000000000000e+00,0.000000000000000000e+00
-3.358594360351562500e+02,7.962956237792968750e+01,0.000000000000000000e+00,0.000000000000000000e+00
-3.358162231445312500e+02,7.612982177734375000e+01,0.000000000000000000e+00,0.000000000000000000e+00
-3.352138061523437500e+02,7.907725524902343750e+01,0.000000000000000000e+00,0.000000000000000000e+00
-3.344840698242187500e+02,7.915299987792968750e+01,0.000000000000000000e+00,0.000000000000000000e+00
-3.341315612792968750e+02,1.641370544433593750e+02,0.000000000000000000e+00,0.000000000000000000e+00
-3.341159667968750000e+02,1.573934173583984375e+02,0.000000000000000000e+00,0.000000000000000000e+00
-3.334418640136718750e+02,8.236164855957031250e+01,0.000000000000000000e+00,0.000000000000000000e+00
-3.334068603515625000e+02,1.692302551269531250e+02,0.000000000000000000e+00,0.000000000000000000e+00
-3.334068603515625000e+02,1.692302551269531250e+02,0.000000000000000000e+00,0.000000000000000000e+00
-3.334020080566406250e+02,1.677658386230468750e+02,0.000000000000000000e+00,0.000000000000000000e+00
-3.334020080566406250e+02,1.677661132812500000e+02,0.000000000000000000e+00,0.000000000000000000e+00
-3.333953857421875000e+02,1.657661285400390625e+02,0.000000000000000000e+00,0.000000000000000000e+00
-3.333854370117187500e+02,1.627661895751953125e+02,0.000000000000000000e+00,0.000000000000000000e+00
-3.333753967285156250e+02,1.597662048339843750e+02,0.000000000000000000e+00,0.000000000000000000e+00
-3.333652038574218750e+02,1.567665252685546875e+02,0.000000000000000000e+00,0.000000000000000000e+00
-3.333546447753906250e+02,1.537665405273437500e+02,0.000000000000000000e+00,0.000000000000000000e+00
-3.333546447753906250e+02,1.537665405273437500e+02,0.000000000000000000e+00,0.000000000000000000e+00
-3.333444824218750000e+02,1.508800048828125000e+02,0.000000000000000000e+00,0.000000000000000000e+00
-3.333339233398437500e+02,1.478800201416015625e+02,0.000000000000000000e+00,0.000000000000000000e+00
-3.333233642578125000e+02,1.448800354003906250e+02,0.000000000000000000e+00,0.000000000000000000e+00
-3.333128356933593750e+02,1.418800506591796875e+02,0.000000000000000000e+00,0.000000000000000000e+00
-3.333022766113281250e+02,1.388800811767578125e+02,0.000000000000000000e+00,0.000000000000000000e+00
-3.332917175292968750e+02,1.358800964355468750e+02,0.000000000000000000e+00,0.000000000000000000e+00
-3.332811889648437500e+02,1.328801116943359375e+02,0.000000000000000000e+00,0.000000000000000000e+00
-3.332706298828125000e+02,1.298801269531250000e+02,0.000000000000000000e+00,0.000000000000000000e+00
-3.332600708007812500e+02,1.268801574707031250e+02,0.000000000000000000e+00,0.000000000000000000e+00
-3.332495117187500000e+02,1.238801803588867188e+02,0.000000000000000000e+00,0.000000000000000000e+00
-3.332389831542968750e+02,1.208801956176757812e+02,0.000000000000000000e+00,0.000000000000000000e+00
-3.332284240722656250e+02,1.178802108764648438e+02,0.000000000000000000e+00,0.000000000000000000e+00
-3.332178649902343750e+02,1.148802337646484375e+02,0.000000000000000000e+00,0.000000000000000000e+00
-3.332073059082031250e+02,1.118802490234375000e+02,0.000000000000000000e+00,0.000000000000000000e+00
-3.331967773437500000e+02,1.088802719116210938e+02,0.000000000000000000e+00,0.000000000000000000e+00
-3.331862182617187500e+02,1.058802871704101562e+02,0.000000000000000000e+00,0.000000000000000000e+00
-3.331756591796875000e+02,1.028803024291992188e+02,0.000000000000000000e+00,0.000000000000000000e+00
-3.331651306152343750e+02,9.988032531738281250e+01,0.000000000000000000e+00,0.000000000000000000e+00
-3.331545715332031250e+02,9.688034057617187500e+01,0.000000000000000000e+00,0.000000000000000000e+00
-3.331440124511718750e+02,9.388036346435546875e+01,0.000000000000000000e+00,0.000000000000000000e+00
-3.331334533691406250e+02,9.088037872314453125e+01,0.000000000000000000e+00,0.000000000000000000e+00
-3.331229248046875000e+02,8.788040161132812500e+01,0.000000000000000000e+00,0.000000000000000000e+00
-3.331123657226562500e+02,8.488013458251953125e+01,0.000000000000000000e+00,0.000000000000000000e+00
-3.331123657226562500e+02,8.488041687011718750e+01,0.000000000000000000e+00,0.000000000000000000e+00
-3.329065551757812500e+02,1.714096679687500000e+02,0.000000000000000000e+00,0.000000000000000000e+00
-3.328623962402343750e+02,7.966722106933593750e+01,0.000000000000000000e+00,0.000000000000000000e+00
-3.328136901855468750e+02,7.616755676269531250e+01,0.000000000000000000e+00,0.000000000000000000e+00
-3.326529846191406250e+02,8.269266510009765625e+01,0.000000000000000000e+00,0.000000000000000000e+00
-3.314571228027343750e+02,7.695247650146484375e+01,0.000000000000000000e+00,0.000000000000000000e+00
-3.313146667480468750e+02,8.093512725830078125e+01,0.000000000000000000e+00,0.000000000000000000e+00
-3.298711547851562500e+02,7.971741485595703125e+01,0.000000000000000000e+00,0.000000000000000000e+00
-3.298057861328125000e+02,7.621802520751953125e+01,0.000000000000000000e+00,0.000000000000000000e+00
-3.293535461425781250e+02,7.991826629638671875e+01,0.000000000000000000e+00,0.000000000000000000e+00
-3.278716430664062500e+02,7.975477600097656250e+01,0.000000000000000000e+00,0.000000000000000000e+00
-3.278065795898437500e+02,7.625537872314453125e+01,0.000000000000000000e+00,0.000000000000000000e+00
-3.278062744140625000e+02,7.625538635253906250e+01,0.000000000000000000e+00,0.000000000000000000e+00
-3.248721618652343750e+02,7.981082153320312500e+01,0.000000000000000000e+00,0.000000000000000000e+00
-3.248067932128906250e+02,7.631143188476562500e+01,0.000000000000000000e+00,0.000000000000000000e+00
-3.218726806640625000e+02,7.986687469482421875e+01,0.000000000000000000e+00,0.000000000000000000e+00
-3.218073120117187500e+02,7.636748504638671875e+01,0.000000000000000000e+00,0.000000000000000000e+00
-3.188731994628906250e+02,7.992292022705078125e+01,0.000000000000000000e+00,0.000000000000000000e+00
-3.188078308105468750e+02,7.642353057861328125e+01,0.000000000000000000e+00,0.000000000000000000e+00
-3.179676208496093750e+02,7.993984222412109375e+01,0.000000000000000000e+00,0.000000000000000000e+00
-3.179022521972656250e+02,7.644045257568359375e+01,0.000000000000000000e+00,0.000000000000000000e+00
-3.179022521972656250e+02,7.644045257568359375e+01,0.000000000000000000e+00,0.000000000000000000e+00
-3.152302856445312500e+02,8.052433776855468750e+01,0.000000000000000000e+00,0.000000000000000000e+00
-3.151735534667968750e+02,7.592688751220703125e+01,0.000000000000000000e+00,0.000000000000000000e+00
-3.064036560058593750e+02,-7.589847087860107422e+00,0.000000000000000000e+00,0.000000000000000000e+00
-3.059846496582031250e+02,-7.451288700103759766e+00,0.000000000000000000e+00,0.000000000000000000e+00
-2.491432952880859375e+02,-7.100793361663818359e+00,0.000000000000000000e+00,0.000000000000000000e+00
-2.466709442138671875e+02,-1.959060668945312500e+00,0.000000000000000000e+00,0.000000000000000000e+00
-2.449017791748046875e+02,-7.143756866455078125e+00,0.000000000000000000e+00,0.000000000000000000e+00
-2.160723114013671875e+02,1.746917419433593750e+02,0.000000000000000000e+00,0.000000000000000000e+00
-2.157165069580078125e+02,1.746936645507812500e+02,0.000000000000000000e+00,0.000000000000000000e+00
-2.127165527343750000e+02,1.747099914550781250e+02,0.000000000000000000e+00,0.000000000000000000e+00
-2.097165985107421875e+02,1.747263031005859375e+02,0.000000000000000000e+00,0.000000000000000000e+00
-2.067166442871093750e+02,1.747426147460937500e+02,0.000000000000000000e+00,0.000000000000000000e+00
-2.037652282714843750e+02,1.747586669921875000e+02,0.000000000000000000e+00,0.000000000000000000e+00
-2.010208435058593750e+02,-6.823751449584960938e+00,0.000000000000000000e+00,0.000000000000000000e+00
-1.977877807617187500e+02,1.790813140869140625e+02,0.000000000000000000e+00,0.000000000000000000e+00
-1.965894470214843750e+02,-6.483310222625732422e+00,0.000000000000000000e+00,0.000000000000000000e+00
-1.950282592773437500e+02,1.740355224609375000e+02,0.000000000000000000e+00,0.000000000000000000e+00
-1.947879486083984375e+02,1.790965576171875000e+02,0.000000000000000000e+00,0.000000000000000000e+00
-1.947660675048828125e+02,1.748046264648437500e+02,0.000000000000000000e+00,0.000000000000000000e+00
-1.925581817626953125e+02,1.747714843750000000e+02,0.000000000000000000e+00,0.000000000000000000e+00
-1.917872161865234375e+02,1.791118621826171875e+02,0.000000000000000000e+00,0.000000000000000000e+00
-1.917653350830078125e+02,1.748199310302734375e+02,0.000000000000000000e+00,0.000000000000000000e+00
-1.892307586669921875e+02,1.791249084472656250e+02,0.000000000000000000e+00,0.000000000000000000e+00
-1.892088775634765625e+02,1.748329772949218750e+02,0.000000000000000000e+00,0.000000000000000000e+00
-1.862307891845703125e+02,1.791401977539062500e+02,0.000000000000000000e+00,0.000000000000000000e+00
-1.862089080810546875e+02,1.748482666015625000e+02,0.000000000000000000e+00,0.000000000000000000e+00
-1.832308349609375000e+02,1.791555023193359375e+02,0.000000000000000000e+00,0.000000000000000000e+00
-1.832089538574218750e+02,1.748635711669921875e+02,0.000000000000000000e+00,0.000000000000000000e+00
-1.802308654785156250e+02,1.791707916259765625e+02,0.000000000000000000e+00,0.000000000000000000e+00
-1.802089843750000000e+02,1.748788604736328125e+02,0.000000000000000000e+00,0.000000000000000000e+00
-1.772571716308593750e+02,1.748700103759765625e+02,0.000000000000000000e+00,0.000000000000000000e+00
-1.771828613281250000e+02,1.791613616943359375e+02,0.000000000000000000e+00,0.000000000000000000e+00
-1.743250122070312500e+02,1.747740173339843750e+02,0.000000000000000000e+00,0.000000000000000000e+00
-1.741184692382812500e+02,1.790610351562500000e+02,0.000000000000000000e+00,0.000000000000000000e+00
-1.713972167968750000e+02,1.745876770019531250e+02,0.000000000000000000e+00,0.000000000000000000e+00
-1.710586242675781250e+02,1.788663024902343750e+02,0.000000000000000000e+00,0.000000000000000000e+00
-1.684586944580078125e+02,1.743126068115234375e+02,0.000000000000000000e+00,0.000000000000000000e+00
-1.680234222412109375e+02,1.785824737548828125e+02,0.000000000000000000e+00,0.000000000000000000e+00
-1.653859100341796875e+02,1.784430389404296875e+02,0.000000000000000000e+00,0.000000000000000000e+00
-1.651124420166015625e+02,1.741597747802734375e+02,0.000000000000000000e+00,0.000000000000000000e+00
-1.629936676025390625e+02,1.789110870361328125e+02,0.000000000000000000e+00,0.000000000000000000e+00
-1.616327362060546875e+02,1.748405609130859375e+02,0.000000000000000000e+00,0.000000000000000000e+00
-1.605223541259765625e+02,1.800290832519531250e+02,0.000000000000000000e+00,0.000000000000000000e+00
-1.586341400146484375e+02,1.761747436523437500e+02,0.000000000000000000e+00,0.000000000000000000e+00
-1.581358184814453125e+02,1.813480834960937500e+02,0.000000000000000000e+00,0.000000000000000000e+00
-1.562165069580078125e+02,1.829039459228515625e+02,0.000000000000000000e+00,0.000000000000000000e+00
-1.557773895263671875e+02,1.777621154785156250e+02,0.000000000000000000e+00,0.000000000000000000e+00
-1.530601959228515625e+02,1.799954986572265625e+02,0.000000000000000000e+00,0.000000000000000000e+00
-7.093104553222656250e+01,2.260142087936401367e+00,0.000000000000000000e+00,0.000000000000000000e+00
-7.089503479003906250e+01,-3.200739145278930664e+00,0.000000000000000000e+00,0.000000000000000000e+00
-6.900365447998046875e+01,2.272852182388305664e+00,0.000000000000000000e+00,0.000000000000000000e+00
-6.896764373779296875e+01,-3.188029050827026367e+00,0.000000000000000000e+00,0.000000000000000000e+00
-6.600372314453125000e+01,2.292635202407836914e+00,0.000000000000000000e+00,0.000000000000000000e+00
-6.596771240234375000e+01,-3.168246030807495117e+00,0.000000000000000000e+00,0.000000000000000000e+00
-6.300392913818359375e+01,2.312551498413085938e+00,0.000000000000000000e+00,0.000000000000000000e+00
-6.296762847900390625e+01,-3.148327827453613281e+00,0.000000000000000000e+00,0.000000000000000000e+00
-6.000403594970703125e+01,2.332506895065307617e+00,0.000000000000000000e+00,0.000000000000000000e+00
-5.996765136718750000e+01,-3.128371953964233398e+00,0.000000000000000000e+00,0.000000000000000000e+00
-5.750409317016601562e+01,2.349163055419921875e+00,0.000000000000000000e+00,0.000000000000000000e+00
-5.746770858764648438e+01,-3.111715793609619141e+00,0.000000000000000000e+00,0.000000000000000000e+00
-5.658821487426757812e+01,2.355265378952026367e+00,0.000000000000000000e+00,0.000000000000000000e+00
-5.658792877197265625e+01,2.355267286300659180e+00,0.000000000000000000e+00,0.000000000000000000e+00
-5.655183029174804688e+01,-3.105613470077514648e+00,0.000000000000000000e+00,0.000000000000000000e+00
-5.655183029174804688e+01,-3.105613470077514648e+00,0.000000000000000000e+00,0.000000000000000000e+00
-5.479075241088867188e+01,2.581960678100585938e+00,0.000000000000000000e+00,0.000000000000000000e+00
-5.358750915527343750e+01,2.259482145309448242e+00,0.000000000000000000e+00,0.000000000000000000e+00
-5.355266571044921875e+01,-2.969855546951293945e+00,0.000000000000000000e+00,0.000000000000000000e+00
-5.309955215454101562e+01,3.513320207595825195e+00,0.000000000000000000e+00,0.000000000000000000e+00
-5.259093093872070312e+01,-2.064783811569213867e+00,0.000000000000000000e+00,0.000000000000000000e+00
-5.180385589599609375e+01,5.326122760772705078e+00,0.000000000000000000e+00,0.000000000000000000e+00
-5.149497222900390625e+01,1.017252445220947266e+01,0.000000000000000000e+00,0.000000000000000000e+00
-5.148482894897460938e+01,1.319390392303466797e+01,0.000000000000000000e+00,0.000000000000000000e+00
-5.146812438964843750e+01,7.151247024536132812e+00,0.000000000000000000e+00,0.000000000000000000e+00
-5.145420837402343750e+01,1.539267158508300781e+01,0.000000000000000000e+00,0.000000000000000000e+00
-5.145420837402343750e+01,1.539292907714843750e+01,0.000000000000000000e+00,0.000000000000000000e+00
-5.139526367187500000e+01,1.840002059936523438e+01,0.000000000000000000e+00,0.000000000000000000e+00
-5.131347274780273438e+01,2.141366767883300781e+01,0.000000000000000000e+00,0.000000000000000000e+00
-5.116917419433593750e+01,2.448402786254882812e+01,0.000000000000000000e+00,0.000000000000000000e+00
-5.106441497802734375e+01,4.068746566772460938e+00,0.000000000000000000e+00,0.000000000000000000e+00
-5.084904098510742188e+01,2.757090950012207031e+01,0.000000000000000000e+00,0.000000000000000000e+00
-5.063692092895507812e+01,1.900995635986328125e+01,0.000000000000000000e+00,0.000000000000000000e+00
-5.058495330810546875e+01,2.008716106414794922e+00,0.000000000000000000e+00,0.000000000000000000e+00
-5.055980300903320312e+01,2.957566261291503906e+01,0.000000000000000000e+00,0.000000000000000000e+00
-5.055798339843750000e+01,2.732881355285644531e+01,0.000000000000000000e+00,0.000000000000000000e+00
-5.055534362792968750e+01,-2.680368423461914062e+00,0.000000000000000000e+00,0.000000000000000000e+00
-5.012571716308593750e+01,3.254409027099609375e+01,0.000000000000000000e+00,0.000000000000000000e+00
-4.969163513183593750e+01,3.551251983642578125e+01,0.000000000000000000e+00,0.000000000000000000e+00
-4.963227081298828125e+01,6.672493219375610352e-01,0.000000000000000000e+00,0.000000000000000000e+00
-4.925754928588867188e+01,3.848094940185546875e+01,0.000000000000000000e+00,0.000000000000000000e+00
-4.921461105346679688e+01,8.315973281860351562e-01,0.000000000000000000e+00,0.000000000000000000e+00
-4.907020187377929688e+01,2.379034996032714844e+01,0.000000000000000000e+00,0.000000000000000000e+00
-4.882346725463867188e+01,4.144937896728515625e+01,0.000000000000000000e+00,0.000000000000000000e+00
-4.838938140869140625e+01,4.441780853271484375e+01,0.000000000000000000e+00,0.000000000000000000e+00
-4.834910202026367188e+01,2.196284866333007812e+01,0.000000000000000000e+00,0.000000000000000000e+00
-4.815866470336914062e+01,4.237573623657226562e+00,0.000000000000000000e+00,0.000000000000000000e+00
-4.799498748779296875e+01,1.018219852447509766e+01,0.000000000000000000e+00,0.000000000000000000e+00
-4.798498916625976562e+01,1.316074848175048828e+01,0.000000000000000000e+00,0.000000000000000000e+00
-4.796852111816406250e+01,7.203750610351562500e+00,0.000000000000000000e+00,0.000000000000000000e+00
-4.796852111816406250e+01,7.203751087188720703e+00,0.000000000000000000e+00,0.000000000000000000e+00
-4.795529937744140625e+01,4.738623428344726562e+01,0.000000000000000000e+00,0.000000000000000000e+00
-4.795480346679687500e+01,1.532833290100097656e+01,0.000000000000000000e+00,0.000000000000000000e+00
-4.795480346679687500e+01,1.532833290100097656e+01,0.000000000000000000e+00,0.000000000000000000e+00
-4.789617919921875000e+01,1.831982421875000000e+01,0.000000000000000000e+00,0.000000000000000000e+00
-4.781518936157226562e+01,2.130395317077636719e+01,0.000000000000000000e+00,0.000000000000000000e+00
-4.767866516113281250e+01,2.422645568847656250e+01,0.000000000000000000e+00,0.000000000000000000e+00
-4.763115692138671875e+01,4.842499732971191406e+00,0.000000000000000000e+00,0.000000000000000000e+00
-4.758306503295898438e+01,1.718935728073120117e+00,0.000000000000000000e+00,0.000000000000000000e+00
-4.755735397338867188e+01,-2.352703332901000977e+00,0.000000000000000000e+00,0.000000000000000000e+00
-4.752121353149414062e+01,5.035466384887695312e+01,0.000000000000000000e+00,0.000000000000000000e+00
-4.747010803222656250e+01,1.751955795288085938e+01,0.000000000000000000e+00,0.000000000000000000e+00
-4.737996292114257812e+01,2.710669136047363281e+01,0.000000000000000000e+00,0.000000000000000000e+00
-4.709666442871093750e+01,2.906902694702148438e+01,0.000000000000000000e+00,0.000000000000000000e+00
-4.709663772583007812e+01,2.906923103332519531e+01,0.000000000000000000e+00,0.000000000000000000e+00
-4.707664489746093750e+01,5.333362960815429688e+01,0.000000000000000000e+00,0.000000000000000000e+00
-4.687453842163085938e+01,2.698223495483398438e+01,0.000000000000000000e+00,0.000000000000000000e+00
-4.666255187988281250e+01,3.203765869140625000e+01,0.000000000000000000e+00,0.000000000000000000e+00
-4.660829162597656250e+01,5.631094360351562500e+01,0.000000000000000000e+00,0.000000000000000000e+00
-4.642277145385742188e+01,2.974403381347656250e+00,0.000000000000000000e+00,0.000000000000000000e+00
-4.622846984863281250e+01,3.500608825683593750e+01,0.000000000000000000e+00,0.000000000000000000e+00
-4.618333816528320312e+01,-1.331868529319763184e+00,0.000000000000000000e+00,0.000000000000000000e+00
-4.617389678955078125e+01,2.138764381408691406e+01,0.000000000000000000e+00,0.000000000000000000e+00
-4.611630249023437500e+01,5.928443145751953125e+01,0.000000000000000000e+00,0.000000000000000000e+00
-4.611186599731445312e+01,1.927123641967773438e+01,0.000000000000000000e+00,0.000000000000000000e+00
-4.579438400268554688e+01,3.797451782226562500e+01,0.000000000000000000e+00,0.000000000000000000e+00
-4.565732574462890625e+01,2.523437881469726562e+01,0.000000000000000000e+00,0.000000000000000000e+00
-4.560064697265625000e+01,6.225390625000000000e+01,0.000000000000000000e+00,0.000000000000000000e+00
-4.536030197143554688e+01,4.094294738769531250e+01,0.000000000000000000e+00,0.000000000000000000e+00
-4.506134796142578125e+01,6.521919250488281250e+01,0.000000000000000000e+00,0.000000000000000000e+00
-4.505046081542968750e+01,2.368019294738769531e+01,0.000000000000000000e+00,0.000000000000000000e+00
-4.492621612548828125e+01,4.391137695312500000e+01,0.000000000000000000e+00,0.000000000000000000e+00
-4.458103179931640625e+01,1.505573391914367676e+00,0.000000000000000000e+00,0.000000000000000000e+00
-4.455950164794921875e+01,-2.102989196777343750e+00,0.000000000000000000e+00,0.000000000000000000e+00
-4.453917312622070312e+01,1.779861211776733398e+00,0.000000000000000000e+00,0.000000000000000000e+00
-4.449850845336914062e+01,6.818009185791015625e+01,0.000000000000000000e+00,0.000000000000000000e+00
-4.449213409423828125e+01,4.687980270385742188e+01,0.000000000000000000e+00,0.000000000000000000e+00
-4.412895202636718750e+01,2.030368041992187500e+01,0.000000000000000000e+00,0.000000000000000000e+00
-4.405804824829101562e+01,4.984823226928710938e+01,0.000000000000000000e+00,0.000000000000000000e+00
-4.391208648681640625e+01,7.113641357421875000e+01,0.000000000000000000e+00,0.000000000000000000e+00
-4.373598098754882812e+01,2.417550849914550781e+01,0.000000000000000000e+00,0.000000000000000000e+00
-4.361701965332031250e+01,5.280353164672851562e+01,0.000000000000000000e+00,0.000000000000000000e+00
-4.330218124389648438e+01,7.408796691894531250e+01,0.000000000000000000e+00,0.000000000000000000e+00
-4.315299987792968750e+01,5.575332641601562500e+01,0.000000000000000000e+00,0.000000000000000000e+00
-4.266879272460937500e+01,7.703457641601562500e+01,0.000000000000000000e+00,0.000000000000000000e+00
-4.266555786132812500e+01,5.869933319091796875e+01,0.000000000000000000e+00,0.000000000000000000e+00
-4.258074188232421875e+01,1.463192462921142578e+00,0.000000000000000000e+00,0.000000000000000000e+00
-4.256012725830078125e+01,-2.036746740341186523e+00,0.000000000000000000e+00,0.000000000000000000e+00
-4.255986022949218750e+01,-2.036745071411132812e+00,0.000000000000000000e+00,0.000000000000000000e+00
-4.252777481079101562e+01,2.048708724975585938e+01,0.000000000000000000e+00,0.000000000000000000e+00
-4.252737426757812500e+01,2.048708152770996094e+01,0.000000000000000000e+00,0.000000000000000000e+00
-4.246761322021484375e+01,2.398657035827636719e+01,0.000000000000000000e+00,0.000000000000000000e+00
-4.215466308593750000e+01,6.164136505126953125e+01,0.000000000000000000e+00,0.000000000000000000e+00
-4.201197814941406250e+01,7.997605895996093750e+01,0.000000000000000000e+00,0.000000000000000000e+00
-4.162035369873046875e+01,6.457923889160156250e+01,0.000000000000000000e+00,0.000000000000000000e+00
-4.133177185058593750e+01,8.291221618652343750e+01,0.000000000000000000e+00,0.000000000000000000e+00
-4.106270980834960938e+01,6.751277923583984375e+01,0.000000000000000000e+00,0.000000000000000000e+00
-4.062820434570312500e+01,8.584287261962890625e+01,0.000000000000000000e+00,0.000000000000000000e+00
-4.048171234130859375e+01,7.044177246093750000e+01,0.000000000000000000e+00,0.000000000000000000e+00
-3.990136718750000000e+01,8.876782989501953125e+01,0.000000000000000000e+00,0.000000000000000000e+00
-3.987744522094726562e+01,7.336604309082031250e+01,0.000000000000000000e+00,0.000000000000000000e+00
-3.958168792724609375e+01,1.482505679130554199e+00,0.000000000000000000e+00,0.000000000000000000e+00
-3.955903625488281250e+01,-2.017421007156372070e+00,0.000000000000000000e+00,0.000000000000000000e+00
-3.952781295776367188e+01,2.043585777282714844e+01,0.000000000000000000e+00,0.000000000000000000e+00
-3.946805191040039062e+01,2.393534660339355469e+01,0.000000000000000000e+00,0.000000000000000000e+00
-3.924990844726562500e+01,7.628543090820312500e+01,0.000000000000000000e+00,0.000000000000000000e+00
-3.915125656127929688e+01,9.168691253662109375e+01,0.000000000000000000e+00,0.000000000000000000e+00
-3.859916687011718750e+01,7.919972229003906250e+01,0.000000000000000000e+00,0.000000000000000000e+00
-3.837793731689453125e+01,9.459993743896484375e+01,0.000000000000000000e+00,0.000000000000000000e+00
-3.792524719238281250e+01,8.210874938964843750e+01,0.000000000000000000e+00,0.000000000000000000e+00
-3.776849746704101562e+01,2.040581321716308594e+01,0.000000000000000000e+00,0.000000000000000000e+00
-3.776849746704101562e+01,2.040581321716308594e+01,0.000000000000000000e+00,0.000000000000000000e+00
-3.770873641967773438e+01,2.390530204772949219e+01,0.000000000000000000e+00,0.000000000000000000e+00
-3.770849990844726562e+01,2.390529823303222656e+01,0.000000000000000000e+00,0.000000000000000000e+00
-3.758186340332031250e+01,9.750556182861328125e+01,0.000000000000000000e+00,0.000000000000000000e+00
-3.722817993164062500e+01,8.501232147216796875e+01,0.000000000000000000e+00,0.000000000000000000e+00
-3.677956771850585938e+01,1.003962936401367188e+02,0.000000000000000000e+00,0.000000000000000000e+00
-3.658175277709960938e+01,1.501922965049743652e+00,0.000000000000000000e+00,0.000000000000000000e+00
-3.655910110473632812e+01,-1.998003840446472168e+00,0.000000000000000000e+00,0.000000000000000000e+00
-3.650805664062500000e+01,8.791024017333984375e+01,0.000000000000000000e+00,0.000000000000000000e+00
-3.597727203369140625e+01,1.032870254516601562e+02,0.000000000000000000e+00,0.000000000000000000e+00
-3.576488113403320312e+01,9.080234527587890625e+01,0.000000000000000000e+00,0.000000000000000000e+00
-3.537287521362304688e+01,2.423867225646972656e+01,0.000000000000000000e+00,0.000000000000000000e+00
-3.517498016357421875e+01,1.061777572631835938e+02,0.000000000000000000e+00,0.000000000000000000e+00
-3.499871063232421875e+01,9.368845367431640625e+01,0.000000000000000000e+00,0.000000000000000000e+00
-3.476893615722656250e+01,2.035458946228027344e+01,0.000000000000000000e+00,0.000000000000000000e+00
-3.470917510986328125e+01,2.385407829284667969e+01,0.000000000000000000e+00,0.000000000000000000e+00
-3.437268447875976562e+01,1.090684814453125000e+02,0.000000000000000000e+00,0.000000000000000000e+00
-3.420934295654296875e+01,9.656955718994140625e+01,0.000000000000000000e+00,0.000000000000000000e+00
-3.420433044433593750e+01,2.093950653076171875e+01,0.000000000000000000e+00,0.000000000000000000e+00
-3.358181381225585938e+01,1.521340131759643555e+00,0.000000000000000000e+00,0.000000000000000000e+00
-3.357038879394531250e+01,1.119592132568359375e+02,0.000000000000000000e+00,0.000000000000000000e+00
-3.355916213989257812e+01,-1.978586673736572266e+00,0.000000000000000000e+00,0.000000000000000000e+00
-3.340704727172851562e+01,9.946028900146484375e+01,0.000000000000000000e+00,0.000000000000000000e+00
-3.339693832397460938e+01,2.541386413574218750e+01,0.000000000000000000e+00,0.000000000000000000e+00
-3.276809692382812500e+01,1.148499450683593750e+02,0.000000000000000000e+00,0.000000000000000000e+00
-3.260475158691406250e+01,1.023510208129882812e+02,0.000000000000000000e+00,0.000000000000000000e+00
-3.201988983154296875e+01,2.725501632690429688e+01,0.000000000000000000e+00,0.000000000000000000e+00
-3.196580123901367188e+01,1.177406768798828125e+02,0.000000000000000000e+00,0.000000000000000000e+00
-3.180245971679687500e+01,1.052417526245117188e+02,0.000000000000000000e+00,0.000000000000000000e+00
-3.176889228820800781e+01,2.030383872985839844e+01,0.000000000000000000e+00,0.000000000000000000e+00
-3.171006965637207031e+01,2.380334281921386719e+01,0.000000000000000000e+00,0.000000000000000000e+00
-3.151308631896972656e+01,2.734835815429687500e+01,0.000000000000000000e+00,0.000000000000000000e+00
-3.146536254882812500e+01,2.921545600891113281e+01,0.000000000000000000e+00,0.000000000000000000e+00
-3.116350746154785156e+01,1.206314086914062500e+02,0.000000000000000000e+00,0.000000000000000000e+00
-3.105632400512695312e+01,2.281165122985839844e+01,0.000000000000000000e+00,0.000000000000000000e+00
-3.103417968750000000e+01,3.218430709838867188e+01,0.000000000000000000e+00,0.000000000000000000e+00
-3.100016403198242188e+01,1.081324768066406250e+02,0.000000000000000000e+00,0.000000000000000000e+00
-3.060299491882324219e+01,3.515315628051757812e+01,0.000000000000000000e+00,0.000000000000000000e+00
-3.058187866210937500e+01,1.540757417678833008e+00,0.000000000000000000e+00,0.000000000000000000e+00
-3.055922698974609375e+01,-1.959169387817382812e+00,0.000000000000000000e+00,0.000000000000000000e+00
-3.036121368408203125e+01,1.235221405029296875e+02,0.000000000000000000e+00,0.000000000000000000e+00
-3.024911117553710938e+01,2.374660301208496094e+01,0.000000000000000000e+00,0.000000000000000000e+00
-3.019787025451660156e+01,1.110232086181640625e+02,0.000000000000000000e+00,0.000000000000000000e+00
-3.017181205749511719e+01,3.812200927734375000e+01,0.000000000000000000e+00,0.000000000000000000e+00
-2.974062728881835938e+01,4.109086227416992188e+01,0.000000000000000000e+00,0.000000000000000000e+00
-2.955891799926757812e+01,1.264128723144531250e+02,0.000000000000000000e+00,0.000000000000000000e+00
-2.939557647705078125e+01,1.139139404296875000e+02,0.000000000000000000e+00,0.000000000000000000e+00
-2.930944442749023438e+01,4.405971145629882812e+01,0.000000000000000000e+00,0.000000000000000000e+00
-2.887825965881347656e+01,4.702856445312500000e+01,0.000000000000000000e+00,0.000000000000000000e+00
-2.886262321472167969e+01,2.574449539184570312e+01,0.000000000000000000e+00,0.000000000000000000e+00
-2.876931571960449219e+01,2.025341796875000000e+01,0.000000000000000000e+00,0.000000000000000000e+00
-2.875662422180175781e+01,1.293036041259765625e+02,0.000000000000000000e+00,0.000000000000000000e+00
-2.871049499511718750e+01,2.375292205810546875e+01,0.000000000000000000e+00,0.000000000000000000e+00
-2.859328079223632812e+01,1.168046722412109375e+02,0.000000000000000000e+00,0.000000000000000000e+00
-2.844707679748535156e+01,4.999741744995117188e+01,0.000000000000000000e+00,0.000000000000000000e+00
-2.801502418518066406e+01,5.296898651123046875e+01,0.000000000000000000e+00,0.000000000000000000e+00
-2.800173377990722656e+01,2.871219062805175781e+01,0.000000000000000000e+00,0.000000000000000000e+00
-2.800170135498046875e+01,2.871240806579589844e+01,0.000000000000000000e+00,0.000000000000000000e+00
-2.795433044433593750e+01,1.321943206787109375e+02,0.000000000000000000e+00,0.000000000000000000e+00
-2.779098701477050781e+01,1.196954040527343750e+02,0.000000000000000000e+00,0.000000000000000000e+00
-2.778930091857910156e+01,2.659949493408203125e+01,0.000000000000000000e+00,0.000000000000000000e+00
-2.758193969726562500e+01,1.560174703598022461e+00,0.000000000000000000e+00,0.000000000000000000e+00
-2.757051849365234375e+01,3.168125915527343750e+01,0.000000000000000000e+00,0.000000000000000000e+00
-2.756479835510253906e+01,5.594945907592773438e+01,0.000000000000000000e+00,0.000000000000000000e+00
-2.755928802490234375e+01,-1.939752101898193359e+00,0.000000000000000000e+00,0.000000000000000000e+00
-2.745794868469238281e+01,2.115532684326171875e+01,0.000000000000000000e+00,0.000000000000000000e+00
-2.715203475952148438e+01,1.350850677490234375e+02,0.000000000000000000e+00,0.000000000000000000e+00
-2.713933372497558594e+01,3.465011215209960938e+01,0.000000000000000000e+00,0.000000000000000000e+00
-2.709025764465332031e+01,5.892615890502929688e+01,0.000000000000000000e+00,0.000000000000000000e+00
-2.698869323730468750e+01,1.225861358642578125e+02,0.000000000000000000e+00,0.000000000000000000e+00
-2.670815086364746094e+01,3.761896514892578125e+01,0.000000000000000000e+00,0.000000000000000000e+00
-2.660570716857910156e+01,2.482456398010253906e+01,0.000000000000000000e+00,0.000000000000000000e+00
-2.659143257141113281e+01,6.189888381958007812e+01,0.000000000000000000e+00,0.000000000000000000e+00
-2.634974098205566406e+01,1.379757843017578125e+02,0.000000000000000000e+00,0.000000000000000000e+00
-2.627696609497070312e+01,4.058781814575195312e+01,0.000000000000000000e+00,0.000000000000000000e+00
-2.618639755249023438e+01,1.254768676757812500e+02,0.000000000000000000e+00,0.000000000000000000e+00
-2.606832122802734375e+01,6.486743927001953125e+01,0.000000000000000000e+00,0.000000000000000000e+00
-2.584578323364257812e+01,4.355666732788085938e+01,0.000000000000000000e+00,0.000000000000000000e+00
-2.576963233947753906e+01,2.020313262939453125e+01,0.000000000000000000e+00,0.000000000000000000e+00
-2.571102333068847656e+01,2.370264053344726562e+01,0.000000000000000000e+00,0.000000000000000000e+00
-2.554744720458984375e+01,1.408665313720703125e+02,0.000000000000000000e+00,0.000000000000000000e+00
-2.552098846435546875e+01,6.783161163330078125e+01,0.000000000000000000e+00,0.000000000000000000e+00
-2.541459846496582031e+01,4.652552032470703125e+01,0.000000000000000000e+00,0.000000000000000000e+00
-2.538410377502441406e+01,1.283675994873046875e+02,0.000000000000000000e+00,0.000000000000000000e+00
-2.498341560363769531e+01,4.949437332153320312e+01,0.000000000000000000e+00,0.000000000000000000e+00
-2.494946098327636719e+01,7.079122161865234375e+01,0.000000000000000000e+00,0.000000000000000000e+00
-2.474515151977539062e+01,1.437572479248046875e+02,0.000000000000000000e+00,0.000000000000000000e+00
-2.474074745178222656e+01,2.380941200256347656e+01,0.000000000000000000e+00,0.000000000000000000e+00
-2.458200454711914062e+01,1.579591870307922363e+00,0.000000000000000000e+00,0.000000000000000000e+00
-2.458180999755859375e+01,1.312583160400390625e+02,0.000000000000000000e+00,0.000000000000000000e+00
-2.455935287475585938e+01,-1.920334935188293457e+00,0.000000000000000000e+00,0.000000000000000000e+00
-2.455217552185058594e+01,5.246037292480468750e+01,0.000000000000000000e+00,0.000000000000000000e+00
-2.435377120971679688e+01,7.374605560302734375e+01,0.000000000000000000e+00,0.000000000000000000e+00
-2.410622215270996094e+01,5.541257858276367188e+01,0.000000000000000000e+00,0.000000000000000000e+00
-2.394285774230957031e+01,1.466479797363281250e+02,0.000000000000000000e+00,0.000000000000000000e+00
-2.377951431274414062e+01,1.341490631103515625e+02,0.000000000000000000e+00,0.000000000000000000e+00
-2.377030372619628906e+01,2.016964721679687500e+01,0.000000000000000000e+00,0.000000000000000000e+00
-2.376991271972656250e+01,2.016964149475097656e+01,0.000000000000000000e+00,0.000000000000000000e+00
-2.373397827148437500e+01,7.669593811035156250e+01,0.000000000000000000e+00,0.000000000000000000e+00
-2.371130371093750000e+01,2.366914939880371094e+01,0.000000000000000000e+00,0.000000000000000000e+00
-2.363618278503417969e+01,5.836104202270507812e+01,0.000000000000000000e+00,0.000000000000000000e+00
-2.314208793640136719e+01,6.130556869506835938e+01,0.000000000000000000e+00,0.000000000000000000e+00
-2.314056396484375000e+01,1.495387115478515625e+02,0.000000000000000000e+00,0.000000000000000000e+00
-2.309011840820312500e+01,7.964064788818359375e+01,0.000000000000000000e+00,0.000000000000000000e+00
-2.297722053527832031e+01,1.370397796630859375e+02,0.000000000000000000e+00,0.000000000000000000e+00
-2.262393951416015625e+01,6.424596405029296875e+01,0.000000000000000000e+00,0.000000000000000000e+00
-2.242218589782714844e+01,8.258000183105468750e+01,0.000000000000000000e+00,0.000000000000000000e+00
-2.233826828002929688e+01,1.524294433593750000e+02,0.000000000000000000e+00,0.000000000000000000e+00
-2.217492675781250000e+01,1.399305267333984375e+02,0.000000000000000000e+00,0.000000000000000000e+00
-2.208179473876953125e+01,6.718202972412109375e+01,0.000000000000000000e+00,0.000000000000000000e+00
-2.173030662536621094e+01,8.551380920410156250e+01,0.000000000000000000e+00,0.000000000000000000e+00
-2.158206748962402344e+01,1.599009156227111816e+00,0.000000000000000000e+00,0.000000000000000000e+00
-2.155941581726074219e+01,-1.900917649269104004e+00,0.000000000000000000e+00,0.000000000000000000e+00
-2.153597450256347656e+01,1.553201751708984375e+02,0.000000000000000000e+00,0.000000000000000000e+00
-2.151568794250488281e+01,7.011356353759765625e+01,0.000000000000000000e+00,0.000000000000000000e+00
-2.137263107299804688e+01,1.428212432861328125e+02,0.000000000000000000e+00,0.000000000000000000e+00
-2.101444816589355469e+01,8.844186401367187500e+01,0.000000000000000000e+00,0.000000000000000000e+00
-2.092564773559570312e+01,7.304038238525390625e+01,0.000000000000000000e+00,0.000000000000000000e+00
-2.077033233642578125e+01,2.011940574645996094e+01,0.000000000000000000e+00,0.000000000000000000e+00
-2.073368072509765625e+01,1.582109069824218750e+02,0.000000000000000000e+00,0.000000000000000000e+00
-2.071172332763671875e+01,2.361891365051269531e+01,0.000000000000000000e+00,0.000000000000000000e+00
-2.057033729553222656e+01,1.457119750976562500e+02,0.000000000000000000e+00,0.000000000000000000e+00
-2.031173706054687500e+01,7.596228027343750000e+01,0.000000000000000000e+00,0.000000000000000000e+00
-2.027473449707031250e+01,9.136396789550781250e+01,0.000000000000000000e+00,0.000000000000000000e+00
-1.993373489379882812e+01,1.610980834960937500e+02,0.000000000000000000e+00,0.000000000000000000e+00
-1.976804351806640625e+01,1.486027069091796875e+02,0.000000000000000000e+00,0.000000000000000000e+00
-1.967398071289062500e+01,7.887906646728515625e+01,0.000000000000000000e+00,0.000000000000000000e+00
-1.951116371154785156e+01,9.427994537353515625e+01,0.000000000000000000e+00,0.000000000000000000e+00
-1.926494026184082031e+01,1.635352630615234375e+02,0.000000000000000000e+00,0.000000000000000000e+00
-1.926486968994140625e+01,1.635355072021484375e+02,0.000000000000000000e+00,0.000000000000000000e+00
-1.901238441467285156e+01,8.179054260253906250e+01,0.000000000000000000e+00,0.000000000000000000e+00
-1.896574783325195312e+01,1.514934387207031250e+02,0.000000000000000000e+00,0.000000000000000000e+00
-1.872379875183105469e+01,9.718958282470703125e+01,0.000000000000000000e+00,0.000000000000000000e+00
-1.858212852478027344e+01,1.618426322937011719e+00,0.000000000000000000e+00,0.000000000000000000e+00
-1.855947685241699219e+01,-1.881500482559204102e+00,0.000000000000000000e+00,0.000000000000000000e+00
-1.847114372253417969e+01,1.664283447265625000e+02,0.000000000000000000e+00,0.000000000000000000e+00
-1.832706642150878906e+01,8.469651794433593750e+01,0.000000000000000000e+00,0.000000000000000000e+00
-1.816345405578613281e+01,1.543841705322265625e+02,0.000000000000000000e+00,0.000000000000000000e+00
-1.791267204284667969e+01,1.000926818847656250e+02,0.000000000000000000e+00,0.000000000000000000e+00
-1.781305885314941406e+01,2.006987953186035156e+01,0.000000000000000000e+00,0.000000000000000000e+00
-1.775427055358886719e+01,2.356938362121582031e+01,0.000000000000000000e+00,0.000000000000000000e+00
-1.767672538757324219e+01,1.693217620849609375e+02,0.000000000000000000e+00,0.000000000000000000e+00
-1.762038230895996094e+01,1.668314666748046875e+02,0.000000000000000000e+00,0.000000000000000000e+00
-1.761799812316894531e+01,8.759680175781250000e+01,0.000000000000000000e+00,0.000000000000000000e+00
-1.736116027832031250e+01,1.572749023437500000e+02,0.000000000000000000e+00,0.000000000000000000e+00
-1.708515167236328125e+01,1.029817199707031250e+02,0.000000000000000000e+00,0.000000000000000000e+00
-1.688529968261718750e+01,9.049119567871093750e+01,0.000000000000000000e+00,0.000000000000000000e+00
-1.688211059570312500e+01,1.722146148681640625e+02,0.000000000000000000e+00,0.000000000000000000e+00
-1.655906295776367188e+01,1.601698608398437500e+02,0.000000000000000000e+00,0.000000000000000000e+00
-1.625749206542968750e+01,1.058652877807617188e+02,0.000000000000000000e+00,0.000000000000000000e+00
-1.612897300720214844e+01,9.337950897216796875e+01,0.000000000000000000e+00,0.000000000000000000e+00
-1.608979034423828125e+01,1.751064758300781250e+02,0.000000000000000000e+00,0.000000000000000000e+00
-1.588968467712402344e+01,1.626091766357421875e+02,0.000000000000000000e+00,0.000000000000000000e+00
-1.588968467712402344e+01,1.626091766357421875e+02,0.000000000000000000e+00,0.000000000000000000e+00
-1.588768959045410156e+01,1.746502075195312500e+02,0.000000000000000000e+00,0.000000000000000000e+00
-1.561422443389892578e+01,2.397778701782226562e+01,0.000000000000000000e+00,0.000000000000000000e+00
-1.558219242095947266e+01,1.637843608856201172e+00,0.000000000000000000e+00,0.000000000000000000e+00
-1.556175994873046875e+01,1.770355072021484375e+02,0.000000000000000000e+00,0.000000000000000000e+00
-1.555953884124755859e+01,-1.862083196640014648e+00,0.000000000000000000e+00,0.000000000000000000e+00
-1.542983341217041016e+01,1.087488555908203125e+02,0.000000000000000000e+00,0.000000000000000000e+00
-1.534907722473144531e+01,9.626154327392578125e+01,0.000000000000000000e+00,0.000000000000000000e+00
-1.509588813781738281e+01,1.655022583007812500e+02,0.000000000000000000e+00,0.000000000000000000e+00
-1.503858661651611328e+01,1.710003356933593750e+02,0.000000000000000000e+00,0.000000000000000000e+00
-1.488573360443115234e+01,1.646470336914062500e+02,0.000000000000000000e+00,0.000000000000000000e+00
-1.487125873565673828e+01,1.798346557617187500e+02,0.000000000000000000e+00,0.000000000000000000e+00
-1.473620796203613281e+01,1.691794586181640625e+02,0.000000000000000000e+00,0.000000000000000000e+00
-1.460217475891113281e+01,1.116324310302734375e+02,0.000000000000000000e+00,0.000000000000000000e+00
-1.454564189910888672e+01,9.913711547851562500e+01,0.000000000000000000e+00,0.000000000000000000e+00
-1.442381858825683594e+01,1.826478271484375000e+02,0.000000000000000000e+00,0.000000000000000000e+00
-1.430173301696777344e+01,1.683946990966796875e+02,0.000000000000000000e+00,0.000000000000000000e+00
-1.412416553497314453e+01,2.081081199645996094e+01,0.000000000000000000e+00,0.000000000000000000e+00
-1.397742652893066406e+01,2.531853103637695312e+01,0.000000000000000000e+00,0.000000000000000000e+00
-1.377451515197753906e+01,1.145159988403320312e+02,0.000000000000000000e+00,0.000000000000000000e+00
-1.372098541259765625e+01,1.020161132812500000e+02,0.000000000000000000e+00,0.000000000000000000e+00
-1.350711727142333984e+01,1.712875518798828125e+02,0.000000000000000000e+00,0.000000000000000000e+00
-1.316579627990722656e+01,2.729745292663574219e+01,0.000000000000000000e+00,0.000000000000000000e+00
-1.315220165252685547e+01,1.660584106445312500e+02,0.000000000000000000e+00,0.000000000000000000e+00
-1.314380836486816406e+01,2.743490982055664062e+01,0.000000000000000000e+00,0.000000000000000000e+00
-1.294685649871826172e+01,1.173995742797851562e+02,0.000000000000000000e+00,0.000000000000000000e+00
-1.289332675933837891e+01,1.048996810913085938e+02,0.000000000000000000e+00,0.000000000000000000e+00
-1.271397495269775391e+01,1.741824340820312500e+02,0.000000000000000000e+00,0.000000000000000000e+00
-1.270069980621337891e+01,1.680708770751953125e+02,0.000000000000000000e+00,0.000000000000000000e+00
-1.266994571685791016e+01,3.039724922180175781e+01,0.000000000000000000e+00,0.000000000000000000e+00
-1.258225536346435547e+01,1.657260894775390625e+00,0.000000000000000000e+00,0.000000000000000000e+00
-1.255960178375244141e+01,-1.842665910720825195e+00,0.000000000000000000e+00,0.000000000000000000e+00
-1.232100009918212891e+01,1.738881988525390625e+02,0.000000000000000000e+00,0.000000000000000000e+00
-1.219608211517333984e+01,3.335958862304687500e+01,0.000000000000000000e+00,0.000000000000000000e+00
-1.218601894378662109e+01,1.761112060546875000e+02,0.000000000000000000e+00,0.000000000000000000e+00
-1.218594551086425781e+01,1.761114654541015625e+02,0.000000000000000000e+00,0.000000000000000000e+00
-1.211919784545898438e+01,1.202831420898437500e+02,0.000000000000000000e+00,0.000000000000000000e+00
-1.206566715240478516e+01,1.077832489013671875e+02,0.000000000000000000e+00,0.000000000000000000e+00
-1.172221946716308594e+01,3.632192993164062500e+01,0.000000000000000000e+00,0.000000000000000000e+00
-1.149114227294921875e+01,1.718473052978515625e+02,0.000000000000000000e+00,0.000000000000000000e+00
-1.144155406951904297e+01,1.791367187500000000e+02,0.000000000000000000e+00,0.000000000000000000e+00
-1.129153823852539062e+01,1.231667175292968750e+02,0.000000000000000000e+00,0.000000000000000000e+00
-1.124835586547851562e+01,3.928426742553710938e+01,0.000000000000000000e+00,0.000000000000000000e+00
-1.123800849914550781e+01,1.106668243408203125e+02,0.000000000000000000e+00,0.000000000000000000e+00
-1.116614341735839844e+01,2.323365783691406250e+01,0.000000000000000000e+00,0.000000000000000000e+00
-1.113846588134765625e+01,1.701216583251953125e+02,0.000000000000000000e+00,0.000000000000000000e+00
-1.098973274230957031e+01,1.666248168945312500e+02,0.000000000000000000e+00,0.000000000000000000e+00
-1.094681739807128906e+01,1.822472534179687500e+02,0.000000000000000000e+00,0.000000000000000000e+00
-1.077449321746826172e+01,4.224660491943359375e+01,0.000000000000000000e+00,0.000000000000000000e+00
-1.046387863159179688e+01,1.260502853393554688e+02,0.000000000000000000e+00,0.000000000000000000e+00
-1.041034889221191406e+01,1.135503921508789062e+02,0.000000000000000000e+00,0.000000000000000000e+00
-1.029686927795410156e+01,4.521535491943359375e+01,0.000000000000000000e+00,0.000000000000000000e+00
-9.863917350769042969e+00,1.703631439208984375e+02,0.000000000000000000e+00,0.000000000000000000e+00
-9.795867919921875000e+00,4.818864822387695312e+01,0.000000000000000000e+00,0.000000000000000000e+00
-9.709761619567871094e+00,2.674443435668945312e+01,0.000000000000000000e+00,0.000000000000000000e+00
-9.687746047973632812e+00,2.688206863403320312e+01,0.000000000000000000e+00,0.000000000000000000e+00
-9.636219978332519531e+00,1.289338531494140625e+02,0.000000000000000000e+00,0.000000000000000000e+00
-9.582690238952636719e+00,1.164339675903320312e+02,0.000000000000000000e+00,0.000000000000000000e+00
-9.582318305969238281e+00,1.676678061485290527e+00,0.000000000000000000e+00,0.000000000000000000e+00
-9.559664726257324219e+00,-1.823248744010925293e+00,0.000000000000000000e+00,0.000000000000000000e+00
-9.352581024169921875e+00,1.664390411376953125e+02,0.000000000000000000e+00,0.000000000000000000e+00
-9.352311134338378906e+00,1.664389801025390625e+02,0.000000000000000000e+00,0.000000000000000000e+00
-9.269069671630859375e+00,5.115747070312500000e+01,0.000000000000000000e+00,0.000000000000000000e+00
-9.213883399963378906e+00,2.984440803527832031e+01,0.000000000000000000e+00,0.000000000000000000e+00
-8.808560371398925781e+00,1.318174285888671875e+02,0.000000000000000000e+00,0.000000000000000000e+00
-8.755031585693359375e+00,1.193175354003906250e+02,0.000000000000000000e+00,0.000000000000000000e+00
-8.740019798278808594e+00,3.280674743652343750e+01,0.000000000000000000e+00,0.000000000000000000e+00
-8.716477394104003906e+00,5.412160491943359375e+01,0.000000000000000000e+00,0.000000000000000000e+00
-8.509699821472167969e+00,1.698360443115234375e+02,0.000000000000000000e+00,0.000000000000000000e+00
-8.266157150268554688e+00,3.576908874511718750e+01,0.000000000000000000e+00,0.000000000000000000e+00
-8.138151168823242188e+00,5.708082580566406250e+01,0.000000000000000000e+00,0.000000000000000000e+00
-7.980901718139648438e+00,1.347010040283203125e+02,0.000000000000000000e+00,0.000000000000000000e+00
-7.927371978759765625e+00,1.222011108398437500e+02,0.000000000000000000e+00,0.000000000000000000e+00
-7.792293548583984375e+00,3.873142623901367188e+01,0.000000000000000000e+00,0.000000000000000000e+00
-7.534090042114257812e+00,6.003490829467773438e+01,0.000000000000000000e+00,0.000000000000000000e+00
-7.318430900573730469e+00,4.169376373291015625e+01,0.000000000000000000e+00,0.000000000000000000e+00
-7.153242111206054688e+00,1.375845642089843750e+02,0.000000000000000000e+00,0.000000000000000000e+00
-7.099712371826171875e+00,1.250846786499023438e+02,0.000000000000000000e+00,0.000000000000000000e+00
-6.904386997222900391e+00,6.298362350463867188e+01,0.000000000000000000e+00,0.000000000000000000e+00
-6.843023300170898438e+00,4.464883422851562500e+01,0.000000000000000000e+00,0.000000000000000000e+00
-6.582383155822753906e+00,1.696095347404479980e+00,0.000000000000000000e+00,0.000000000000000000e+00
-6.559729576110839844e+00,-1.803831458091735840e+00,0.000000000000000000e+00,0.000000000000000000e+00
-6.440546989440917969e+00,1.657167358398437500e+02,0.000000000000000000e+00,0.000000000000000000e+00
-6.347076892852783203e+00,4.759212112426757812e+01,0.000000000000000000e+00,0.000000000000000000e+00
-6.325583457946777344e+00,1.404681396484375000e+02,0.000000000000000000e+00,0.000000000000000000e+00
-6.272053718566894531e+00,1.279682464599609375e+02,0.000000000000000000e+00,0.000000000000000000e+00
-6.249073028564453125e+00,6.592675781250000000e+01,0.000000000000000000e+00,0.000000000000000000e+00
-5.825595378875732422e+00,5.053099060058593750e+01,0.000000000000000000e+00,0.000000000000000000e+00
-5.597935676574707031e+00,1.691138000488281250e+02,0.000000000000000000e+00,0.000000000000000000e+00
-5.568208217620849609e+00,6.886407470703125000e+01,0.000000000000000000e+00,0.000000000000000000e+00
-5.497924804687500000e+00,1.433516998291015625e+02,0.000000000000000000e+00,0.000000000000000000e+00
-5.444394111633300781e+00,1.308518218994140625e+02,0.000000000000000000e+00,0.000000000000000000e+00
-5.278578758239746094e+00,5.346520996093750000e+01,0.000000000000000000e+00,0.000000000000000000e+00
-4.861855506896972656e+00,7.179537200927734375e+01,0.000000000000000000e+00,0.000000000000000000e+00
-4.719331741333007812e+00,1.652897949218750000e+02,0.000000000000000000e+00,0.000000000000000000e+00
-4.719331741333007812e+00,1.652897949218750000e+02,0.000000000000000000e+00,0.000000000000000000e+00
-4.719331741333007812e+00,1.652897949218750000e+02,0.000000000000000000e+00,0.000000000000000000e+00
-4.706087589263916016e+00,5.639456939697265625e+01,0.000000000000000000e+00,0.000000000000000000e+00
-4.670265197753906250e+00,1.462352752685546875e+02,0.000000000000000000e+00,0.000000000000000000e+00
-4.616735458374023438e+00,1.337353973388671875e+02,0.000000000000000000e+00,0.000000000000000000e+00
-4.130013465881347656e+00,7.472040557861328125e+01,0.000000000000000000e+00,0.000000000000000000e+00
-4.108121871948242188e+00,5.931884384155273438e+01,0.000000000000000000e+00,0.000000000000000000e+00
-3.876720666885375977e+00,1.686868591308593750e+02,0.000000000000000000e+00,0.000000000000000000e+00
-3.876463651657104492e+00,1.686867980957031250e+02,0.000000000000000000e+00,0.000000000000000000e+00
-3.842606306076049805e+00,1.491188507080078125e+02,0.000000000000000000e+00,0.000000000000000000e+00
-3.789076089859008789e+00,1.366189575195312500e+02,0.000000000000000000e+00,0.000000000000000000e+00
-3.582444190979003906e+00,1.715512514114379883e+00,0.000000000000000000e+00,0.000000000000000000e+00
-3.559790611267089844e+00,-1.784414291381835938e+00,0.000000000000000000e+00,0.000000000000000000e+00
-3.484773159027099609e+00,6.223780441284179688e+01,0.000000000000000000e+00,0.000000000000000000e+00
-3.372775077819824219e+00,7.763898468017578125e+01,0.000000000000000000e+00,0.000000000000000000e+00
-3.014946699142456055e+00,1.520024261474609375e+02,0.000000000000000000e+00,0.000000000000000000e+00
-2.961417436599731445e+00,1.395025329589843750e+02,0.000000000000000000e+00,0.000000000000000000e+00
-2.836071252822875977e+00,6.515124511718750000e+01,0.000000000000000000e+00,0.000000000000000000e+00
-2.712104797363281250e+00,1.643216705322265625e+02,0.000000000000000000e+00,0.000000000000000000e+00
-2.593724727630615234e+00,8.054560852050781250e+01,0.000000000000000000e+00,0.000000000000000000e+00
-2.189912796020507812e+00,1.548822937011718750e+02,0.000000000000000000e+00,0.000000000000000000e+00
-2.162077426910400391e+00,6.805892944335937500e+01,0.000000000000000000e+00,0.000000000000000000e+00
-2.133758783340454102e+00,1.423860931396484375e+02,0.000000000000000000e+00,0.000000000000000000e+00
-1.812432885169982910e+00,8.344208526611328125e+01,0.000000000000000000e+00,0.000000000000000000e+00
-1.807567358016967773e+00,1.645675506591796875e+02,0.000000000000000000e+00,0.000000000000000000e+00
-1.627149343490600586e+00,1.678012542724609375e+02,0.000000000000000000e+00,0.000000000000000000e+00
-1.609559655189514160e+00,1.685675964355468750e+02,0.000000000000000000e+00,0.000000000000000000e+00
-1.462851762771606445e+00,7.096063995361328125e+01,0.000000000000000000e+00,0.000000000000000000e+00
-1.380803942680358887e+00,1.577602233886718750e+02,0.000000000000000000e+00,0.000000000000000000e+00
-1.333684086799621582e+00,1.626014709472656250e+02,0.000000000000000000e+00,0.000000000000000000e+00
-1.306099176406860352e+00,1.452696685791015625e+02,0.000000000000000000e+00,0.000000000000000000e+00
-1.038635730743408203e+00,1.651144714355468750e+02,0.000000000000000000e+00,0.000000000000000000e+00
-1.034082889556884766e+00,1.590142211914062500e+02,0.000000000000000000e+00,0.000000000000000000e+00
-1.034013271331787109e+00,1.590144805908203125e+02,0.000000000000000000e+00,0.000000000000000000e+00
-1.031141161918640137e+00,8.633856201171875000e+01,0.000000000000000000e+00,0.000000000000000000e+00
-9.649562835693359375e-01,1.679646148681640625e+02,0.000000000000000000e+00,0.000000000000000000e+00
-8.315255641937255859e-01,1.604584655761718750e+02,0.000000000000000000e+00,0.000000000000000000e+00
-7.383947372436523438e-01,7.385616302490234375e+01,0.000000000000000000e+00,0.000000000000000000e+00
-5.825089812278747559e-01,1.734929800033569336e+00,0.000000000000000000e+00,0.000000000000000000e+00
-5.598555207252502441e-01,-1.764997005462646484e+00,0.000000000000000000e+00,0.000000000000000000e+00
-4.784405231475830078e-01,1.481532440185546875e+02,0.000000000000000000e+00,0.000000000000000000e+00
-2.498494386672973633e-01,8.923503875732421875e+01,0.000000000000000000e+00,0.000000000000000000e+00
-2.383651733398437500e-01,1.619067687988281250e+02,0.000000000000000000e+00,0.000000000000000000e+00
1.120293140411376953e-02,7.674529266357421875e+01,0.000000000000000000e+00,0.000000000000000000e+00
3.492190837860107422e-01,1.510368194580078125e+02,0.000000000000000000e+00,0.000000000000000000e+00
4.670611619949340820e-01,1.693918457031250000e+02,0.000000000000000000e+00,0.000000000000000000e+00
5.314425230026245117e-01,9.213152313232421875e+01,0.000000000000000000e+00,0.000000000000000000e+00
5.489772558212280273e-01,1.647946929931640625e+02,0.000000000000000000e+00,0.000000000000000000e+00
6.104847192764282227e-01,1.623088073730468750e+02,0.000000000000000000e+00,0.000000000000000000e+00
7.854993939399719238e-01,7.963409423828125000e+01,0.000000000000000000e+00,0.000000000000000000e+00
1.104100346565246582e+00,1.638452758789062500e+02,0.000000000000000000e+00,0.000000000000000000e+00
1.140771985054016113e+00,1.652774047851562500e+02,0.000000000000000000e+00,0.000000000000000000e+00
1.176607131958007812e+00,1.539249267578125000e+02,0.000000000000000000e+00,0.000000000000000000e+00
1.312734246253967285e+00,9.502799987792968750e+01,0.000000000000000000e+00,0.000000000000000000e+00
1.333664059638977051e+00,1.676902465820312500e+02,0.000000000000000000e+00,0.000000000000000000e+00
1.566791176795959473e+00,8.253057098388671875e+01,0.000000000000000000e+00,0.000000000000000000e+00
1.946866273880004883e+00,1.672423095703125000e+02,0.000000000000000000e+00,0.000000000000000000e+00
1.991399645805358887e+00,1.568230895996093750e+02,0.000000000000000000e+00,0.000000000000000000e+00
2.014582157135009766e+00,1.710033569335937500e+02,0.000000000000000000e+00,0.000000000000000000e+00
2.094026088714599609e+00,9.792447662353515625e+01,0.000000000000000000e+00,0.000000000000000000e+00
2.121722698211669922e+00,1.705872650146484375e+02,0.000000000000000000e+00,0.000000000000000000e+00
2.323870182037353516e+00,1.701212615966796875e+02,0.000000000000000000e+00,0.000000000000000000e+00
2.340555667877197266e+00,1.580858764648437500e+02,0.000000000000000000e+00,0.000000000000000000e+00
2.340555667877197266e+00,1.580858764648437500e+02,0.000000000000000000e+00,0.000000000000000000e+00
2.340555667877197266e+00,1.580858764648437500e+02,0.000000000000000000e+00,0.000000000000000000e+00
2.348083019256591797e+00,8.542704772949218750e+01,0.000000000000000000e+00,0.000000000000000000e+00
2.417429924011230469e+00,1.754347085952758789e+00,0.000000000000000000e+00,0.000000000000000000e+00
2.419130563735961914e+00,1.664867858886718750e+02,0.000000000000000000e+00,0.000000000000000000e+00
2.440083503723144531e+00,-1.745579719543457031e+00,0.000000000000000000e+00,0.000000000000000000e+00
2.555035591125488281e+00,1.618057250976562500e+02,0.000000000000000000e+00,0.000000000000000000e+00
2.647370815277099609e+00,1.725169677734375000e+02,0.000000000000000000e+00,0.000000000000000000e+00
2.875318050384521484e+00,1.008209533691406250e+02,0.000000000000000000e+00,0.000000000000000000e+00
3.129374504089355469e+00,8.832352447509765625e+01,0.000000000000000000e+00,0.000000000000000000e+00
3.136273384094238281e+00,1.609784240722656250e+02,0.000000000000000000e+00,0.000000000000000000e+00
3.179769277572631836e+00,1.664735412597656250e+02,0.000000000000000000e+00,0.000000000000000000e+00
3.345654249191284180e+00,1.601250457763671875e+02,0.000000000000000000e+00,0.000000000000000000e+00
3.432309389114379883e+00,1.754019775390625000e+02,0.000000000000000000e+00,0.000000000000000000e+00
3.492494583129882812e+00,1.646580505371093750e+02,0.000000000000000000e+00,0.000000000000000000e+00
3.656610012054443359e+00,1.037174301147460938e+02,0.000000000000000000e+00,0.000000000000000000e+00
3.910666465759277344e+00,9.122000885009765625e+01,0.000000000000000000e+00,0.000000000000000000e+00
3.927130222320556641e+00,1.638792266845703125e+02,0.000000000000000000e+00,0.000000000000000000e+00
4.015831470489501953e+00,1.631228942871093750e+02,0.000000000000000000e+00,0.000000000000000000e+00
4.103544712066650391e+00,1.782284851074218750e+02,0.000000000000000000e+00,0.000000000000000000e+00
4.437901020050048828e+00,1.066139068603515625e+02,0.000000000000000000e+00,0.000000000000000000e+00
4.621195793151855469e+00,1.810871124267578125e+02,0.000000000000000000e+00,0.000000000000000000e+00
4.691958427429199219e+00,9.411648559570312500e+01,0.000000000000000000e+00,0.000000000000000000e+00
4.711816787719726562e+00,1.667747802734375000e+02,0.000000000000000000e+00,0.000000000000000000e+00
4.858597755432128906e+00,1.665199279785156250e+02,0.000000000000000000e+00,0.000000000000000000e+00
4.995958328247070312e+00,1.691699371337890625e+02,0.000000000000000000e+00,0.000000000000000000e+00
5.079009056091308594e+00,1.615382690429687500e+02,0.000000000000000000e+00,0.000000000000000000e+00
5.219192981719970703e+00,1.095103836059570312e+02,0.000000000000000000e+00,0.000000000000000000e+00
5.417365074157714844e+00,1.773764252662658691e+00,0.000000000000000000e+00,0.000000000000000000e+00
5.440018653869628906e+00,-1.726162552833557129e+00,0.000000000000000000e+00,0.000000000000000000e+00
5.473250389099121094e+00,9.701296234130859375e+01,0.000000000000000000e+00,0.000000000000000000e+00
5.498677253723144531e+00,1.696673736572265625e+02,0.000000000000000000e+00,0.000000000000000000e+00
5.520900726318359375e+00,1.635482330322265625e+02,0.000000000000000000e+00,0.000000000000000000e+00
5.891054153442382812e+00,1.693726959228515625e+02,0.000000000000000000e+00,0.000000000000000000e+00
6.000484943389892578e+00,1.124068679809570312e+02,0.000000000000000000e+00,0.000000000000000000e+00
6.024252891540527344e+00,1.715968017578125000e+02,0.000000000000000000e+00,0.000000000000000000e+00
6.024325847625732422e+00,1.715970764160156250e+02,0.000000000000000000e+00,0.000000000000000000e+00
6.254541873931884766e+00,9.990943908691406250e+01,0.000000000000000000e+00,0.000000000000000000e+00
6.722242355346679688e+00,1.673314819335937500e+02,0.000000000000000000e+00,0.000000000000000000e+00
6.781776905059814453e+00,1.153033370971679688e+02,0.000000000000000000e+00,0.000000000000000000e+00
6.814524650573730469e+00,1.745016174316406250e+02,0.000000000000000000e+00,0.000000000000000000e+00
6.927461624145507812e+00,1.624004516601562500e+02,0.000000000000000000e+00,0.000000000000000000e+00
7.035833835601806641e+00,1.028059158325195312e+02,0.000000000000000000e+00,0.000000000000000000e+00
7.092151165008544922e+00,1.656013031005859375e+02,0.000000000000000000e+00,0.000000000000000000e+00
7.239076614379882812e+00,1.621043853759765625e+02,0.000000000000000000e+00,0.000000000000000000e+00
7.529435634613037109e+00,1.775120544433593750e+02,0.000000000000000000e+00,0.000000000000000000e+00
7.563067913055419922e+00,1.181998214721679688e+02,0.000000000000000000e+00,0.000000000000000000e+00
7.770381927490234375e+00,1.657974243164062500e+02,0.000000000000000000e+00,0.000000000000000000e+00
7.817124843597412109e+00,1.057023925781250000e+02,0.000000000000000000e+00,0.000000000000000000e+00
8.080769538879394531e+00,1.805566864013671875e+02,0.000000000000000000e+00,0.000000000000000000e+00
8.344359397888183594e+00,1.210962982177734375e+02,0.000000000000000000e+00,0.000000000000000000e+00
8.350328445434570312e+00,1.658459472656250000e+02,0.000000000000000000e+00,0.000000000000000000e+00
8.417304039001464844e+00,1.793181538581848145e+00,0.000000000000000000e+00,0.000000000000000000e+00
8.439957618713378906e+00,-1.706745266914367676e+00,0.000000000000000000e+00,0.000000000000000000e+00
8.598417282104492188e+00,1.085988693237304688e+02,0.000000000000000000e+00,0.000000000000000000e+00
8.868325233459472656e+00,1.619188537597656250e+02,0.000000000000000000e+00,0.000000000000000000e+00
8.868594169616699219e+00,1.619187927246093750e+02,0.000000000000000000e+00,0.000000000000000000e+00
9.125651359558105469e+00,1.239927749633789062e+02,0.000000000000000000e+00,0.000000000000000000e+00
9.379709243774414062e+00,1.114953536987304688e+02,0.000000000000000000e+00,0.000000000000000000e+00
9.711514472961425781e+00,1.653157653808593750e+02,0.000000000000000000e+00,0.000000000000000000e+00
9.906943321228027344e+00,1.268892517089843750e+02,0.000000000000000000e+00,0.000000000000000000e+00
1.016100120544433594e+01,1.143918228149414062e+02,0.000000000000000000e+00,0.000000000000000000e+00
1.068823528289794922e+01,1.297857208251953125e+02,0.000000000000000000e+00,0.000000000000000000e+00
1.094229221343994141e+01,1.172883071899414062e+02,0.000000000000000000e+00,0.000000000000000000e+00
1.141724300384521484e+01,1.812598705291748047e+00,0.000000000000000000e+00,0.000000000000000000e+00
1.143989658355712891e+01,-1.687328100204467773e+00,0.000000000000000000e+00,0.000000000000000000e+00
1.146952724456787109e+01,1.326822052001953125e+02,0.000000000000000000e+00,0.000000000000000000e+00
1.172358417510986328e+01,1.201847839355468750e+02,0.000000000000000000e+00,0.000000000000000000e+00
1.178029346466064453e+01,1.611962890625000000e+02,0.000000000000000000e+00,0.000000000000000000e+00
